RMS,Kurtosis,CrestFactor,P2P,CurrentAmp,DominantFreq,SpectralEnergy,Temp,Label
5.753737142253454,2.2260818368153155,2.8101971305579347,15.234796340100619,0.0,6.045650738653296,1817.3966486648983,33.23905611364569,1.0
4.533,0.367,2.33,9.907,0.91,5.17,925.71,33.56,0.0
5.684770580189176,2.143076569999063,2.795785475947687,15.063666310078556,0.0,6.043062292348415,1798.8729195375956,33.252104733231015,1.0
4.647222687318365,-0.987387982720159,1.8952662461859073,7.96095246004644,0.8609685620919046,6.669102166091953,1070.5858596625478,32.81649391292939,0.0
5.769303274346969,2.173852904075183,2.8050599602364525,15.41967857713333,0.0,6.071625947303536,1826.9139960426207,33.2487870727439,1.0
5.721040697938677,2.1671955710903608,2.8092848869659925,15.237618066452887,0.0,6.078028380592044,1816.4033521320653,33.232154549957365,1.0
4.3384848393630495,-0.36518508235177616,1.9019317526103081,7.5740024754211595,2.5209384483347925,6.1719037005946085,961.3281822944526,32.373320016937846,0.0
5.704919551454381,2.1815292458870683,2.8206239139980243,15.332531473377006,0.0,6.061279693403965,1836.1176342676179,33.2420839906652,1.0
4.7,-0.659,1.982,8.681,0.49,7.2,1070.84,32.38,0.0
5.755104612231304,2.1691457207163842,2.8122168351197168,15.448585948258264,0.0,6.058631154107852,1830.661565236576,33.24158290048123,1.0
4.314,0.02,2.047,8.226,0.56,8.0,1063.64,32.38,0.0
2.9350071946931466,-0.2288503088609688,2.016895037223598,5.63068489577609,0.0,3.9935250357319108,682.0653965398993,34.561236220838225,1.0
2.84779267688016,0.2891010293951742,1.9145343791706504,4.982288353089922,0.0,5.728957544899464,708.8181287698513,34.00503502268073,1.0
5.109182829979111,-0.39395230084638205,1.89489828362349,8.603677632202608,2.1656501333488127,6.655760043093118,967.3747121716502,32.88264107780154,0.0
4.641,-0.241,2.016,8.671,2.09,6.07,1031.22,33.75,0.0
4.654,-0.736,1.929,8.269,0.7,5.89,1075.27,32.75,0.0
4.760699503065397,-0.3600556914879546,2.0082130742440083,8.650030591342384,0.5813832636294459,7.74612916657997,1133.849260723604,32.75177902837967,0.0
4.512,-0.234,2.117,9.056,0.29,5.9,1066.65,32.44,0.0
5.768832988312113,2.131260581658542,2.8133346702249837,15.278738436330352,0.0,6.060608803381629,1794.6996008966619,33.228736911190936,1.0
5.708669349793621,2.1829903838196807,2.81185915401471,15.25955374112303,0.0,6.069894835992694,1816.4892332687223,33.23848627934301,1.0
4.769192335688994,0.14123023357053807,2.1197417667548666,9.702742432334395,0.4971639101214963,5.9816141183053,1093.178109317732,33.39116315176551,0.0
5.623913372963775,2.1459967813130914,2.804708660630184,15.269555081167184,0.0,6.082875933861028,1804.623115207045,33.234313026512275,1.0
2.867425034177608,0.2905850670564533,1.9107918904418257,5.1163012100700795,0.0,5.765911098399384,708.1005215434769,34.00316087809276,1.0
2.921127060500689,-0.2094797275059215,2.031979596002824,5.793567913727813,0.0,3.9927092617643547,670.032572252116,34.54666777346106,1.0
2.9506705542706375,-0.18569456497767997,2.0148074695667746,5.649523110398676,0.0,3.9888513517578916,653.1085257224146,34.54422322357005,1.0
4.269,-0.632,1.94,7.807,0.82,6.27,934.77,32.44,0.0
2.9663118668732724,-0.23026868769344067,2.032384519795116,5.80391596092157,0.0,4.001687476861598,686.7094198861226,34.543831440601366,1.0
4.799520531509551,-0.3120183628536164,2.0380038397291083,9.481452627889007,2.022161749005555,5.7569301274807065,1082.0283944012187,32.565735599472305,0.0
4.323514675049788,-0.7939883178835486,1.902380659244845,7.2768474173504085,0.4499162234776078,7.378015279059014,1108.4878449490463,32.49458177429989,0.0
4.255,-0.318,1.841,7.509,0.64,6.15,903.81,32.5,0.0
4.420761711026844,-0.0958557699081996,2.0051037276156354,8.524230772144861,0.5217906111328731,5.973372150002759,779.8652949286409,32.62323989914466,0.0
4.563453403027655,0.4569793502271738,2.170119911548126,9.046720042937519,0.4204272584597807,4.812502247735842,983.2830597619223,33.45182844098381,0.0
4.56859651180623,-0.6187549157768966,1.8831780519728525,7.882501689606888,0.6571540186145631,5.462900855924783,1032.0989976348556,32.55594415798468,0.0
4.790023595144272,0.512557609970943,2.513511461871323,11.140662529002626,1.5582615555386259,6.64314072383751,1147.8457845379955,33.73572330101669,0.0
2.9040459612936744,-0.2771084457187663,2.000500671398946,5.779962921174849,0.0,4.029530917983245,676.623210888419,34.57349111199367,1.0
4.80357798088646,-0.7518057342341109,1.8062801826253352,7.989199746915411,0.37447090064576877,6.655298504013512,1122.7287163040473,32.56400926829214,0.0
2.867266972588631,0.26002695079095894,1.905406164656771,4.985326043514684,0.0,5.735839055813342,707.1256774640284,34.002468423271765,1.0
2.8629939058827447,0.3123812550745721,1.8998518666917144,4.931968712928277,0.0,5.710144921639028,730.0152441110944,34.01850374924807,1.0
2.8747246742065506,0.31257488446659176,1.9187629637973678,5.031636643682136,0.0,5.727794349148117,693.237852330977,34.00975633406186,1.0
4.736,-0.555,1.881,8.142,1.79,6.33,1061.25,32.62,0.0
4.552,0.352,2.26,9.912,0.54,6.12,1011.36,32.44,0.0
2.9632065965129066,-0.24409289119188218,2.0329366150081993,5.916664992234879,0.0,3.999714323549321,693.7381541895302,34.56904010125103,1.0
4.806,-0.028,2.042,9.23,0.0,6.0,1071.89,32.56,0.0
4.693062977015415,-0.6879935400726472,1.9846585822928235,8.679337640804203,0.5188129737880421,7.2234864060640405,1073.582009888775,32.3843146084731,0.0
2.9274594008974852,0.30094474883883726,1.9129146639678283,4.945318812217386,0.0,5.678137873945228,723.2807514248582,34.024509634641596,1.0
4.120308442752767,0.03288761971038153,2.068781887830953,7.65875093020378,0.3355377716297107,5.8053706233294085,907.185945437963,32.43075549842521,0.0
4.545507128205649,-0.18601799506246428,2.2442581518343516,9.399416604328355,2.036912887643528,6.863346666685279,1042.6523710597396,32.37335141499208,0.0
4.704305900853515,-0.6815498518956516,1.9574359740097966,8.752882092412971,1.429262926461202,5.952429421643306,917.0646185745663,32.60344459413699,0.0
4.199,-0.695,1.96,7.455,0.77,6.18,966.33,32.38,0.0
5.658928523744002,2.153618200994528,2.7990380126719416,15.260855785157151,0.0,6.0582587515193795,1810.1397437935545,33.25416160584256,1.0
5.749987396160338,2.164532399655719,2.818553477679485,15.273845737818942,0.0,6.063355930663043,1816.3486947123104,33.25088512829309,1.0
4.629,-0.509,1.877,7.995,0.99,7.14,1090.5,32.56,0.0
2.9614240039057003,-0.2548932595681169,2.0344782672647117,5.8331595645547685,0.0,4.006782410530237,681.801741620411,34.576358227351065,1.0
4.526,-0.207,2.145,8.947,0.93,8.1,1071.21,32.5,0.0
4.505538445137955,-0.25725301784405863,2.1122899580324828,9.070261186335395,0.2871151347128341,5.885952529608396,1069.2447281186912,32.43771198672886,0.0
2.876618332144071,0.2720261811463592,1.9164889118912685,5.073683102254902,0.0,5.743672774944,706.2732180207487,34.01774534478161,1.0
5.776120803721062,2.192518780753819,2.801446403003914,15.215535550437796,0.0,6.036470668430775,1818.670227791864,33.23437725116752,1.0
2.93329733131572,-0.22732070637022772,2.0213866536177445,5.586528587316334,0.0,4.038917436968681,690.5228644737989,34.55639982342627,1.0
5.658900502187934,2.1735718695413317,2.793276211692571,15.193315820415737,0.0,6.062826475862395,1848.8437500663672,33.251400323368166,1.0
5.303,-0.133,1.897,8.58,0.0,3.83,1104.85,33.62,0.0
2.991412081596011,-0.24980086012004932,2.022082770937006,5.736975629834093,0.0,3.9823870115723796,683.5987266474473,34.56315459274535,1.0
4.816558415577288,-0.020576761082798448,2.039578843695896,9.200285057620203,0.0,6.041501226164422,1072.827945874557,32.56213634882247,0.0
2.872038322619826,0.2672948295711783,1.912043019451978,4.954539407669056,0.0,5.710065239535335,722.9567193224431,33.98940090328213,1.0
2.9347307149058657,-0.24059334412996458,2.051756293688304,5.830003728033686,0.0,4.007381356899498,678.6896780829246,34.54916877825642,1.0
5.722693323221317,2.1908195319239394,2.7978157103942496,15.197963361761953,0.0,6.055235833347223,1812.6168427999653,33.21831191079721,1.0
2.918759000102382,-0.20328256579247664,2.0127280660276723,5.564522035973295,0.0,3.968519988754526,680.2090830531864,34.53772186024937,1.0
4.3652173484087005,-0.5138057538391975,1.5642621212647643,5.651504383401318,0.49649554471602003,6.799717552207162,773.2181444467122,33.40352681569098,0.0
5.768799906999914,2.1659776770650256,2.799080847395716,15.287458375365789,0.0,6.066012037142771,1833.1972726833887,33.24925110252949,1.0
4.278,-0.359,2.034,8.237,0.93,6.86,974.24,32.44,0.0
5.7056589082877105,2.129205719015583,2.792542891480682,15.14200758158272,0.0,6.055016740765247,1830.900270871728,33.25807489686011,1.0
5.65871781449396,2.2295284755695133,2.787240594928052,15.230921893984778,0.0,6.064506122515246,1824.9312127059509,33.24484058317048,1.0
4.943,-0.179,2.12,10.108,0.37,6.64,1230.8,33.81,0.0
5.657774698796486,2.174899120631825,2.7895441422683036,15.335758165275525,0.0,6.101000621894081,1818.5530342154075,33.256686958901426,1.0
5.720082439747193,2.1961808297427607,2.822693298000088,15.20973495990542,0.0,6.056351116640667,1823.3528995643358,33.27076030556307,1.0
4.148509622406349,-0.6721882518836494,1.8199180557538204,7.333787444986915,0.18246589134208852,6.930866245811121,959.227625629695,32.44617936521127,0.0
4.625,0.051,2.163,9.268,1.07,6.3,971.56,33.31,0.0
5.6676680658049605,2.148654638893224,2.8071624209772437,15.18156996147138,0.0,6.027718349236327,1807.3999075367879,33.26313944701289,1.0
4.592829029679346,0.8785888505592829,2.222387915002054,8.957452948359903,0.47650906690167,6.195019999901397,1051.6917514132176,33.74744009451076,0.0
4.782,0.106,2.183,10.064,0.72,5.24,1071.86,33.69,0.0
2.9509457941725215,-0.2651422246627804,2.0211928248236055,5.593857409282352,0.0,4.008221540057265,672.4684183571694,34.56493938716561,1.0
4.425,-0.414,2.091,8.597,2.44,6.82,1122.25,32.38,0.0
4.42263002093935,-0.13751094392047078,2.013767147082695,8.17738837712312,0.013707070252086626,6.615992828905144,1041.9916968824864,32.30804074718466,0.0
5.676895761073121,2.1991810525402835,2.806400108714076,15.208215454923119,0.0,6.049630341435969,1828.4667440150183,33.233722708773584,1.0
5.72833712381213,2.1853478209216433,2.815567274238783,15.344701034234266,0.0,6.090399920523379,1808.7115664264268,33.267739367264134,1.0
2.8886397351092623,0.2979723012776944,1.9192972814865459,5.0987735543034995,0.0,5.742826896501862,726.466916570882,34.00301830408949,1.0
2.8711256397741325,0.2851554768164436,1.933765480590004,4.969890546325702,0.0,5.75243828415665,714.8257033125525,33.987536511822086,1.0
5.679823845151829,2.2348487683773848,2.8188479492551823,15.322896042803372,0.0,6.046628278203751,1824.196004181674,33.2462316009993,1.0
4.183263570641184,8.077657711800057,3.5528565097390756,13.963655087249151,2.4949947910227444,4.250871004497257,1155.7860982399955,32.435071497565716,0.0
5.012,0.011,2.036,9.83,0.72,6.69,1148.43,32.81,0.0
2.9475488473457037,-0.22372953940876902,2.0254662216048485,5.829450204134927,0.0,3.9668331454478234,679.2140472231264,34.557530241099165,1.0
5.7012299023497155,2.15003902815522,2.809239394275955,15.43720296162428,0.0,6.044796563684031,1815.0899511602452,33.24173289226054,1.0
5.713242518264405,2.187271152890147,2.8062712898312694,15.303905148571754,0.0,6.062605033280064,1832.7467403250703,33.242815617772386,1.0
4.614,0.148,2.029,8.453,0.29,6.36,993.67,32.5,0.0
4.462,-0.986,1.907,7.947,0.95,5.58,969.45,33.0,0.0
2.93191533991326,-0.19504741512853785,2.038724204169143,5.775027051748298,0.0,3.9903581965552894,662.2929063306811,34.56812238091591,1.0
2.8062701125015375,0.28068105970032525,1.9138392095960375,5.078817820675646,0.0,5.710933280981309,728.2986741639909,34.01311314440617,1.0
4.830295576128441,-0.15624819684341215,2.080565177553717,9.490010687091646,0.315885824297885,6.434788272673498,1165.8981950813577,32.492621784166026,0.0
2.8890147763680143,-0.2348893923995109,2.007834288324565,5.620438997038085,0.0,3.9857049509174987,682.2784263280579,34.55427766564541,1.0
2.8916014128926033,-0.26773366111113295,2.0241349550627574,5.804883920428751,0.0,3.999777796841757,706.2841560997816,34.55592760116049,1.0
2.8780365751708907,0.29046836417918864,1.9149534910979515,5.181160378750814,0.0,5.774461884852467,734.5425520119417,33.999071788601235,1.0
4.5587745814659515,0.603688581472786,2.2234308513688563,9.43040429583445,0.25599516952832435,6.0593075702272,1045.2975684661897,32.42952102023104,0.0
4.374758082559397,-0.4374539662823237,2.0631153252504144,8.559360288280526,0.6127066882507712,4.576908119148864,918.2302716381618,32.43413873696831,0.0
4.107392172893216,-0.4298084598394723,1.8750769280645057,7.279489877499414,0.6934427031161341,5.289515524777253,946.8496852506078,33.50385648811061,0.0
2.932255077779559,-0.23759732022055036,2.015686196665462,5.637681260841735,0.0,3.944807356609868,685.2174139536696,34.545286581118845,1.0
4.672,-0.676,1.863,8.254,0.77,6.48,1073.55,32.56,0.0
4.566085367728418,-0.6001881397230908,2.0265813611979824,9.062065276689745,2.355684814035839,6.858183369413716,1038.658995781894,32.359817048837435,0.0
4.657125739879805,-0.2750759683935601,2.015803185598934,8.848718900597994,0.4555323942685044,5.161734139663272,1014.7863706874737,33.756433515373516,0.0
4.799,-0.302,2.04,9.451,2.02,5.74,1085.26,32.56,0.0
4.524171747961707,-0.030180568568998395,2.05562570122806,8.64546492730187,1.500586464402526,6.885698153759912,1019.9784379742366,32.4361214790965,0.0
4.545731623495018,0.17989494564889535,2.2949289017396746,10.020468296016258,1.0819660424811623,6.453369712894234,1120.36289926091,32.4872244171314,0.0
3.313021023657053,-0.42015645019229436,1.5395048188002032,4.817083062232122,2.1697971926192956,6.54687993463649,617.6702530315735,32.939723529972724,0.0
2.9036483787956127,0.26989439757560013,1.9049887880072365,5.132079472483509,0.0,5.745546064324475,710.0065222624423,33.99424939455918,1.0
5.699023066566065,2.1784537738790735,2.8086350638580413,15.094486192375024,0.0,6.031374218514784,1810.141128918111,33.2426134185409,1.0
5.682809069886259,2.1464018221091434,2.793402830687807,15.50981674228785,0.0,6.040295888148745,1825.6557327278726,33.2468666718607,1.0
3.9309284509940206,-0.5746384271524619,1.8729872609673017,6.886286418503843,0.1898247502704036,6.038284723376461,885.4498186628858,32.435898762991954,0.0
4.582,-0.221,2.153,9.035,0.24,6.56,1006.66,33.81,0.0
2.8895242576245783,-0.21915378292359444,2.031247251130174,5.4845922920948835,0.0,3.949455599197092,691.3638942350943,34.55933395270459,1.0
4.391265708216545,-0.9289194090809887,1.8094187170504992,7.28954206053638,0.8222115718652573,5.985440032000176,1031.3859186829532,32.389459094683524,0.0
4.63,0.077,2.165,8.941,0.54,6.44,1075.82,33.56,0.0
5.688224098913191,2.185855306958469,2.788224410729602,15.267724965994644,0.0,6.054309414791382,1835.0869314867919,33.245566870799756,1.0
2.851472845838644,0.3066953833679022,1.9098141088656646,5.057032509324857,0.0,5.718050654213397,731.560174742776,34.015666558704794,1.0
2.940236349322909,0.3097446591332472,1.8994012779530272,5.007818438069344,0.0,5.705969086314771,704.1848606639171,33.98583012695236,1.0
2.896132435203961,-0.2108406511505324,2.0314446460508226,5.777201510271483,0.0,3.984926214555333,674.9447490980951,34.56881388371952,1.0
4.806472900684459,0.06313844454854844,2.0095485851687,9.07610496701237,0.3006346024479935,7.399521517987853,1126.172937444164,32.507407853433136,0.0
4.538,0.792,2.271,9.385,0.63,5.91,987.97,33.75,0.0
5.708416117577588,2.1276547090260434,2.811252180960823,15.209067468075796,0.0,6.101766501017406,1839.1664199371974,33.238133051790705,1.0
4.570177120528584,-0.5303702737644419,1.973708162970834,8.155789692479184,0.9529496211959889,8.271179232106354,1029.6332535066979,32.616674947340115,0.0
4.963071684697603,-0.5729127634859895,1.7733094217077998,8.522949019087752,0.17241572656709198,8.767039085329417,1027.0979040309044,33.205559433110224,0.0
5.738951060297911,2.1366367470552095,2.8031803134595004,15.304959177724154,0.0,6.060153034318392,1798.926206531758,33.24698075560241,1.0
4.801,-0.648,1.916,8.488,0.97,5.83,1043.57,33.69,0.0
5.7529166912889265,2.1610411709523527,2.8028654263907495,15.252442427144823,0.0,6.072114522906224,1819.1370142725814,33.280792452322366,1.0
2.912897574086933,-0.2789680044081169,2.0304498016415553,5.683913157720954,0.0,3.986499063251182,682.7254530331862,34.57413968148199,1.0
4.405622578435679,-1.2761845854557314,1.812539824391165,7.593863811526569,0.485547932567558,8.48386385934386,889.8151631020213,32.94517051650322,0.0
4.2369156467269535,-0.8144436110146807,1.8842149264079182,7.5698469251007445,0.0,8.075044822773506,945.8242654496214,32.491860266950056,0.0
4.795175904510815,-0.3123061014873762,2.003151438028375,9.054452944452741,0.6860129118907167,7.958972576179586,1083.8267820912465,32.55218958241642,0.0
5.679506564844865,2.1778556691538777,2.7928031762047034,15.276995027595436,0.0,6.095980256077964,1829.7802772757075,33.24892552751424,1.0
5.653493881543657,2.179870677104284,2.8043362033487793,15.196119258094505,0.0,6.064103491991827,1833.4270213849693,33.249153310308515,1.0
2.8766693558249132,0.264605824821371,1.9151563480935483,5.1322897271580254,0.0,5.7569779336818785,700.6988729827034,33.990974186862985,1.0
2.990903648177147,-0.21960345185078223,2.012589736457377,5.829660914465966,0.0,3.969087562196524,654.0015986055652,34.561370010459896,1.0
2.884680454851959,0.31041988904731665,1.9063466345007525,5.026900534928714,0.0,5.725786870911933,716.761231153085,33.98803371626053,1.0
5.687324761967422,2.1542348127656745,2.7969774359596347,15.294388034467744,0.0,6.06128194141451,1807.73294330377,33.26226415929243,1.0
3.804,1.942,2.393,8.489,1.05,4.39,628.86,33.12,0.0
2.8729280501040373,0.2942530339541782,1.910891709332618,5.230069996444539,0.0,5.6728571443987,706.1824931709232,34.00422714313888,1.0
4.501579795864746,0.22807333760517484,2.0704556697548013,8.356109716913707,1.754692570898714,5.176363519117163,1013.6319699262388,32.398044609055304,0.0
2.9330278306493316,-0.20800314466160752,2.038711575343905,6.028088213498977,0.0,3.9750705407223976,705.717986423822,34.56830060087561,1.0
4.112255099509598,-0.3010076244840629,1.952682149165081,7.650985643021212,0.2235883114874636,6.350331234900909,937.9106586492729,32.441957994415276,0.0
4.607055593936381,-0.7173770102287156,1.87639598653253,8.261017685238167,0.47924110807835507,6.498614031922277,1097.5473679127574,32.55257406686459,0.0
2.8489803752623852,0.29230946533002505,1.9161287076959266,5.07577551388291,0.0,5.747069202386376,700.5464081833804,34.016393733727604,1.0
4.612,-0.363,1.936,8.435,0.68,6.54,984.17,32.56,0.0
4.364,0.231,2.137,8.741,0.6,7.43,1132.38,32.44,0.0
5.782895360294377,2.18274492948771,2.8022289766939874,15.30626614535656,0.0,6.0332071232442654,1810.0720871131318,33.25329011691455,1.0
4.79425845534053,3.0912747151013753,3.102602774703684,14.216702999540088,0.3780467060560083,5.075322506603756,992.1597190808781,32.49543682291626,0.0
4.656388817651235,-0.5436266883200973,1.979046633096748,8.923128800932846,0.7803820923404773,6.500101114158616,1092.9660260708363,32.30964159265088,0.0
5.682725009425068,2.1510123204634026,2.813887144626351,15.244089275711323,0.0,6.07207382012404,1841.5407051167804,33.25801665118357,1.0
5.355,-0.455,1.824,8.13,0.0,7.99,1032.89,33.12,0.0
4.364,1.193,2.494,9.954,0.58,5.86,1008.86,32.38,0.0
4.661270515099485,0.36039147756762613,2.051162510552448,8.560106233827094,2.423783227587566,4.566293078295829,922.7293464598603,33.62539582703069,0.0
5.690567028675639,2.1692801116512714,2.817297016219457,15.302814174805755,0.0,6.032934719910521,1834.1057548810275,33.238212619700725,1.0
4.402460404255448,-0.369613647769799,2.033172229479399,8.124014709304037,0.5924054176234996,5.622750254299504,965.7377393475916,32.31974790769516,0.0
5.7347257066996145,2.2145609293754043,2.803785234021274,15.183519228122236,0.0,6.0872631179488055,1817.1498634485654,33.25270708423363,1.0
4.4916086340172585,0.15403160839466812,2.1116179449090455,8.057059815842301,0.222786901823162,6.210752361472595,987.34453552303,32.44271385535177,0.0
5.250693328573621,-0.7359508744040313,1.973232911928443,10.263857806372574,0.21335398226114702,12.603694102973964,1043.9314320386238,33.0964384993506,0.0
4.605,0.192,2.271,9.883,0.91,7.91,1171.27,32.44,0.0
2.9027531765747696,-0.2195981251582244,2.0287654585572557,5.822956523088217,0.0,4.000537614042097,672.0605855012975,34.54236301817478,1.0
2.874084170453293,0.33412488699489473,1.9021759239427907,5.069991249805368,0.0,5.696085978227443,711.5965904979332,34.00313539952059,1.0
5.746979304025219,2.1619813561079986,2.800876169513801,15.141871389904232,0.0,6.085524948497941,1803.754549687339,33.23799283127822,1.0
5.676876961100182,2.2188124878455353,2.810517197596993,15.247252061569801,0.0,6.084192560673744,1822.1528372180826,33.24205497252637,1.0
2.8754807335978976,-0.2188365686658098,2.0178330058943015,5.710888277903287,0.0,3.9618818887865928,707.6298683160294,34.5692815877207,1.0
4.617,-0.206,2.089,9.232,0.88,5.8,1050.67,32.5,0.0
5.67754360974011,2.1778659179890347,2.797565208865888,15.212524798940617,0.0,6.073114967976464,1847.2575828787699,33.23751456431518,1.0
2.9385060392364157,-0.20006222612391636,2.0406797663020253,5.766983380209068,0.0,3.999141495063832,687.3964031742522,34.568114851676945,1.0
4.9573834239168235,1.1006969896495447,2.46639789776079,11.769983169783508,0.3328049520214049,6.4435698410286735,1149.2475227207176,33.80710051033755,0.0
2.932743222491466,-0.2479903224777356,2.045474117975583,5.6736232272792675,0.0,3.9995111121763425,688.2478571061288,34.586971185041726,1.0
2.9170145117761317,-0.23197082896199248,2.0169456142148876,5.928485382420199,0.0,4.010643782863173,687.7562439667389,34.544034204832776,1.0
4.586529500096453,0.05726828778785155,2.2226118549326026,9.560721438604038,0.8845164269926298,6.456781093102322,999.9203152184741,32.70509101668701,0.0
2.9057496725237506,-0.2444546375161188,2.0371020121105747,5.932159577419639,0.0,3.995156236900393,659.5782116329812,34.55718893260021,1.0
4.4008709319440875,-0.36097157112079997,1.8098146724388229,7.829744896689697,0.8772517521917785,7.4868192186573035,992.0362997938595,32.42742643031576,0.0
2.9611826248934956,-0.2615634349022371,2.0303190765820447,5.945548587565901,0.0,3.988510931831803,686.5853261375246,34.57331362542791,1.0
4.40821863324183,0.04392014061167171,2.1038911877968114,8.128963695421065,0.33970353783365703,6.445789433961669,996.4933890668772,32.36865752023897,0.0
2.982820025801714,-0.24845359822402693,2.0198911880014725,5.834739571782887,0.0,3.9883637840534005,672.9226115652484,34.5432854595162,1.0
5.687343590463793,2.1550094640079545,2.7958005993690134,15.14931498027053,0.0,6.044256085964462,1816.4923835510347,33.226457471694516,1.0
4.4367963718136165,-0.24664720701186738,2.1406287641887967,9.002754253849737,2.2134156058771692,6.354457637974114,1027.5602398066278,32.37360569775349,0.0
5.702044316496768,2.150501118612375,2.821955155696821,15.265055474959574,0.0,6.022257844086962,1819.790431677932,33.26131029753731,1.0
2.8348467916014,0.3084642111735284,1.9085639566605415,4.8689125666082615,0.0,5.715569253024029,728.3143211187956,34.007504334986024,1.0
4.364385537662552,18.84257698906116,4.3619078336838575,18.50031298410001,1.7581772693221986,7.429992143450925,941.6748752345485,32.429675892912734,0.0
4.765126002935639,-0.2585861280064422,2.067406270336801,9.037501010951813,1.754403466241883,7.537715582683766,1194.2798284713863,32.37038002696536,0.0
2.8741610519359373,0.2567294769338573,1.9232828025510134,5.257279902610838,0.0,5.711684182909373,735.2744588180414,34.000835507605906,1.0
2.847462440572293,0.30704469502313814,1.9046962541404426,5.255455383181166,0.0,5.727114279053333,749.8883812204692,33.97597855140829,1.0
2.9494045150939114,-0.2576673056238349,2.01791031760446,5.682192540844854,0.0,4.025181219437515,679.0488684727553,34.56463361481808,1.0
2.894958670505329,0.3293985082306064,1.8973798027318571,5.100450587292785,0.0,5.698849589113854,719.0469006094336,33.981774970981576,1.0
4.565146949969198,-0.3722786114859877,1.8721720399771289,8.205038637221456,0.005561581520620669,4.98587539988293,891.7794729802246,33.80314750606144,0.0
4.573,0.048,2.225,9.607,0.91,6.48,999.21,32.69,0.0
2.9137195861443312,-0.21443788575097583,2.0187571572250333,5.60943983649974,0.0,3.959226498508128,673.471339344461,34.54929734456886,1.0
4.649,-0.937,1.872,7.935,0.99,5.85,1034.49,32.56,0.0
4.278,-0.094,2.091,8.499,0.22,7.84,1016.19,32.38,0.0
4.143655402670902,-0.150515255166294,2.1090862823386662,8.255488981110567,0.4178726371327832,5.226218134391416,925.4701340933171,32.43601151587789,0.0
2.952335939877636,-0.22831491622136224,2.041148479560421,6.03501162156113,0.0,3.999862323866038,691.6731040970417,34.509757849511566,1.0
4.512802538814381,-0.45675589001388156,1.9642852425768125,8.363669334953713,0.9839186092844872,6.784621152539019,977.6023496834318,33.4531365570392,0.0
4.456937216504535,-0.9592257480547512,1.9051113528097658,7.934390881132762,0.9397615888882577,5.561660190434549,972.9856924574656,32.99287487900954,0.0
5.67731503087479,2.206355166109181,2.8142761861151526,15.232225579041692,0.0,6.050873690166593,1820.2293402511848,33.23292866879169,1.0
2.9947451621700485,-0.20677119621021306,2.043191176867734,5.807460960241685,0.0,3.9838008888162757,677.16297443407,34.56196446334114,1.0
4.581531115336332,-0.16908672512709558,1.972870909630335,8.509780611127832,0.7518125556026346,6.975962851594337,1067.1999605985554,33.804480451465196,0.0
4.49,-0.441,2.0,8.546,0.54,6.14,1004.35,32.31,0.0
4.527175435279262,-0.3761234180922497,1.9800026132533728,8.033816834547926,1.4878716467613813,6.737716324178509,1034.3988707574938,32.38478782574455,0.0
4.741303593485616,-0.5390578855555593,1.8879901680133622,8.467311438375924,2.050309010948205,5.879544542495936,1009.073536216112,32.36795323922658,0.0
4.772,-0.656,1.884,8.388,0.61,7.81,1116.43,32.56,0.0
2.8835539876645737,-0.2648357747233835,2.0282029862450015,5.672184075393796,0.0,3.953373167771262,684.6533934636517,34.58242651137879,1.0
5.671447479500531,2.151852155596033,2.8003608317224216,15.158224920803308,0.0,6.045841681166925,1813.2335940848936,33.2551800619821,1.0
2.911865182004517,0.31424971842572164,1.9132173105941954,5.089630756325562,0.0,5.763801493700418,711.3823870170818,33.993662014924276,1.0
4.181,-0.347,1.884,7.062,0.36,6.97,975.51,32.44,0.0
2.836575874191896,0.30440882385811974,1.9051365093371555,5.339827376884134,0.0,5.717315197855028,725.6220462102644,34.00817769162959,1.0
4.423,-0.3,1.884,7.978,0.61,5.76,952.28,32.38,0.0
5.236,-0.709,1.682,8.373,1.22,7.65,1067.25,32.94,0.0
4.739,-0.525,1.889,8.48,2.04,5.87,1005.87,32.38,0.0
4.788148503532947,0.15747644752303483,2.1862193608571645,10.062277280127338,0.6997385547626604,5.279475426931415,1074.4464994190014,33.69826156411599,0.0
2.8515218594105276,0.27883193786810995,1.9222443280863732,5.01917075654425,0.0,5.742729329321385,720.0076223290774,33.99668374874178,1.0
2.919367125714629,-0.26280306284979577,2.0056705267437964,5.851465163238617,0.0,3.9930685996774797,671.3540302855304,34.5648478703441,1.0
4.644,-0.087,2.187,9.676,0.92,6.36,1032.68,33.56,0.0
4.349348400275914,-0.2746599533815276,2.0648447915484764,8.366148404039647,0.005953082169170344,6.036737323590294,982.6177541940714,32.509204300354334,0.0
2.9466990259911237,-0.21263783720136178,2.0355333699936824,5.846368999166363,0.0,3.974800219475583,680.397923528957,34.56846418673658,1.0
4.264864046996565,0.16748144669127804,2.2276638591982434,8.960098537838407,2.129213954359699,6.31966735001781,1001.6465971935824,32.382910690876884,0.0
4.462,-0.553,1.973,8.219,1.87,6.36,963.65,32.38,0.0
4.378362697668368,-0.8887851650734991,1.8051734703768831,7.342960726793736,0.7959710866310891,5.969097200106039,1030.032997035424,32.37592049057632,0.0
5.747079307077566,2.1756931890801265,2.792047908543247,15.345438082846048,0.0,6.048195706596477,1799.8442599729924,33.24752448844946,1.0
5.712017330008139,2.154910793585143,2.8114969832848047,15.283085615247247,0.0,6.078642103307708,1811.7484052393172,33.257054514576126,1.0
2.968605414736887,-0.2590725930408456,2.0176461050624144,5.851433058350713,0.0,3.9666597747395964,681.5286056581315,34.56532120423291,1.0
4.76130012023085,-0.320492978127998,2.0118963862746795,8.588136223895095,0.5322429384554417,7.690234358742127,1133.351855467378,32.76471137763782,0.0
4.231,-0.236,1.908,7.308,0.82,6.27,901.72,32.5,0.0
5.761331865989192,2.1890897812935073,2.805402415389206,15.110263867315288,0.0,6.044358051517386,1810.212309623408,33.27187031588559,1.0
4.615,0.356,2.208,9.335,0.98,6.06,1048.63,33.75,0.0
2.930172507868035,-0.2302515941916715,2.0223793415346574,5.657236893105071,0.0,3.9613311650798977,670.2818298768829,34.58005626363476,1.0
4.539,0.435,2.123,9.052,0.29,7.28,1025.14,32.56,0.0
5.725507708301405,2.251419275294103,2.7974895883975086,15.19486033484784,0.0,6.022851013248066,1833.0845791741938,33.2492690317593,1.0
2.9405612977976285,0.3370115403576408,1.910242129766478,5.1399298358926675,0.0,5.7775345478865905,714.3028255233135,34.01296105786456,1.0
5.706996579167792,2.1610953055623483,2.820376425166572,15.365493725627971,0.0,6.043560587746004,1830.545374629509,33.26923062481372,1.0
4.549,-0.056,2.15,9.351,0.9,6.64,985.42,33.5,0.0
5.705928760317564,2.165413597663674,2.8053584600078576,15.189202668493431,0.0,6.088878588583292,1807.9364467594526,33.245699135639754,1.0
4.431014595145383,-0.2868298441675651,2.0458748689932547,8.165929884444767,0.3466788073990673,6.626208658883826,1006.3813858153176,32.36716376098421,0.0
2.8384912565807436,0.30969412388728274,1.9141240082230553,4.7932946865619375,0.0,5.704538426024732,710.0204399177901,34.016467051952645,1.0
4.7339505533018595,-0.574231823963104,1.8907515563060764,8.11893406525169,1.7667365835443383,6.307846874388599,1062.307681634754,32.600294339487455,0.0
4.357922964509718,-0.04639410036092402,1.9770268008925735,7.9579142005070445,3.1229611004628133,7.2060619024637935,1010.4134408193294,32.36718150109901,0.0
2.901588747205173,0.3232301918770827,1.906338571528071,5.204092522996391,0.0,5.714442286548945,716.7416462241881,33.99516166837973,1.0
4.312081116576955,-0.2741375167263432,1.944577527806448,7.770425039046545,2.164811092285107,6.1068027614755644,1010.7539635829863,32.382642306577026,0.0
4.7022823745956295,0.04691573560388068,2.1732793333244618,9.34681714446549,0.6875687301212418,6.196784786388412,1116.431690628318,32.45166963705187,0.0
2.9009776898593658,-0.24284992123781166,2.0355009823807793,5.849445514636573,0.0,4.003490851872064,669.5867074382717,34.5825840573304,1.0
4.427,0.028,2.262,9.628,0.84,6.18,1015.17,32.5,0.0
4.189785333968759,0.5432647766420876,2.221452658319096,8.755035135491314,0.9912056942995258,6.811065956285222,1073.6061448081134,32.497893399514744,0.0
2.906324336526768,-0.268398037052552,2.0325710932867422,5.944013130578358,0.0,3.967413619659168,668.5955378679704,34.57722692257078,1.0
4.6082919942301945,0.057426766967413195,2.0188631170476983,8.498009209085305,0.7154534686402355,6.422985426660429,1010.7701292845665,32.82054266654845,0.0
2.865573885739385,-0.22977035195644882,2.040613931561297,5.863921998851471,0.0,3.9621838610674094,698.9140359436539,34.548405643045456,1.0
5.7271355144158225,2.1951628815805084,2.8116454133754507,15.27241480710982,0.0,6.073247182297812,1799.7563957752482,33.24262389862388,1.0
5.256,-0.719,1.973,10.261,0.21,12.61,1044.02,33.12,0.0
2.9660482786959403,-0.21038770460902284,2.0352960967793727,5.853258762280874,0.0,3.968963814845169,666.7952789428091,34.56765548834492,1.0
4.996478757092241,-0.22584604574920064,2.3156622010807766,11.26541966136786,1.099959552834435,6.78295974174862,1182.7012357968156,33.80824760003655,0.0
2.9437948515150123,-0.22914541657526719,2.0377605320585523,5.876065565178853,0.0,3.9693628553397495,681.3555016801322,34.577577843333884,1.0
2.8791189977385176,0.28687520167786346,1.9074584626547333,5.094146647949056,0.0,5.760884258305213,715.4423653828551,34.010465205749306,1.0
4.787540761722931,3.123222714657346,3.1009345864622073,14.235440131765733,0.39365875601588757,5.017191298117531,991.0436827820324,32.50378835646361,0.0
4.508396961945855,-0.5675298290939149,1.8719916001608448,8.193751965168692,2.12270579324502,6.913388664968174,1041.5795435460352,32.37619091941856,0.0
2.8309857698911105,0.2724904534033679,1.9217675324562207,5.221353662359654,0.0,5.720920644314535,718.6359877528023,33.994922701872206,1.0
2.914957083697615,-0.23283693783187656,2.034469583948147,5.713552141898786,0.0,3.9959363211880072,677.7350429124018,34.55881994373267,1.0
4.427,0.42,2.267,9.703,1.39,7.47,1139.59,32.38,0.0
2.8707240575041393,0.3035894994404625,1.9029571457940946,5.094251212360559,0.0,5.713524368799033,698.6169134337437,34.005673536759645,1.0
4.146,-0.634,1.825,7.344,0.2,6.93,957.77,32.44,0.0
5.705115387382631,2.1944755777158647,2.79737326483478,15.315915907628954,0.0,6.040037765394619,1818.3379517090445,33.26412836469847,1.0
2.8601244180865146,0.3129323551196863,1.9073907784284796,5.2243717009380095,0.0,5.702892729577252,729.3810926056972,33.99090886188382,1.0
5.699248069915097,2.1688223284548935,2.824771446450837,15.22543657354609,0.0,6.049073146293953,1814.2712644926992,33.25554859241662,1.0
4.483,-0.459,2.001,8.412,0.29,7.18,1035.44,33.56,0.0
4.574,-0.039,2.07,8.915,0.47,6.66,1001.12,32.31,0.0
4.491,-0.525,1.9,7.544,0.3,5.75,989.57,32.44,0.0
2.846013771854245,0.2957069419526815,1.91577706301635,5.106642256723401,0.0,5.712263597822405,733.5780642251793,33.99445474466168,1.0
2.9899958190951064,-0.23423756579346527,2.025269886419262,5.926611275122683,0.0,4.0351331491985025,679.4154898094737,34.56831623938346,1.0
5.6996795584659745,2.183842633558796,2.8203077006944164,15.18247090671673,0.0,6.039348863934419,1829.6847485893359,33.25413152752182,1.0
4.807643879829887,-0.06942483776735629,2.0447271404786482,9.21825910364369,0.0,5.99895988443932,1072.067071324355,32.558254150588475,0.0
2.7853734641787966,0.2498779948273936,1.9174545781793526,4.918864691674813,0.0,5.7470219712839725,695.2055786937028,34.01493065646048,1.0
2.945967883142388,-0.17399980607436955,2.0232304780451025,5.672217113415803,0.0,4.019484343308885,682.0813182038479,34.55338022190784,1.0
5.741829427290379,2.194277724081401,2.818417718580003,15.330007086395558,0.0,6.054389863086825,1810.7113145338876,33.26874039644339,1.0
4.358476799595659,-0.4843531626674453,1.948847218941067,7.615189661605533,2.4828607303370727,5.347019353975337,933.160104062651,32.38810028366946,0.0
4.712716477291847,-0.32057775538699484,2.0069594378052953,8.478795874763097,0.9030874637821118,7.086687414573892,1060.6479081061193,32.38263809370479,0.0
2.982723457397887,-0.23045520828550328,2.008023451886851,5.465494060696245,0.0,4.019375774499225,668.9652270640423,34.56511112081385,1.0
4.599,-0.24,1.98,8.583,0.0,6.36,1087.62,32.5,0.0
5.717336500632809,2.217967249696711,2.803158321251618,15.152236080378827,0.0,6.059194177761208,1817.8971656511856,33.272828238877906,1.0
5.671598950319877,2.199199283518464,2.809252587446436,15.215563861547391,0.0,6.099667941477536,1848.6044321763763,33.252254498013194,1.0
4.754437947561108,-0.003732777590729692,2.17530547753447,9.868151326362435,0.9219043679069371,4.782232836138053,990.1625300951123,33.79958589149551,0.0
5.682839664254602,2.1807671537990445,2.793953082289619,15.193905348689814,0.0,6.021934903248135,1826.4422403051292,33.24349306675422,1.0
2.868082452850276,0.3260780747762008,1.8939606979690335,5.031175292313264,0.0,5.73609375918615,720.9837798793246,34.002728663444714,1.0
4.261,0.398,2.284,8.898,1.68,5.12,954.7,32.38,0.0
4.918,-1.0,1.843,8.728,0.0,5.84,984.54,33.06,0.0
2.9190768658199975,-0.3015335620836552,2.038972344122894,5.627942504646721,0.0,3.9973874168459886,689.5843433601015,34.558306921888324,1.0
4.305,-0.447,2.087,8.518,0.96,6.67,1027.12,32.38,0.0
4.459,-0.404,2.083,8.621,0.61,7.02,1043.81,32.31,0.0
2.823390162623409,0.286651655747785,1.9318570057844706,5.110789400402339,0.0,5.749470765442773,712.0436113936415,33.99964072479807,1.0
2.9089665387350867,-0.20219191028072736,2.0397903621157467,5.737048001092646,0.0,4.000638509008293,679.056754462102,34.54012919590107,1.0
2.9050182105453124,-0.24197049420382732,2.037574805501683,5.787085913878323,0.0,3.9849002265466766,694.4728526613372,34.54774396995971,1.0
2.9271424521936202,0.31738074013480466,1.9092703776197313,4.98981313167309,0.0,5.715165550484655,723.9488685111777,33.98350315955277,1.0
4.112447143220563,-0.30770716762229766,1.9525715072996486,7.667151214872692,0.2278455368154967,6.40096857812535,937.7882520867346,32.45355857813447,0.0
4.354,-0.349,1.66,5.946,0.2,6.84,828.49,33.25,0.0
4.193,0.084,1.972,8.192,0.48,4.84,956.98,32.44,0.0
2.8936091330958886,0.31356906997845624,1.9123891825021713,5.184292898384666,0.0,5.712829979065479,738.1258921573143,34.00641984074151,1.0
2.812453593440924,0.3347343398494483,1.9106981436130095,5.105824470617178,0.0,5.717037258260284,722.7289643809152,34.00932336156863,1.0
4.689543360724068,-0.42595154175759065,1.818196446064551,7.984862054010154,0.853025042512417,7.593305009565408,919.8361906458972,33.12072721199137,0.0
4.766925642165958,-0.4668401182242012,1.917550887944497,8.533804906224251,2.040193334349724,6.793176414654411,1045.4418340661753,32.368529710646044,0.0
4.919,-0.099,1.979,9.104,0.48,4.67,1194.32,32.38,0.0
2.8291125500479475,0.28775501642131623,1.9151495741531548,5.060921148206764,0.0,5.734029886659959,717.3836311062717,34.00304795270239,1.0
2.8423335007043016,0.3249193239222082,1.919889754210995,5.1160745654724185,0.0,5.738526007053674,712.2310669326439,34.00334284783367,1.0
4.697932430917205,-0.3544706918491663,2.017183504418088,8.53600571042455,0.9028480961916758,7.024196119279782,1059.539658266154,32.37572964166828,0.0
2.913634847282593,-0.2336079605341389,2.029059990725704,5.7708806933384915,0.0,3.9734164058163746,716.5549353337356,34.56185277874159,1.0
2.8608150889526587,0.33061608181374663,1.907453770612335,5.2306240087231135,0.0,5.755887733146137,706.7318047834278,33.98772753290106,1.0
2.8091223895290325,0.30209638044734194,1.9102029753784198,5.18073822417371,0.0,5.73462464646858,716.6392807556388,33.991332428781895,1.0
4.333509108754927,-0.11638367347454182,2.1806052811866525,8.9110373274923,1.8886466834615252,6.475193525711646,996.5901525324334,32.371821145379826,0.0
5.392,0.914,2.755,13.876,0.26,5.13,1326.93,32.44,0.0
2.895458516590221,0.30375014151683466,1.9245759286876258,5.141916353017879,0.0,5.735342798073475,731.8937770256495,33.9915531070601,1.0
5.740711924945686,2.117913626416936,2.7856362945531568,15.4102875459633,0.0,6.07228303407124,1814.8463856429573,33.265971498965655,1.0
2.892595162163271,0.2878723993192673,1.9081900938672878,5.067144938325204,0.0,5.7549401563572316,706.4447549746726,34.00365201938482,1.0
5.513052161028777,0.6986106840261738,2.689906490868832,14.280223486660676,0.9925202952119182,4.5415963191404405,1089.9766287764207,33.430119108958756,0.0
5.68803399903921,2.1436390003834602,2.8154849071146053,15.217526867362084,0.0,6.059774734394475,1829.8755406221726,33.22962386186498,1.0
4.549485864341231,-0.04768827251277259,2.1549903210319163,9.360735882001562,0.8922275286562628,6.6713014658414265,986.4227611360873,33.522052084149784,0.0
2.8239498044364115,0.2741780614635867,1.8925608228503803,4.961046845016141,0.0,5.737591928382817,723.2228414214414,34.00536826416421,1.0
2.980840647854406,-0.22778199657532577,2.0309404936667534,5.631810203839031,0.0,3.982442139071977,686.440129992714,34.57229210876424,1.0
2.8634767416359694,0.3041043587296032,1.899983972255253,4.94847187725886,0.0,5.718838075633554,725.3166680412498,33.97363937521477,1.0
2.980014356716659,-0.19024638510346759,2.0340570226201184,5.752222942854577,0.0,4.0003972181476835,676.388810073165,34.55532887635955,1.0
4.114,-0.122,2.003,7.509,0.4,10.94,975.56,32.5,0.0
5.692707218358886,2.1387205451931575,2.796934547180723,15.22924765253749,0.0,6.067283716568992,1820.1288490727263,33.251253359206714,1.0
4.627,-0.39,1.892,8.478,0.63,6.72,1065.6,32.31,0.0
5.118,-0.855,1.82,8.776,1.12,8.12,985.35,33.12,0.0
4.626071365802079,0.07152959618074288,1.9559983648344679,8.384672864936771,1.5973681927962466,8.075945287153445,1026.6232749029389,32.892127100181455,0.0
4.517301544382907,0.15283706725704269,2.132770874571494,8.952343464939196,1.3269196607899614,10.333368472799256,1057.3461517541748,32.87838265045217,0.0
2.933131520882444,0.3024403539248493,1.9043314642351343,4.885432826923031,0.0,5.73626020498986,728.8073603059587,34.014623585950446,1.0
4.719024385110822,0.30083951349234533,2.0596709136399065,9.275931591941564,2.0959031229195078,5.519788282197902,1028.130784798095,32.54947495332281,0.0
5.72615809134928,2.192149380364837,2.82597310114013,15.199655131775557,0.0,6.058976066830935,1834.8524590634504,33.26265586143469,1.0
4.4281910756823555,-0.3650735316638818,1.9896480009576032,8.271266527287993,0.41725884133735774,8.417244920987896,1001.5014687794145,33.68927890425782,0.0
4.49705873907797,-0.6605359286841613,1.950874184013452,8.237201369328755,0.3631472247300317,6.595525171373274,998.7255807387079,32.55979059862983,0.0
4.726577296752898,-0.7666396245666968,1.8126080118036394,7.8004974518697505,0.37578068013581384,6.307186462997928,1056.3954165380374,32.49175981839815,0.0
5.672813741565937,2.152775900644914,2.803234655145424,15.198759691673294,0.0,6.057546678573839,1808.0973221201737,33.25966122892158,1.0
4.71198739931793,-0.7466308366371669,1.8806590023056269,8.006421809197343,1.8718031905876131,7.681973942075846,1143.4342363142232,32.569496542195076,0.0
4.756,-0.437,2.078,9.811,0.89,3.69,1019.24,33.44,0.0
2.80674263901215,0.2711491363329454,1.8996805074241925,4.978063753928167,0.0,5.710814849583695,712.8977132188066,33.99260099400059,1.0
4.798,0.162,2.116,9.546,0.77,6.51,1064.78,33.69,0.0
4.459,-0.412,1.953,8.119,0.16,6.9,992.36,32.38,0.0
2.9399722998694426,-0.2142355146367354,2.0111988911262184,5.796627244416465,0.0,3.9721890172632306,681.3704826391362,34.54467993097178,1.0
5.674697302449664,2.1356397645644165,2.8163855151386006,15.076798491630829,0.0,6.078816441779981,1831.2693884307378,33.27245211198894,1.0
5.651056442742949,2.1737004724622686,2.7988792192594625,15.350286497146426,0.0,6.071253119362029,1828.4123199957592,33.252605232429744,1.0
3.926,-0.701,1.824,6.942,0.58,5.25,704.84,33.06,0.0
2.9516669785855365,-0.2616669479131589,2.0344849727910015,5.719835716572304,0.0,3.992981038637844,661.5342877025744,34.56014331981449,1.0
3.9445430479710746,-0.7549207401104745,1.844896098070566,6.5869784697152705,0.9803649521687948,6.457693742025127,850.5111943169968,32.43616978671257,0.0
4.977621891652185,0.36113757740638636,2.0953488342807645,9.256481011125222,1.314692190296605,6.6131071251417595,1040.6289173958223,33.62021228106113,0.0
5.70391306945475,2.1683933759720357,2.8004650620497906,15.455554873701956,0.0,6.107951902882739,1793.7626364221067,33.268701805107966,1.0
4.588,-0.101,2.136,9.237,0.81,6.78,1049.23,33.5,0.0
2.835954422947567,0.3509461689603661,1.9133507503276845,4.693452191533729,0.0,5.742608759365241,727.0164972088972,34.014067969689535,1.0
2.9730732359854684,-0.2461274326312298,2.0038540316198046,5.641352694380192,0.0,4.021635120995231,674.420889526505,34.58812782770243,1.0
4.464124987271015,-0.38838460463886904,2.080484022621203,8.650904117458808,0.604051154533217,7.003862667570724,1042.2381470516102,32.299775473430174,0.0
4.385,-0.904,1.816,7.55,0.89,5.78,969.45,32.31,0.0
4.747787851287352,-0.5329480087658206,2.071832921471268,9.109437338643646,0.03600598680072272,6.198379372040263,1107.9773894019545,32.634328849668286,0.0
2.9171514492787205,0.27894875092621946,1.8938384169452798,5.018110527566579,0.0,5.731280763256052,733.3309979575228,34.00104165429941,1.0
2.855954008870579,0.2777263852243839,1.9045264697897206,4.955949191231096,0.0,5.761943612365482,714.7662355841736,33.988937584384644,1.0
4.554,0.027,2.201,9.269,0.15,7.43,1136.21,32.44,0.0
4.575046896845607,-0.6564821154999578,1.875321711516271,7.896217709940203,0.6459000505425406,5.480624024425622,1034.7509023848145,32.55526512938374,0.0
2.929578167133196,-0.2878796004840932,2.0214925656905827,5.572303737034658,0.0,3.9847550921997072,676.9259198035862,34.55685994799309,1.0
2.9546691523314057,-0.2691985954553109,2.0168472387087046,5.65613960184861,0.0,3.968517743779411,675.8357769851484,34.561984536246094,1.0
2.8986347012873828,0.275055831912904,1.8932044586976473,5.046156695035728,0.0,5.695115934941559,719.2541057975368,33.9844901394658,1.0
2.8701620905707954,0.2965746070803722,1.9149019559436187,5.274098802657,0.0,5.734598511813523,743.7615904862282,33.99742329368763,1.0
4.645205232488877,-0.15523219711275427,2.3041324486611106,10.4846408810054,1.112820398160252,5.297896814938036,1040.6571085631379,33.73697895963832,0.0
4.737,-0.601,1.942,8.653,0.93,6.36,1049.13,33.44,0.0
3.960267660699218,0.5595803975927031,2.201494503341545,7.853742326731217,0.16833461619706347,5.824997603801695,861.4400434685252,32.44803372685052,0.0
4.49,-0.437,1.95,8.319,0.22,6.05,952.28,32.38,0.0
4.4028167901527855,-0.04769320383941862,2.1190194632639807,8.687315432148278,0.7243290612110731,7.4373103536215,1199.6825586652299,32.437007637969906,0.0
4.660511016441195,-0.2503119905045484,1.893434181343708,8.513642342019168,1.3084394825361658,5.7974280892178225,1014.9334667024543,32.54993204766484,0.0
2.863232121756557,0.3340326767740135,1.9140963034216287,4.874774694619941,0.0,5.725808105138482,738.5677727963475,34.01818806419253,1.0
4.463,-0.245,2.097,8.898,0.35,4.86,964.66,33.31,0.0
5.622392703735289,2.19051076091338,2.8128180293495677,15.216051844453533,0.0,6.074399986670815,1824.1878878362224,33.23818668188735,1.0
4.896,0.234,1.988,8.882,2.48,9.48,1413.89,32.62,0.0
2.8722556350665727,0.3056716174489598,1.918336217123947,4.9574187843959265,0.0,5.736546513499488,702.3582438919038,34.00501081530094,1.0
2.8600442329500493,0.3122781217516439,1.911144978544766,5.253041360150324,0.0,5.725241261573516,733.2513991674008,34.013298854903326,1.0
4.355,-0.069,1.982,7.95,3.14,7.17,1007.02,32.38,0.0
2.913229914697767,-0.2342534835263807,2.0218443890714477,5.842498124150282,0.0,3.9520711616135253,686.6043128328031,34.59023675703043,1.0
2.8154478223820827,0.30608208135126885,1.9215915880761578,5.167381524998344,0.0,5.743723338967993,718.8403299405886,34.002337105586264,1.0
2.927053533658218,-0.2397825460928339,2.0467148370369705,5.56947376590666,0.0,4.001999820891494,680.4442663436696,34.52499445154279,1.0
4.301828902512782,-0.03862434325039694,2.139335014856564,8.497114211946345,0.004487733844383806,7.052940281710449,1112.2275689872456,32.35231350668208,0.0
5.688612538521006,2.1921045510046406,2.8009962398672315,15.186137204577664,0.0,6.0801363092105065,1820.384747540682,33.24945331417645,1.0
2.878645266137388,-0.22853102513306373,2.0167555702501367,5.781030306364994,0.0,4.005864843092646,681.8374132534396,34.54307653372275,1.0
5.745156115199362,2.146754692234452,2.8021531478954924,15.280620656017375,0.0,6.0366984104455215,1823.0161585850994,33.243975719451,1.0
2.8833137773566855,0.26499821119890943,1.9205637198827443,5.06590221976022,0.0,5.774556566565361,715.4392460103206,33.99945138075623,1.0
5.363110618382411,-0.42988258843973043,1.8246838831665775,8.12079552800709,0.013785191750970727,7.975669461906429,1033.8591190697375,33.113387702945516,0.0
4.261817161487243,-0.6311997485502798,1.94833111897649,7.766056032388342,0.8064326721036653,6.2296518849659845,932.3256987525467,32.43587383424507,0.0
2.95491810535429,-0.20279762089226447,2.03110085192722,5.930570830232545,0.0,3.9558160110247638,660.1943095855008,34.538992206595104,1.0
2.88056135285095,0.2612504161230986,1.9128882450884364,4.95506782423929,0.0,5.733002606295042,722.4613522921609,33.994830271471315,1.0
4.661272845983691,-0.1338787661100683,2.173392731142272,9.525087528439977,0.30317575895285626,5.503807722839854,959.6299017770347,33.67642188944927,0.0
4.354861955515099,1.200416990108461,2.491094767018608,9.954510415971072,0.5764430728375877,5.880586407888785,1008.2850788758603,32.37826398004949,0.0
2.8485865673382866,0.32790850715180947,1.908621806387292,5.122941700994848,0.0,5.770143912561996,733.2100185039584,34.014616890751455,1.0
4.48022965049102,-0.38653298735204616,2.022525118723891,8.66491096473281,0.612341989885909,6.087910887752099,1014.8746053892925,32.32917931485663,0.0
2.8998554357439277,0.2978528848109351,1.8882005777720905,5.233291428732038,0.0,5.762133273359856,733.911270527799,33.99737783518273,1.0
5.715382300420058,2.177971240468218,2.806774385817231,15.310541633796296,0.0,6.071433741512954,1805.0798701214567,33.238108070195395,1.0
2.845639837115487,0.31156743931310915,1.9160049565080706,4.913427223788469,0.0,5.741065897830047,722.6825696997549,33.98887281499286,1.0
3.8023930117567826,1.9123089257832402,2.382728215788494,8.49905389504486,1.0767336759245272,4.380493907183056,629.2159130939417,33.11137747811828,0.0
4.230286949117423,0.3787166833410685,2.2424625941479053,9.078252806876394,0.34333571535599433,6.656855544942851,998.1155272852254,32.43559007763304,0.0
4.416862977439133,-0.1225203689230984,1.9982732885896832,8.468353482976799,0.5362393343053878,5.935777470066752,780.5454668964938,32.621785446873055,0.0
4.629383710124992,0.006283245358296725,2.16648564447223,9.294813576097921,1.0593438905712158,6.273406003777523,968.5189324244355,33.3023169225898,0.0
2.969002400763711,-0.19516672044048355,2.0160224311212582,5.592729170827674,0.0,3.9859013356735176,675.4264930452485,34.55957258026735,1.0
2.9006479090927955,-0.20372341661322352,2.0371738420129017,5.865776673046496,0.0,4.008307290377376,674.7423137558317,34.557304058975596,1.0
4.687,-0.835,1.893,8.131,0.73,6.72,1033.72,32.62,0.0
4.144628699560007,-0.690222058124688,1.8338820946087475,7.329749869963812,0.19800777444384718,6.932628305997751,958.4147842086397,32.44097397235562,0.0
4.525306198765233,0.06451979212718764,2.0787551990881488,8.86075680060085,0.8697070426262442,6.686199635791332,1015.012473851951,32.807005910524964,0.0
4.817,-0.763,1.868,8.574,0.46,7.19,1099.7,32.56,0.0
4.551308036992299,0.11514535556975414,2.1390293678899557,9.062682081016511,0.20234595263376975,7.319734911164031,1010.1374828932613,32.40083594519078,0.0
4.543877171078125,0.047946759047809914,2.145451268050928,8.980540440938345,0.2131452862229478,7.276971491746183,1007.0896235628455,32.38554823443014,0.0
4.342461660371823,-0.19639726444977124,2.163879701959676,8.739290153678848,0.7990354619363572,7.832697132862874,1037.3055602818736,32.388371865410555,0.0
2.8348616243324543,0.28582502504528023,1.9080223715745919,4.978591423195991,0.0,5.707363104825865,701.8989792554155,33.98249794075196,1.0
2.9002808453265607,0.279379034940919,1.9183568200759418,5.116388384405009,0.0,5.729236264836637,727.9484701790482,33.96634104319374,1.0
4.463,0.04,2.3,9.842,0.68,6.17,1032.88,33.69,0.0
2.915650866141546,0.36337253135928704,1.9104314486590523,5.090647500235628,0.0,5.724745485976376,689.4370659703468,34.00149839402409,1.0
2.857096523106963,0.30137254963026505,1.894277845085436,5.241414617240312,0.0,5.723319032974753,723.4564068198202,34.011248850695836,1.0
4.303519586537726,-0.2542421780816798,1.9510857371049652,7.740362117810914,2.158898184825632,6.107473363526191,1009.3215684522226,32.36416865300596,0.0
4.695913293962507,-0.1904637040133396,2.146932623206507,9.68915777522461,0.29247282251588663,7.37928504140692,1117.9142131193594,33.37047410520678,0.0
2.9401061433841122,-0.23937618462861998,2.0345396013283494,5.66040749557051,0.0,3.964953364073874,671.7456748908103,34.523953523445456,1.0
4.481224241537831,-0.5287042532015597,1.892761792080879,7.550709323063043,0.2742264072370704,5.733580950529598,988.9036513919515,32.42230742995931,0.0
4.469,0.248,2.044,8.585,2.23,7.52,1031.03,32.38,0.0
2.847841773700461,0.3089845581948008,1.9352964572750864,5.165593571271586,0.0,5.7428929267120665,713.6764687692947,34.00298428146989,1.0
4.749,-0.567,2.069,9.085,0.0,6.18,1106.8,32.62,0.0
4.233,-0.366,1.995,7.738,0.0,5.95,975.1,32.44,0.0
4.538,0.029,2.01,8.722,2.02,4.67,946.48,32.44,0.0
5.724114766106421,2.1793701523202116,2.8131864774725504,15.225901565887572,0.0,6.058889932440324,1828.291479078239,33.24995122160139,1.0
4.656274612695508,-0.4960629366945083,1.9683867884577115,8.909482698919103,0.7609422413497392,6.445669439183651,1089.674599423438,32.32032341399898,0.0
4.557,-0.303,2.021,8.685,0.77,4.73,1027.66,33.38,0.0
5.657322225052407,2.1165915874942343,2.808956623073171,15.095961478062472,0.0,6.021437586351771,1830.7109104508163,33.25346610135279,1.0
4.420612469175397,-0.8968789426767748,1.682150256842624,6.880547846227891,0.28466702251628007,7.3325008063337265,928.6608298941917,32.451201753126256,0.0
5.7258573570445535,2.187675587095351,2.7955200150478805,15.405703785211061,0.0,6.1111333133909005,1830.6252157101853,33.24422660774375,1.0
2.8829788395451557,0.29626839185724485,1.9068084272061088,5.233174412163074,0.0,5.736109164604991,694.519229643444,34.00198400982165,1.0
2.883299822436149,-0.19885824036891497,2.0344570458577977,5.667860800960239,0.0,4.005414303594517,685.1445933946125,34.569032481101324,1.0
5.700903367785766,2.175713810934896,2.7990801919683514,15.21070357292371,0.0,6.058688182936531,1818.6450629384187,33.260470334123745,1.0
2.895417749336411,-0.21678076408332644,2.0391953131036757,5.540475499251249,0.0,4.011589144095565,670.1261718935096,34.54557137283831,1.0
2.950142383605988,-0.21329904610281739,2.024942828658425,5.784646979246711,0.0,3.984949840422944,685.408881202014,34.57916956156267,1.0
4.494073815587879,0.29134535999135597,2.077826880363376,8.31954383281324,1.7563386517039699,5.183338759511701,1007.5067762349167,32.378576429306236,0.0
2.8618993481171358,0.2692867718636602,1.8927036870147955,5.0472562503713565,0.0,5.732675675371831,730.4602196704072,33.99469949626195,1.0
2.8469115977757418,0.3021477265043831,1.9062047784779512,5.030515814121462,0.0,5.716702806011175,709.5184550152861,34.023140027212214,1.0
5.099776991911427,-0.415520973270055,1.8873721677730244,8.572602593537518,2.181836124047407,6.673521538870124,969.6613597761718,32.87080681021886,0.0
2.891008222473759,0.3336743306472095,1.9059076734674814,4.832377155862068,0.0,5.749377961009013,730.3863161194369,33.994178043287256,1.0
2.8573600115662456,0.3196455387369608,1.8949203467468265,5.247736107288865,0.0,5.709690802109475,716.1177236074171,33.998994001052104,1.0
2.859462622880873,0.33103577191085104,1.9016396059855114,5.285942729277211,0.0,5.7081489334529225,715.0460290022238,33.99033579711123,1.0
4.209539869301596,-0.5302086936317454,2.0437288492751606,8.03025114673134,1.9264759795970237,6.822690088104638,957.3876916762465,32.38795154625406,0.0
4.537,1.299,2.417,10.063,0.41,6.31,979.71,33.75,0.0
2.83062709739578,0.25926769892577656,1.8993021916557689,5.021472309689567,0.0,5.719721439777793,727.1555111256682,34.006218648209426,1.0
3.924954723758754,-0.5975339057778406,1.868278414813553,6.869313847562481,0.17780029793194127,6.006067938861649,887.4162013588949,32.439199222632,0.0
4.46,-0.372,2.127,9.276,0.76,6.02,982.65,32.38,0.0
5.657778200148157,2.169608687491114,2.7998293526495406,15.205908821525346,0.0,6.081616164709302,1832.2504098975314,33.23180774500893,1.0
4.740696771264911,-0.3044765811894149,2.12880490302639,9.735364235699539,0.7109074499254198,6.236671099516806,1039.4134367906183,32.56676307444792,0.0
2.879361294600028,0.26787789106448956,1.9138012059896894,5.099236920940932,0.0,5.72624020594752,721.2341088195907,33.98013179205338,1.0
4.341953466100504,-0.2661503868961071,1.847272854754708,7.65901837256828,0.6921845462758198,5.344325638392047,1027.8086263731443,32.43502183059666,0.0
4.549702445593008,-0.7976752372536228,2.073253004849185,8.534030032686408,0.48195935731932976,7.036815502782365,1016.1862711800535,32.3004409922185,0.0
2.9194787829563724,-0.23210109290921171,2.0185028751505456,5.68349649015741,0.0,3.9924192898986517,681.9962088773559,34.553309891370326,1.0
4.64190158125445,0.27190223759262017,2.185308889300475,9.703640254005117,1.0109467042377325,5.262246889694731,1029.497175947581,32.45476492922468,0.0
2.9347965127441134,-0.21400272116599595,2.034012273576928,5.776809014116817,0.0,4.042080343408704,684.1084508675119,34.54678455654925,1.0
4.682,-0.048,1.982,8.722,0.0,6.57,1091.21,32.44,0.0
5.662991269964604,2.1405597523016557,2.790984805476713,15.368858421457082,0.0,6.0590551363053695,1852.324843714619,33.25003924095108,1.0
4.217,8.218,3.524,14.19,2.16,4.75,863.91,32.44,0.0
5.763031611690188,2.169081041273929,2.802336863773857,15.092986155782764,0.0,6.051422501039585,1832.646693152637,33.26380666991366,1.0
5.727111723659095,2.1634922698481622,2.8063867746744906,15.251672549207315,0.0,6.08705709978512,1838.0726792534608,33.24075393842367,1.0
2.9664682472260853,-0.2426028042622375,2.031829585107595,5.915832073900527,0.0,4.0220852941660965,662.0287632593411,34.567239110269284,1.0
5.515,0.732,2.694,14.267,1.01,4.52,1090.88,33.44,0.0
2.957524878373462,-0.2821931374576274,2.038359975073498,5.857140954322169,0.0,3.9690053202377333,667.9141879994526,34.52664884956923,1.0
2.900153567679733,-0.25077335325407596,2.0397418485218983,5.638525799829549,0.0,3.99153899944951,663.2762404343619,34.556962021197045,1.0
4.501062645425778,-0.6141976451865085,1.8873213025155693,7.970653840988991,1.158489850509419,8.801523793935681,899.7011408527684,33.184688296854894,0.0
4.786,0.171,2.075,9.357,2.28,6.67,1048.57,32.62,0.0
4.773,-0.07,2.052,8.98,0.43,5.33,1057.18,33.75,0.0
4.632983790354842,-0.38653872185276167,1.8990529845066866,8.47634000248059,0.6570766989717671,6.721544934045997,1067.8580632001306,32.3006195507743,0.0
2.895426018384166,-0.21933514172666277,2.0466243157438804,5.83152833514616,0.0,3.9896441999558427,692.3537076399398,34.558340628581526,1.0
4.544777590943908,-0.04558358581638182,2.151942221582269,9.298252741334315,0.9177764622832044,6.613768079852792,985.9982914741363,33.51809663146663,0.0
4.371,-0.728,1.911,7.756,0.29,6.69,957.95,32.69,0.0
4.562,0.364,2.426,10.616,1.33,5.18,1007.51,32.31,0.0
4.390709637323052,-0.05894273338926443,1.984252606127066,7.9037000057172575,0.6691141957778962,7.017315957490945,949.6278335426466,32.384669925218766,0.0
4.599,-0.486,2.012,8.634,0.78,6.94,1092.4,32.56,0.0
4.432999109191124,-0.234788547498678,2.218424842313231,9.419232483550852,1.13607677110429,6.959025295300551,1015.7427121170473,32.30355557168065,0.0
4.628466372223686,-0.15862290550050132,2.04713278895402,8.613454967010597,1.2788850610708267,5.851396673315897,1029.279446138658,32.39408216366277,0.0
5.288871445005996,-0.2930662170597204,1.8888622433066649,9.008359930314485,0.944915595118294,6.659496110908152,1052.435821247238,33.38502183141892,0.0
4.9154518780869365,-0.17508094705269073,2.03737015187891,9.68989034441313,1.8525883792842934,4.372770847690474,1056.5187011644407,32.9523400616643,0.0
5.7399663214435135,2.1590650953549906,2.7981890910619454,15.15370325019257,0.0,6.1428805467950305,1831.9018539909835,33.22605860114991,1.0
2.847165253789358,0.30844602365575174,1.912891836577668,5.549724976402186,0.0,5.720529301387881,739.5839352174586,34.01349002009406,1.0
4.822982342818246,-0.16126750865582729,2.08701502909257,9.434181753085754,0.2966134044792996,6.454049675717641,1165.6445119154096,32.492245562490545,0.0
4.502826631888732,-0.24985990879686332,2.12941116535408,8.851870380972302,0.18300889362964257,5.513778257678998,938.7925899158068,33.50094384699249,0.0
4.082148979544068,-0.5422082333587966,1.8671399320755422,6.9754478869839875,0.36363580669934603,5.588992140012205,900.9472188336458,32.50760631544711,0.0
4.484,0.055,2.278,9.71,0.29,7.38,1052.93,32.75,0.0
5.69558324608314,2.2030565995808757,2.79384846485639,15.409074944546715,0.0,6.087764491407391,1824.7287960263488,33.25883233610747,1.0
2.939150560766477,-0.24927313686821256,2.0251650145193048,5.882027288456469,0.0,4.013005733867806,679.9130682763029,34.58781023201087,1.0
5.7441383354446405,2.2341486907371757,2.808159122717757,15.052613198521538,0.0,6.113090707561676,1828.1523321328523,33.2543641309652,1.0
4.62,-0.453,1.973,8.675,1.05,6.12,1069.81,32.56,0.0
4.47087746222723,0.2316915643870639,2.0451687788894666,8.590252724023149,2.242081909042277,7.49751473459284,1033.4031367757627,32.376092968818554,0.0
5.7117312410625605,2.188830876342031,2.8111390005030583,15.42091489131386,0.0,6.070702458813645,1811.8722024435913,33.271189263637616,1.0
5.7241904862720805,2.189457705086938,2.8069980945114126,15.218167130989729,0.0,6.082458387285529,1829.5614356411836,33.25532529250786,1.0
4.4662478998807655,0.6412481279264496,2.2647768929707106,9.454177603923211,0.8132909201469609,6.928893738671798,1019.943159159621,32.42843113755006,0.0
4.966,-0.59,1.777,8.509,0.18,8.71,1028.91,33.19,0.0
4.322587219169919,-0.08202221731403468,2.1719916090676024,8.873005871343292,1.8862955158857861,6.4745642390333265,998.0975443020184,32.39014166064807,0.0
4.822,0.333,2.274,10.253,0.7,6.93,1152.81,33.81,0.0
5.679509120892415,2.1485282442042264,2.810257246292821,15.212916502742168,0.0,6.073607970921054,1830.8426708859095,33.25697464751607,1.0
4.470572370150196,0.6143853027401096,2.247060417648141,9.483945521799882,0.7964779764729746,6.890939145235939,1016.4870881530936,32.44589669885862,0.0
2.846413971276988,0.32674832634623374,1.9006928977155118,4.99116978265462,0.0,5.742732868863668,690.2988305937929,34.013631298607045,1.0
4.635873633917729,-0.5969813646544374,1.9738484411908697,8.17306269115299,0.2154911867527857,6.732999861815602,1007.7834358251425,32.3732764846625,0.0
4.486098668407669,-0.4192782733168384,1.9586035869574192,8.29585568155631,0.23686298586323545,6.0526167174458525,954.0110953336095,32.390080095198506,0.0
4.30245323055747,-0.28438825845353627,2.060507586155911,8.388989889100914,0.42242368359086047,6.590375323317132,1105.3272306011784,32.37955047012988,0.0
5.767947596844508,2.1481626419932858,2.789541204290331,15.20375159752604,0.0,6.031111835409974,1803.7307112635563,33.26122023906142,1.0
4.643,-0.46,2.076,9.031,2.11,5.9,1086.2,33.88,0.0
2.8585725478082775,0.28431069712983326,1.909342426881123,5.056448516332981,0.0,5.693583699562652,732.3619931081435,33.99238510152276,1.0
4.2283523709835675,0.36454085435368777,2.248251481872315,9.050540001451596,0.3557479124929699,6.642621051539096,1000.745779484201,32.442308406407825,0.0
5.64513179100273,2.1546192268683697,2.798930851527285,15.216070470040497,0.0,6.07152268215411,1820.5495339308827,33.24051656451243,1.0
4.46706347768123,0.6121875852816632,2.2601641021459535,9.487931101380745,0.8144710337553211,6.90945721480781,1016.7561372876626,32.4504598279728,0.0
4.536064001685624,-0.35784039675827756,2.1795706394357315,9.650458512665672,1.0533166527118751,6.779111177693084,1031.5538468988966,32.50548510644506,0.0
2.958899510246259,-0.2810490060816894,2.0433499821900827,5.822949457022637,0.0,4.035565759118375,684.0012041231483,34.57536546068293,1.0
5.70354191830555,2.1959184016512876,2.809487056468323,15.201629388786115,0.0,6.0796860964053066,1829.1799923363244,33.24361495892543,1.0
2.785164049093185,0.31641873095028394,1.9235987223222895,5.056550390909552,0.0,5.716275294728314,730.2601651086266,33.992365899232766,1.0
5.702988343354188,2.1848411460246626,2.8094526265038713,15.250906410746229,0.0,6.091881352671843,1828.3889417502503,33.24238686168054,1.0
4.453,-0.438,2.064,8.736,0.26,5.91,1008.85,32.31,0.0
2.9162062857986264,-0.2859392243534683,2.0384769999850985,5.904192267804174,0.0,3.972047793250083,669.611230433622,34.576043757430774,1.0
5.754444531181862,2.2137061732947507,2.804891566754167,15.258734894975802,0.0,6.0901422103294305,1819.1649201390812,33.27518415300562,1.0
4.528,-0.208,1.941,8.328,1.28,5.59,1043.66,32.31,0.0
5.019,-0.379,2.124,10.295,0.57,10.35,1047.9,33.0,0.0
4.573088299228322,0.16341543457444976,2.083763689904798,8.642368031977625,0.7378105934940951,7.930517772702645,1034.2721977608967,33.76726745298034,0.0
2.897652490632604,0.31557129529929684,1.9194358422751725,5.214117795456988,0.0,5.711370977969329,731.9760398723834,33.99295332527508,1.0
2.928429954378093,-0.26046963763585235,2.0273762501879,5.801796027920686,0.0,3.966879663626861,679.4791277014416,34.562965639835156,1.0
2.882880085089542,0.3162369953905639,1.9009149057417836,4.991783783220352,0.0,5.749523213388428,713.1380070770256,33.989265929232786,1.0
4.364350210641921,0.1295215491361287,2.1997952454917007,8.735397839629035,2.2522813814395994,6.725990776782685,962.831706976662,32.44525010500113,0.0
4.347,-0.176,2.049,8.651,0.91,7.59,997.19,32.75,0.0
5.739367617422791,2.1865508249213237,2.7987169183775267,15.182154451583724,0.0,6.044204950829531,1825.4178545588318,33.24641503388592,1.0
2.9327422387094644,-0.2509917642268984,2.0201473748408665,5.767731303017437,0.0,3.9790729045539024,695.1925006478028,34.55135765404758,1.0
2.8197615604266466,0.28732911981120346,1.913002840196844,5.148676544608354,0.0,5.688305071111767,722.2638873267566,34.02117211364907,1.0
4.58,-0.569,1.886,8.539,0.4,6.29,1039.53,33.75,0.0
5.771903800427519,2.169547607010494,2.8082133012389283,15.211925471725397,0.0,6.058015944730608,1832.6064053896582,33.23927189357005,1.0
4.60086465038701,0.3322205971475991,2.175670280219585,8.846090161490478,0.6036742196001459,5.693755097994978,994.255013536725,33.87474528461278,0.0
4.647481666890752,-0.17135610357851985,2.2978845219843933,10.44225418886162,1.091419551900321,5.281426329617992,1042.541674227387,33.748905026298715,0.0
4.756285168038218,-0.3318921974358686,2.0804276320915553,9.028442242519752,1.741630952866718,7.52205635687352,1193.1845227121423,32.38112268593527,0.0
4.510003018286992,-0.20472761942774803,2.1177962117712568,9.012037603367874,0.2925185799810419,5.89288046689742,1068.6920727071779,32.453251772183464,0.0
4.664,0.752,2.249,9.847,0.83,6.69,1091.35,33.38,0.0
4.662970600026049,-0.28311160310610967,1.8929551288022448,8.479654957164373,1.2817769364111247,5.788916044218938,1013.0972176623648,32.56289373419616,0.0
2.8929969133870714,0.28759207002328313,1.9169706212546802,5.217834507660949,0.0,5.709757559547868,726.0980908980997,33.97698343683774,1.0
2.9357506503734534,0.3427615433621792,1.9102716044728927,5.234337415607478,0.0,5.747394462024364,701.0457194483533,33.982297615441965,1.0
3.0079967828290535,-0.28780577857601003,2.0456324108262356,5.684221857556935,0.0,3.9792936987121954,682.3386613088265,34.552352560556926,1.0
4.268,-0.29,1.808,7.144,0.61,5.01,979.57,32.44,0.0
4.313525010418934,-0.7579231543530973,1.8965426423753493,7.2532889041726545,0.4595718222763188,7.396796797372762,1103.488080479095,32.49927129580435,0.0
4.30194116395062,-0.14420142058726762,1.9974909642586023,7.767907664556582,0.006632174692530453,5.565266738172183,965.3576221443298,32.38119137660346,0.0
2.897859898538137,0.29397044112164217,1.9212158080384045,5.018259025910435,0.0,5.749173523488552,729.6913963596825,34.00618825533484,1.0
5.698911486262667,2.1505867049219107,2.803979591575946,15.09870548020752,0.0,6.079125139033548,1822.2499737491933,33.26154014942793,1.0
4.585295059411953,-0.06829366807124976,2.1594452621702622,9.202949657740975,0.17936003486414387,6.16685487849309,1079.3655829492598,32.4478424684608,0.0
4.522768176812567,-0.263679126802049,2.1293286391998847,8.956220566130817,0.1866877074138765,5.491261807110668,932.7428848704164,33.50923181187917,0.0
5.676729282634002,2.1725150407993365,2.8212401002708543,15.219273344231679,0.0,6.073658527813496,1819.7999340406218,33.24454164977148,1.0
4.4,-0.244,2.059,8.849,0.35,6.71,1022.13,32.44,0.0
2.88487420267958,0.29736026494523365,1.905671205136738,4.945468886589162,0.0,5.749914607669941,695.4696636191974,33.99842399950591,1.0
2.8693493319593193,0.2899763066553568,1.895707383691904,5.051781109144926,0.0,5.736030826785356,716.9332148343145,34.005102741269624,1.0
2.9467726629374287,-0.27051563052079947,2.0468957705632733,5.748690750930349,0.0,3.992460452685263,674.7547383594228,34.567782275970686,1.0
5.742570247474246,2.208954769441982,2.808335099080249,15.139474097698672,0.0,6.0740141562028,1844.047136265879,33.23384050316024,1.0
4.161466678863309,-0.395099724675822,1.7072967894174285,6.542511223421753,1.7890531874589144,8.749825288247433,941.326066656501,32.480603247835205,0.0
4.641136104241798,-0.5602604854330397,1.960319490565341,8.781847881254533,1.321919865694964,6.278292543422038,1030.7581382463763,32.60583797139419,0.0
5.7066687265072735,2.1889558784326324,2.7920726966532046,15.179246449563735,0.0,6.098691686475824,1824.787691907416,33.25429041941941,1.0
2.853090544629959,0.30117315632642067,1.9126452408763512,4.878908388426475,0.0,5.721609297096575,705.5827418093904,33.97590640439149,1.0
2.924724652807989,-0.2339199633130264,2.0235763077599627,5.7855166302192,0.0,3.9698923468608265,694.3182750245055,34.55392178001586,1.0
4.229799910274745,-0.3444175926054012,1.990560576043476,7.7920587209232055,0.0,5.950972540494564,971.3079534829388,32.437670525709166,0.0
4.416,-0.885,1.681,6.889,0.29,7.33,927.13,32.44,0.0
4.531,0.061,2.16,9.388,0.68,5.4,1009.87,32.75,0.0
2.969286751392307,-0.21850506138359804,2.024540934999327,5.630401483278731,0.0,4.007875934853983,654.7717121874247,34.55304611576512,1.0
4.194,-0.4,2.076,8.214,0.58,6.61,1024.34,32.5,0.0
2.898995524593782,-0.20955191911715593,2.0335234686404045,5.605293130555713,0.0,4.000554789522089,665.2341317948539,34.55514131432186,1.0
5.742589900730236,2.170201856998428,2.790360279124938,15.482981127796693,0.0,6.061764462823225,1817.9069589540206,33.264272508093825,1.0
2.8544624309195803,0.29867408332847595,1.9087178722277653,5.15481473223845,0.0,5.754964149285708,713.233497706912,33.992948909267795,1.0
4.626,0.149,2.145,9.614,1.03,5.5,1079.0,32.44,0.0
2.949522297640043,-0.21086427961503987,2.0224758934261113,5.695046111572059,0.0,3.9782077423938396,665.128948464633,34.56354544762166,1.0
4.590208335504153,-0.49564080822769907,1.8555647738027279,8.17489744367941,0.6884477999213879,4.1593742696261815,896.6733163764494,33.06908164305952,0.0
2.8846402438434042,0.3384565497759809,1.9048125178501563,4.848495746993095,0.0,5.733835022448108,715.5067339420369,34.00740560768286,1.0
4.667538446937143,-0.17033940135143805,2.1641729409043875,9.530468318120887,0.29014197949575377,5.526373481617614,959.2220718462963,33.68045920831158,0.0
4.387925498552532,-0.8808926093042838,1.8196793021156865,7.535498572940343,0.8734048214624023,5.7238292313573,971.7361749471845,32.30500941196726,0.0
4.288817402270643,-0.5601699590019233,1.7733307121427204,7.282372764743817,0.5998897235061889,8.276756701826804,870.2713878451044,33.24575022170496,0.0
5.69489919320952,2.1863393806331155,2.7918750330160025,15.35084946069113,0.0,6.071841038754435,1836.8969307171844,33.231416691989075,1.0
2.931242128980535,-0.2650021992293649,2.0401838118161706,5.774273283537998,0.0,3.9818563267157554,697.2224140526035,34.55296439867304,1.0
4.684594508450272,-0.015897441008577682,2.0316692059668515,9.083968859900297,0.0,6.68101017403598,1074.795768688345,32.57818435929267,0.0
2.910111401612498,-0.2574528673456079,2.0224738865606495,5.726679202277238,0.0,3.9709386214902938,680.5034519801873,34.560329267695344,1.0
4.444,0.108,1.982,8.026,0.81,5.89,996.03,32.38,0.0
2.914556374502654,-0.19892782457763003,2.02767051313757,5.83095653759768,0.0,4.013402537539166,681.5062477467915,34.56253376023774,1.0
2.8458922756401828,0.3154978547772912,1.9043937052676416,5.031015288195209,0.0,5.727747884428812,710.7232341611663,33.971792380039865,1.0
5.71746638728141,2.167079063442086,2.8153427907298427,15.226266021287946,0.0,6.057300947305068,1821.7781474753108,33.242575890395884,1.0
2.9148698319742428,-0.2760964006617144,2.022578809551645,5.935338685660249,0.0,4.014076376899486,671.1673862085223,34.587429967550186,1.0
4.490895581777052,-0.4140542011683084,1.9461113012987077,7.845047645793053,1.1106989215092444,7.173704282453993,1003.0742664776874,32.43440830124605,0.0
2.7934552111731383,0.2757857822889488,1.8926253797806625,5.283844975213338,0.0,5.7792335028679425,716.7183818731543,34.00296976324689,1.0
4.8117465415111855,-0.04644637764651086,2.0395479757680595,9.219915353667048,0.026050727035363118,5.967383395091844,1072.7244020849125,32.55612067499303,0.0
5.694143181505344,2.2181892723994987,2.7932728903346424,15.237744516413773,0.0,6.063825207586848,1816.9512616061222,33.26695285154667,1.0
2.8905803722369248,0.22953348870192664,1.9130485951579357,5.2665353379543705,0.0,5.772250857076373,722.8724583907651,34.00411644502868,1.0
5.670918650391103,2.1485541968377957,2.7995176215857587,15.252967693761732,0.0,6.0231290813839715,1830.2257326845368,33.24880470054503,1.0
5.8068117158535415,2.159121439492504,2.8184922787055897,15.177934004728643,0.0,6.0680132124249155,1825.6916494453708,33.23632545782799,1.0
2.9717792659433453,-0.2210117203806442,2.0326115867259644,5.944651593925955,0.0,3.983772565290501,664.9464012416015,34.56119418351851,1.0
2.8761880735572327,0.2806395817837814,1.9115147755328874,5.165881087685424,0.0,5.743614320689372,698.2295936657773,34.02632359099884,1.0
3.736,-1.164,1.583,5.338,0.41,5.91,744.35,33.25,0.0
4.748641228102278,-0.3149635443025436,2.0719632852978056,9.055807864497622,1.7441336044652154,7.53581839066315,1192.015895098225,32.378918748875385,0.0
4.533,-0.484,1.861,7.733,0.91,5.45,963.4,33.81,0.0
2.8696419904153894,0.35440731511290485,1.9206341216689715,5.162682745177964,0.0,5.724262880357632,739.7478110920038,33.99485269697549,1.0
5.6718356862948065,2.145184593105292,2.800437636422533,15.159749894487645,0.0,6.05296617692354,1805.6488135812456,33.249319851410576,1.0
4.496,-0.562,1.886,8.001,1.15,8.77,897.96,33.19,0.0
4.46,-0.742,1.95,8.37,0.0,5.63,996.16,32.56,0.0
5.75378628831635,2.182170840758243,2.7976204303921985,15.201046136939013,0.0,6.057068563567742,1834.4382049978144,33.271889257018785,1.0
4.731882846820644,0.24074381192145872,2.0601136570617133,9.348198313202241,2.0912337181849554,5.589733262426965,1029.1432586717083,32.57489772041114,0.0
2.9231930899983256,0.3171065659628582,1.9137308214116562,5.069694418319333,0.0,5.736559301970387,732.8382645148954,34.000688058925405,1.0
2.8924292077959843,0.3196673556620286,1.919899158923953,5.1313894504084265,0.0,5.734526068467947,707.9499548650423,33.99045108476413,1.0
2.898385234456561,0.31897494721815994,1.904694891505967,5.05976282516419,0.0,5.746329963237771,709.8595927607093,33.988028898863114,1.0
4.607,-0.307,2.158,9.494,1.68,5.7,1007.62,32.38,0.0
5.701768683210521,2.209075531558051,2.8070416062392094,15.400102829068635,0.0,6.0906036365821405,1826.0191075128046,33.250106120189415,1.0
2.893617745763025,-0.23627252107756377,2.0348373484049227,5.770820348258348,0.0,4.005937031861349,682.0999205256829,34.55440654862923,1.0
4.709705375868656,-0.3551711659154622,2.0222706640629995,8.499899780490594,0.9112524392291305,7.086251181738985,1061.139474994119,32.38949858521743,0.0
4.550424268509169,1.240931449500832,2.336072138488164,10.064705415312295,0.20009021282404518,6.513510352425289,1072.7290568489311,33.784921518428526,0.0
4.596574464964218,0.34934976320982924,2.1719088259653248,8.840213932922667,0.5913051039241751,5.724654380275719,993.4187068163878,33.883181991586554,0.0
4.528297185076662,-0.22568488028357042,1.9388654802931202,8.336277542638545,1.2949276901170332,5.5581544970479015,1043.927320575439,32.30061503117487,0.0
4.325925182613985,-0.6014969023075204,1.9955096130524315,7.778626563296951,0.7590731380566091,7.323982047456307,972.2809683754039,32.48402581358908,0.0
2.9741296796168086,-0.22182691258062665,2.0222705025817005,5.884394087385437,0.0,3.9787683824412063,695.9283666340826,34.56816545901937,1.0
2.9313006735054157,-0.20871144264653543,2.036295806193973,5.825883625160052,0.0,4.005261468584074,696.3236342857526,34.55487583697047,1.0
5.688544135538896,2.182617816623384,2.788948701311472,15.201407155481792,0.0,6.063919806501375,1830.2931983004569,33.23964907521297,1.0
5.749693197007728,2.147660085515342,2.80844201567011,15.16902940593993,0.0,6.060602338559989,1822.317581021978,33.28076387654564,1.0
2.9264355049641213,-0.22511709948591474,2.033956943521488,5.822759891490367,0.0,3.9622478210738947,671.3982056220183,34.55239237714868,1.0
4.547,-1.309,1.647,6.863,0.71,9.81,945.73,32.88,0.0
2.97929621730175,-0.2163286161539156,2.0116425010705106,5.6626673115212975,0.0,3.9838938005440983,704.9525891787549,34.57008418846482,1.0
2.89512009439423,0.28659054911414183,1.9014132733784488,5.127556775983926,0.0,5.726045089511786,717.2672714911859,34.00801265079524,1.0
4.708847151915489,-0.03434210037074681,2.0646767695258887,8.979360942794525,0.5741171446529074,4.003295395795946,1006.435184159589,33.56046140083656,0.0
4.437883716510137,-0.3099920310617274,2.0424533702515952,8.214521611293563,0.3488082306205423,6.5860805510144,1006.1814610337295,32.39884924127381,0.0
2.858687831269758,0.31387109458013146,1.914173231328676,5.102414267864593,0.0,5.690132570980188,711.7087157499548,34.00612066123292,1.0
2.81112024654486,0.30550860546682096,1.8936578697230395,5.112119785813439,0.0,5.731112607726843,700.6689903971202,33.99383119550476,1.0
5.749004957753844,2.160112496546262,2.8164973156364295,15.125199974220697,0.0,6.052934314404403,1812.631555501531,33.23741614508498,1.0
2.984714406760647,-0.22132654321688175,2.0240157351542187,5.856905002706692,0.0,3.990936292468864,695.1002845165267,34.54357156710292,1.0
2.912580658797791,-0.21293100664230802,2.0329541877947324,6.071303299705361,0.0,3.974257415454583,681.308666934994,34.54859804939494,1.0
4.529160152018181,0.2914004253889695,2.0550260630384853,8.578033023930614,0.7787163631294072,6.55457506465676,1037.4568460019502,32.42855014997506,0.0
3.464672686549548,-1.002238471555015,1.5521734192298455,4.539331891843259,0.7081956921277971,6.384467565019628,681.1201216093156,33.21960499391317,0.0
5.706450370489514,2.185525050839639,2.8155899612905415,15.27039346372227,0.0,6.041785234285584,1831.8780416673667,33.25186693148438,1.0
2.881927215056667,0.2903321081422899,1.91104292583186,5.069305749844631,0.0,5.740736548568104,730.0293609591675,34.02005600918397,1.0
4.5211197767375495,0.15385843181678713,2.138662306868013,8.874008291941557,1.3442038468403674,10.354609109892186,1058.682417576181,32.87301426299032,0.0
4.661209266525229,0.3873997382591731,2.0504310663820564,8.554599978785332,2.4154740747230448,4.456246289997358,922.8568015430844,33.61750900499322,0.0
2.879465997933216,0.2923600621051452,1.917940523972979,5.104036028622494,0.0,5.728357528938361,702.0992176755677,34.01731200638744,1.0
2.882239965305206,0.31425461027204665,1.91466428982555,5.046564609287826,0.0,5.7455165965857375,708.2634576850254,33.99457397637193,1.0
2.8829031112209007,0.31780732028639014,1.8906600143027856,5.125216782973688,0.0,5.685167330842249,712.2725584657824,34.00416398172206,1.0
2.924972002938316,0.3001979195963728,1.9064601652465005,4.965495965690526,0.0,5.736552959308732,713.3599818950888,33.990929232328696,1.0
4.575653012377538,0.06410735963222883,2.227962934023066,9.587736578148895,0.901516562760684,6.484861314073358,998.3455668114007,32.69931216110799,0.0
2.8863658625987654,0.27629442788250574,1.901441341321601,5.010293532783886,0.0,5.706622545216669,727.8591953244472,34.00139894634732,1.0
4.438,-0.573,1.867,8.163,0.85,6.07,1010.1,32.81,0.0
2.8569007512310978,0.2733395949175388,1.9199365396147376,5.142270336911185,0.0,5.769117185171145,705.2553286265962,33.98468266672678,1.0
4.655,0.375,2.049,8.61,2.43,4.53,921.76,33.62,0.0
2.935446867524857,-0.18467455569543448,2.0462305825488056,5.866766474881825,0.0,4.000304979442227,678.1693990585983,34.554972532071666,1.0
4.863,-0.846,1.829,8.117,0.66,7.42,1163.54,32.56,0.0
4.820688990463846,-0.14982021950724494,2.081120242709732,9.468252882076637,0.3191965344547319,6.448499960276797,1162.6966708030675,32.4971198139166,0.0
2.9555696096979562,-0.2554428699689367,2.0291019599519604,5.803428076586541,0.0,3.972474265879726,677.7522516049535,34.56557190705567,1.0
2.827192894622219,0.28594152289425273,1.9108644466525646,5.151110036109072,0.0,5.750314900150202,720.4184771088393,33.98008055268721,1.0
4.618,-0.123,2.112,9.081,0.61,6.37,1060.74,32.44,0.0
2.872303883732754,0.29309790435257566,1.905853874763175,5.307890688763171,0.0,5.740469091660182,712.0785162949792,33.98908198203145,1.0
5.668176459436424,2.15120654492657,2.803873953001096,15.266422795037085,0.0,6.0921545001621675,1823.2892201372551,33.246492589426,1.0
4.465,-0.12,2.154,9.012,0.5,6.4,996.47,32.38,0.0
6.1085614554688386,-1.2618810378119598,1.9004199697048096,10.345326213787208,0.3974366655953625,3.4061721906011844,1084.2478554488503,33.799704026825545,0.0
5.695492751085772,2.1614731284031263,2.8108000088922642,15.146321176109286,0.0,6.076390659272661,1830.3226587100883,33.26205529132041,1.0
2.9226648373643864,0.3528133920906426,1.8960307099875624,5.165341994670219,0.0,5.797701891030647,728.3067039791032,33.97517792537672,1.0
2.9247079739345145,-0.2562761859667058,2.030067011234432,5.869415671917897,0.0,3.9755287902414,689.9343005330318,34.540629106491224,1.0
4.587,-0.193,1.926,7.978,0.0,5.62,880.94,33.69,0.0
4.468197754702121,-0.5891150857976567,1.8895711471242642,7.847280168094096,0.0,6.965526723364021,1010.241352858963,32.50576230019192,0.0
2.8902658528906082,0.29330536708494126,1.9128846107864848,4.849511786900604,0.0,5.748683623033895,723.7991418631581,33.99772725993785,1.0
2.968356731307951,-0.24477553693215368,2.017261745830807,5.871482119793815,0.0,3.9699719529396025,679.5339197772596,34.56410963309744,1.0
2.9481576929236417,-0.272476955002505,2.027570586514968,5.935151676373557,0.0,3.9666295667677955,700.9153465621714,34.56107234921351,1.0
5.694145907739342,2.196841872811599,2.8178510390859666,15.380884359953223,0.0,6.076416424707488,1821.930186465993,33.25995528507285,1.0
5.713874648901917,2.178414124465833,2.793605461762045,15.35148424270373,0.0,6.039823679264249,1815.4126031176786,33.27323543759955,1.0
2.9000652266160665,-0.19808669089657377,2.021334847418495,5.75797386149232,0.0,3.978203206473953,689.3793312680334,34.569372173824156,1.0
2.972802226174063,-0.23882415187163933,2.018682617823174,5.734445596432616,0.0,3.99697865690261,680.4391118273934,34.55628591353352,1.0
4.541,-0.181,1.956,8.243,0.63,6.09,995.38,32.44,0.0
2.9232230879392267,-0.21090007233218971,2.030817654208727,5.839049660401586,0.0,3.9699946198440865,664.880855222125,34.55350370732773,1.0
2.8782801900884443,0.3001060291562996,1.901557753007763,5.135613041725715,0.0,5.71472594864379,716.51113783191,33.97702788246573,1.0
4.455962704930923,0.13598099739178832,2.053104589449175,8.339323531201853,1.2700875432527474,7.553944750962673,992.6642819164518,32.38082151878457,0.0
4.207361448477285,-0.5262809371475669,2.049483516957132,8.023340330529305,1.9321309758009926,6.747669305994069,953.1228558933028,32.389245059230234,0.0
4.67,-0.306,2.006,8.351,2.37,5.58,1071.35,32.38,0.0
4.412142004653375,-0.2660122792703406,2.0122196653435043,8.354571696669197,2.5662103645675005,6.833114290999845,939.8254378086798,32.41467854754031,0.0
5.7239759605001215,2.181324975373859,2.810557805405506,15.030427642197749,0.0,6.063778001104992,1830.190174679234,33.245830797350656,1.0
4.566,-0.203,2.101,8.958,0.93,5.2,991.88,33.81,0.0
5.692368586021488,2.1297240667340223,2.8051787357716367,15.067134749534091,0.0,6.091597160803434,1834.228584000706,33.25782325104142,1.0
5.760531544565133,2.1713573961869024,2.816809517320768,15.007892724314663,0.0,6.068235316500167,1815.4772119511185,33.263679891076784,1.0
4.612,-0.223,2.087,9.285,1.16,8.04,1192.11,32.38,0.0
5.741469128631313,2.212429184850888,2.81215270310068,15.141452574003985,0.0,6.077977145662178,1802.4740959087662,33.251708905552725,1.0
4.371,-0.483,1.559,5.624,0.5,6.83,769.0,33.38,0.0
4.309,7.977,3.448,14.125,1.32,7.8,1229.91,32.44,0.0
4.595164353704054,-0.07283782768574237,2.141560338884642,8.978660252682657,0.007913929101202841,6.241133667359812,1044.7121444451693,33.75231707654882,0.0
5.770272807542033,2.20649941397674,2.817267520062384,15.234864397430432,0.0,6.080796941516955,1811.898253167182,33.24395609589383,1.0
5.241775735115765,-0.7097086992451427,1.6829242788883898,8.34336296296267,1.220518575166537,7.590343427555938,1063.2688986079133,32.944704493662165,0.0
4.671429521472067,-0.2702770355790933,1.8995454232326567,8.49354296818963,1.3067256075121145,5.761392408542969,1011.498063359818,32.56064252109092,0.0
4.413094705916982,-0.2548652748362873,2.0903790515599447,8.800226878993886,0.8353036077734457,4.429458116192558,947.25359187045,33.25268241745624,0.0
4.5311386655129295,-0.4254324256098088,1.9970266376737402,8.485950921004529,0.5378359764430651,6.898645852081316,1031.927169998409,32.68171430849422,0.0
2.8669934190938484,0.33472064872034013,1.9124302525346677,5.155253222869204,0.0,5.673951100750635,700.6050653782168,34.00191035466898,1.0
4.915,-0.183,2.042,9.689,1.84,4.36,1057.58,32.94,0.0
4.643322650546666,-0.5925130266422409,1.9718029624545463,8.828180155629967,1.3148302085099821,6.2759935757921195,1032.0005748497792,32.61090868979398,0.0
2.8376865689712005,0.2881505284698052,1.9039251883449297,5.02933715443474,0.0,5.752478575396077,695.3288797947519,33.988878107735005,1.0
2.8952621924774276,0.2949963337531872,1.9158190467766765,5.0345561055962875,0.0,5.719187943323777,714.4007847595602,34.00174822481378,1.0
2.8365033549247087,0.31345749753589186,1.9013908354193585,4.981099468852556,0.0,5.7403272841239605,737.4198075109585,33.98673998995307,1.0
4.648232403874015,-0.5739419990500693,1.9673160181291127,8.818192002137767,1.3187364826653907,6.253626991580425,1033.74826451575,32.610440779843664,0.0
5.697701585074487,2.175950935734184,2.7919200497699403,15.096574570983849,0.0,6.071696411453415,1825.356924559448,33.22793538270853,1.0
5.684909233502799,2.159489329244152,2.815432806617879,15.298512818534194,0.0,6.0849454948229225,1811.5702885701323,33.26757572499065,1.0
2.8714586005323133,0.32654519473730653,1.8943270474441807,5.104643225450924,0.0,5.719933274935022,722.2943797923747,34.001566344542766,1.0
2.8960168618212405,-0.2649123703063168,2.046349772018958,5.78261891828618,0.0,4.002436403898002,690.7399301493698,34.543764193664636,1.0
2.805725298472141,0.22968703672903348,1.914155320881048,4.957188800324193,0.0,5.758191292628067,703.7641711973779,34.016215356987544,1.0
2.9652460773654514,-0.23542512854796396,2.0207873736167086,5.747391098726998,0.0,3.966142501529289,688.1339725657768,34.5740855679268,1.0
5.75807342312969,2.1762406124353397,2.8140310610912493,15.27878541926639,0.0,6.059296585662337,1808.9787489894231,33.250539446752576,1.0
4.344,-0.305,1.952,7.815,0.71,4.08,900.28,33.38,0.0
4.640546272948738,-0.5150333968853293,1.839056447067698,8.22155168428479,0.0,6.2900289260927655,1036.8887092501257,32.29315494005675,0.0
4.804531875254588,-0.6758693598789922,1.9182375231509048,8.456219015392891,0.9704486526709132,5.825791825873348,1041.0580148230515,33.6716448276876,0.0
5.6981127930209565,2.1635183574346875,2.8231656382976413,15.384120912744446,0.0,6.062940425273411,1825.2884536414244,33.25817975401857,1.0
2.907401344024782,-0.28626138675956514,2.0178781362970737,5.626593037631154,0.0,3.987939701496523,667.3378143430876,34.5605981545888,1.0
2.9586692512739434,-0.2574533406855582,2.0270743727218132,5.5548085297484215,0.0,3.981542888601377,683.2044599738258,34.579961128389094,1.0
4.551,-0.657,1.963,8.283,1.0,6.47,1012.14,32.31,0.0
2.9122470790713173,0.2966672106091237,1.8920781712894534,5.178497271922062,0.0,5.733363365745526,724.075239278184,33.998970729325855,1.0
5.117581138596033,-0.8844182667498691,1.813375283002605,8.770518128680028,1.13010432345394,8.080734370904134,985.0478726467136,33.11482825706135,0.0
4.271,-0.093,2.273,9.321,0.0,7.28,1000.15,32.38,0.0
2.9540501115429727,-0.2472715223641121,2.0166853383389194,5.721860951926339,0.0,3.999132702386764,674.4081745109507,34.53638497694463,1.0
2.9559577562609674,-0.20905268867186003,2.0219501608036357,5.873091761344723,0.0,4.026145510425291,670.0163693880331,34.57724454774811,1.0
4.565976931757589,-0.285532891319176,2.155066708319174,9.404719545841035,0.6366310819957662,6.804035063647272,1071.8472426069673,32.31411519779542,0.0
2.900995699976371,-0.2642211155949116,2.0427055384085273,5.842619752882285,0.0,4.01962482731941,671.9755934412735,34.55123807311677,1.0
4.094,-0.025,2.035,7.892,1.93,6.64,930.85,32.38,0.0
2.885743697473648,0.2834863542757802,1.910235992286477,5.063949115703384,0.0,5.734264291456198,709.660549899263,33.99793401000343,1.0
4.5514795357309294,-0.08142916280742034,2.004792563097778,8.6172612279009,1.0883159654492762,6.371277359559288,1028.7370481641778,32.498696015427626,0.0
4.465367621677499,-0.4419715745246904,2.0038190815998926,8.031018199219481,2.0915570019183027,7.487183337672009,1028.2618464974482,32.37966815275564,0.0
4.797,3.083,3.098,14.259,0.39,5.03,991.6,32.5,0.0
4.356,-0.194,2.002,8.438,0.78,7.61,1021.1,32.44,0.0
4.238842495611593,-0.2813973693881397,1.9070531397718486,7.329076520290892,0.8101763769613795,6.247724546632306,899.9325169706577,32.506387780353755,0.0
2.8982192321930063,0.2953151172628324,1.9028397467325593,5.19791877111591,0.0,5.708904085619385,719.5121808892189,34.00083978600495,1.0
4.8161438062506186,0.055236718339148894,1.9979330222624816,9.055077919677336,0.2618310059138551,7.360730884146293,1126.0057430123338,32.48734398429754,0.0
4.738,-0.588,1.973,8.871,0.0,5.97,1080.98,32.31,0.0
4.195651497345708,-0.2504709710564903,2.1593131005960653,8.48322393238861,1.9631236304336204,6.615844810888568,995.6158435359503,32.36616051361299,0.0
4.687988676721343,0.3522913331605856,2.3165729281214125,10.592778262085005,0.5007109963232776,6.977435479894959,1107.2787993919421,32.44318481250324,0.0
5.7390190179095475,2.148379167970855,2.7961430680314607,15.175992150338454,0.0,6.088058484885229,1824.7400386709521,33.25490912729627,1.0
4.146,0.769,2.163,8.627,0.63,6.1,918.62,32.44,0.0
4.979092069568621,0.40784137835050005,2.1048162986919516,9.286563140014081,1.337857004255303,6.594521635880503,1038.9205626151174,33.617046734023354,0.0
5.762353156580119,2.170461818214303,2.815784663277969,15.371169121986037,0.0,6.067272334195439,1828.058289165945,33.252511200528645,1.0
3.316,-0.441,1.538,4.787,2.16,6.51,617.33,32.94,0.0
5.722579588221328,2.1707841550627918,2.8066085548484456,15.3168811150179,0.0,6.070734928762671,1823.1956054605198,33.24992662181491,1.0
4.7600043041227105,-0.2670751989641778,2.11444399617391,9.349726386085045,0.831412867120509,5.5032204304435695,1108.1545437143213,32.61177420737747,0.0
5.709616222299065,2.183812305338631,2.8205888199783984,15.263945018230865,0.0,6.077551801223491,1810.542079637855,33.24441203023115,1.0
2.8445531965929804,0.3147738752616082,1.927862796943582,5.163239097564042,0.0,5.740114474755393,702.6033357471633,34.011725986903805,1.0
4.441792724931031,-0.2890996121554593,2.05115934566338,8.178775706466599,0.3665936461985256,6.648154526853635,1008.0034116884366,32.39258277133119,0.0
4.157,-0.318,1.924,7.795,0.77,5.09,975.66,32.5,0.0
4.781273182500897,-0.6295480809401549,1.8862185006358676,8.400391505953305,0.5835127396661844,7.804966675707987,1116.4821422041946,32.541043721819705,0.0
4.421727952230486,0.007092307352754242,2.26281013875807,9.646988774237679,0.8582827979054413,6.181869206487133,1016.815941219925,32.509142265845114,0.0
4.407181363886419,0.11124833339836235,2.0630886663245325,8.282249226565416,1.0575142609013142,3.854468123360184,751.8376390027425,33.06778772365893,0.0
4.809,0.043,2.008,9.034,0.3,7.4,1129.42,32.5,0.0
4.973911742476481,0.40405518843994126,2.0974571763550194,9.22894907178943,1.3439087790076347,6.601825872476578,1038.6721771379873,33.61665165956414,0.0
4.565,-0.597,1.986,8.224,1.59,4.75,916.48,33.38,0.0
4.1820810558092445,-0.6394658053091757,1.9177544710208538,7.304595776155139,0.9176622613852898,5.562655694645901,903.3329989582118,32.501449693737385,0.0
2.8860694048368347,0.3140720011486137,1.9194981586595115,4.794161167540023,0.0,5.6934130655216535,707.3161040432527,34.00541783841274,1.0
4.277129292723989,0.45442207957651337,2.2860301299778776,8.866118069633893,1.6543468958620808,5.125227873735104,957.0907559574852,32.38051112601694,0.0
5.739052011152035,2.144249084602915,2.801522946054944,15.177876690149652,0.0,6.104698076054881,1838.4486871502274,33.241639419877636,1.0
2.912483148664376,-0.25006604443445907,2.0338210299090584,6.039871901598808,0.0,4.005762743902036,692.7434213731876,34.556434330030015,1.0
4.513,-0.436,1.97,8.365,1.01,6.76,977.19,33.44,0.0
4.550799398366516,0.30267047887496334,2.3828911162509625,10.301953663804559,0.6276687543709754,5.036792418069932,991.1270880060243,33.003293064629354,0.0
4.468,-0.427,1.994,8.012,2.09,7.47,1029.49,32.38,0.0
5.681770748096005,2.154666419682425,2.8269930140125963,15.235467538509607,0.0,6.065120772294556,1832.8377092777914,33.2439886835405,1.0
4.444,-0.312,1.923,8.161,0.77,4.83,940.66,33.69,0.0
4.223,-0.253,2.165,8.521,0.51,6.17,974.11,32.38,0.0
4.191,-0.207,2.162,8.528,1.98,6.6,996.01,32.38,0.0
5.504066761809739,0.7204134712096226,2.6952026876365776,14.21662382454965,0.9988455668597961,4.53212945539068,1094.5017276304623,33.42705476774055,0.0
4.558,-0.228,2.067,8.439,0.88,6.21,1075.74,32.38,0.0
4.488609414203245,0.07030152661945752,2.1077604325592056,8.144246369910277,0.19188615475146067,6.2512873482383045,989.148966839441,32.45909933824263,0.0
2.8681254159700886,0.3232619792151276,1.9040616371862844,5.161266965823922,0.0,5.730453806086457,681.906202954804,33.98710829679497,1.0
2.911126237108068,-0.1895927784550153,2.0296643869498503,5.6547270189865735,0.0,3.9911279472924726,698.5960895064757,34.57731380423861,1.0
2.967243568824785,-0.22786714589705448,2.026217219136496,5.807167150206285,0.0,3.9725420424356805,680.6964208223582,34.55228151052217,1.0
5.702622400615356,2.1974222977527513,2.7974348508992697,15.421057934359078,0.0,6.073210762259078,1839.0125543197182,33.24304658510139,1.0
2.8990580139112936,0.3620888439344902,1.901158832461423,4.832122177503617,0.0,5.7186248125978905,703.9268575420367,33.99591580481213,1.0
4.8554011464224685,-0.8147944328359901,1.829183954223941,8.122582529849662,0.6622025839694198,7.455344820381031,1162.2701429807807,32.566439863480845,0.0
5.705878574813622,2.188934586971605,2.793099968965282,15.227669324482903,0.0,6.046031252421199,1823.925813699355,33.25223645121276,1.0
4.605,-0.665,2.028,8.893,0.28,6.88,1092.93,32.31,0.0
5.743350585207866,2.1892159383783327,2.8010977508984682,15.213854416346171,0.0,6.075653318422344,1812.8814451563253,33.25048878762827,1.0
2.9822932386737855,-0.2347598341683698,2.0361195400956746,5.925323643258527,0.0,4.026506206870412,672.8149612075715,34.56498617529464,1.0
4.5677978923231715,-0.1734307922394373,1.9828697514844567,8.526554271557371,0.022325032841958317,7.802676435990505,1015.4517223130596,33.62002805767089,0.0
2.8450016183095093,0.2832604890010131,1.9199603871095368,5.01443527524763,0.0,5.739310364318303,730.2494140119436,33.997372045128614,1.0
2.9148597035843826,-0.2387025680503156,2.034136176253727,5.8255177816150105,0.0,4.005336490929822,694.121845349753,34.55983627043424,1.0
4.562941087532018,-0.6345476480234922,1.8833089588236531,7.89920290837248,0.6288255425051298,5.488791335134608,1034.1114673206357,32.56438782448458,0.0
4.657,-0.318,2.105,8.739,0.54,4.52,953.31,33.5,0.0
2.96514765386624,-0.23435300740101606,2.0263827810678525,5.781632341355,0.0,3.9697925484268373,678.7407039796179,34.56531667812011,1.0
5.666240128952228,2.2301213651763834,2.79677844967124,15.240614266865341,0.0,6.03000940356974,1845.943699901097,33.27893629113134,1.0
5.690251839291191,2.1539615451028435,2.8190880901684805,15.219509104982796,0.0,6.033080823620577,1807.8094352183336,33.21724978974742,1.0
2.919986939059341,0.3157618564763462,1.912913320731474,5.028487520518265,0.0,5.688303806372631,710.298327680577,34.003005588714444,1.0
2.952782184794782,-0.2412871945003717,2.0391794860739845,5.646971454714675,0.0,3.9646265850254796,688.7295772806814,34.57265777504759,1.0
4.73656628342654,-0.36122389092089097,2.1303044321296807,9.827575433049,0.7126900964213889,6.274114004985045,1045.9013645290488,32.55910673906656,0.0
5.7005375669187925,2.1380237385598932,2.8076625608002015,15.229866267050664,0.0,6.044217312665655,1807.524868612206,33.22964257061683,1.0
4.806,-0.735,1.807,7.995,0.37,6.69,1125.32,32.56,0.0
2.942638294906914,-0.24033295447113662,2.0379041525196095,5.818982553720816,0.0,4.021459462589179,678.1586245406704,34.55919384318899,1.0
2.9013823165285193,0.33099855300794195,1.8964045593943222,5.076069362884621,0.0,5.717004595126469,695.0504132507948,34.022152384386295,1.0
2.9522454712615467,-0.24402899571472345,2.0373930272800607,5.990213358463019,0.0,3.9956770766691045,680.7887529852306,34.55765909701119,1.0
4.232,0.07,2.043,7.785,0.0,3.84,662.01,33.19,0.0
4.862761464681742,0.11941919588485418,2.0784631539034657,8.984639951057439,0.012653627913908129,8.765745424214536,1057.1065170562915,33.24695811372518,0.0
2.8815989358963447,0.33959302686875437,1.897482664517743,5.134704074823714,0.0,5.708445322337683,710.2528210342931,34.00299062488063,1.0
2.9006774856229858,0.2722356809493467,1.9133639925798713,5.20559742689444,0.0,5.702728479375505,723.3157944804431,34.00635163693993,1.0
4.696,-0.356,1.818,7.964,0.85,7.57,919.76,33.12,0.0
4.77712610243766,0.026323534924739864,2.1207892644915405,9.706543167443732,0.007721719190499391,3.7754428819033787,936.5641218079212,32.99593435502877,0.0
4.729604826701399,-0.5010488788513444,1.8778113384605013,8.160613877997799,1.8065901550676773,6.311397638153635,1060.9145447280287,32.63915328315061,0.0
4.433,-0.389,1.99,8.31,0.42,8.44,1002.63,33.69,0.0
4.811684646981169,-0.7670618571678834,1.8680502153546397,8.54303118155934,0.47104726014941434,7.18801912752934,1101.812115056595,32.56925373698511,0.0
4.592329684485024,0.17344934711873228,2.081446286711113,8.666160437895728,0.7685005940490819,7.931188298307454,1032.563335717415,33.74698378190001,0.0
4.533,-0.716,1.834,7.9,0.91,5.75,978.6,32.31,0.0
5.709395040856216,2.213729146406292,2.8071782779114525,15.410274749006065,0.0,6.113911452655988,1826.0994281885337,33.27099650682967,1.0
4.367013761536078,-0.9406848759720794,1.8128449446483823,7.3187278988648705,0.8261386084620465,5.962835895274774,1032.9960017306355,32.38686989105778,0.0
4.5129173229041735,-0.41397849548021365,1.9634141262317075,8.386309722325597,0.9877232207752847,6.784353008130788,980.2889312353643,33.43821134016162,0.0
2.984993037700336,-0.2205903483301464,2.0255478467044497,5.678053918106286,0.0,3.9978489971920976,682.6991444740195,34.55867691228077,1.0
4.741256512140058,-0.5656980573868493,2.004641796414721,8.950101029631467,1.0639881326391532,7.052202466171291,1090.4504479440898,32.55435941418997,0.0
2.9884761896505077,-0.22190054230023568,2.0473762830756295,5.839804957671298,0.0,4.018371453713709,685.7906027217422,34.553610502342686,1.0
2.9127499777997494,-0.20694138783456983,2.032218554805217,5.851793594052368,0.0,3.9601323926054106,695.4362542084406,34.57751895709706,1.0
4.574712553801155,-0.3138696769731892,1.8787495453597536,8.185840735777628,0.010249141528618005,4.910576115358516,896.6833471430111,33.81820895296397,0.0
2.959922502488181,-0.26366460895992777,2.0248640133936084,5.78408289930057,0.0,3.997003089111404,663.6556336649041,34.57514797804049,1.0
4.558,0.397,2.035,8.819,1.08,7.88,946.17,33.0,0.0
3.968521060517587,-0.9208597956882354,1.6716743184308362,6.049498237210773,0.48962219973077764,5.748708432238523,907.8442392370454,32.43458307285683,0.0
4.717971182018868,0.34114588250082867,2.156994100425626,9.197823926014719,0.41197393451089676,7.333652699552463,822.6606977711606,33.24583991505959,0.0
2.9035771698983774,0.3072064211158264,1.91790042114285,4.9980302869829325,0.0,5.730669724004784,709.7716976906938,34.00514009626595,1.0
2.8717352153461815,0.3212229578837713,1.9158059372079554,5.27411458371573,0.0,5.6858006014289675,702.466962943525,33.982554265436306,1.0
4.38,-0.207,2.186,9.108,0.0,5.59,1000.67,33.75,0.0
4.231910755027585,0.39905550779047366,2.2488954172206572,9.083511029422885,0.3608424458908143,6.6621541000997135,997.604126618622,32.44265364570697,0.0
5.726647898596137,2.209669612011284,2.798042491230212,15.145693170424044,0.0,6.074391063823721,1830.4165401800585,33.25282456546212,1.0
4.494,-0.441,1.94,7.893,1.1,7.17,1002.47,32.44,0.0
4.71,0.067,2.172,9.346,0.68,6.19,1114.91,32.44,0.0
2.9196936906283626,0.3298997954248365,1.920471503726224,5.042111000071457,0.0,5.716491304101866,699.6594086921222,33.991409161739924,1.0
4.7104592453997505,0.30784004602020404,2.156186097732123,9.185509025708146,0.41908551947232703,7.251161088264271,823.3983691008206,33.24291360947309,0.0
4.59,0.028,2.101,8.792,0.96,6.68,1025.36,33.56,0.0
2.916871156517026,-0.24222835660803782,2.03373009000384,5.89718977863451,0.0,3.9738124257902023,689.5656877134128,34.5866535018368,1.0
4.470800351062374,-0.42147634035765735,1.985842107828885,8.050165201344367,2.098067469535147,7.44781628952332,1030.0365949446957,32.39005692683437,0.0
4.46024002988341,-0.23755695670162344,2.0906181530376946,8.876929882533194,0.34988740704341453,4.891986369775372,965.5126390760859,33.308302960594936,0.0
5.67013438980673,2.1088195317663834,2.8133137597673734,15.094257461730711,0.0,6.081217214534656,1810.2011036109147,33.24020158104742,1.0
4.472,-0.569,1.95,8.115,1.39,7.3,1008.3,32.5,0.0
5.754229618235752,2.243601185912017,2.8067148074256503,15.285476299820157,0.0,6.081017870131711,1820.2045568038247,33.2596541469859,1.0
4.427,-0.036,2.247,9.238,0.95,6.09,1036.87,32.44,0.0
5.726945537232032,2.1974645321278508,2.7947912323662862,15.25623316292723,0.0,6.063359617945978,1803.0848164284625,33.24153663555976,1.0
5.7118057292708055,2.1742167898906324,2.8124674123764883,15.349793825166442,0.0,6.054428761550776,1856.5670383772572,33.26281754445917,1.0
2.8233354650883826,0.28417256273417757,1.9048973714565411,5.037012653794387,0.0,5.7619005141886035,721.1070692337842,33.988389348527804,1.0
5.708733229282097,2.1503671196506264,2.8070003249943056,15.195227039654718,0.0,6.058526394848622,1842.2882074557467,33.24499375115097,1.0
5.674440567452532,2.1543030461116603,2.8137927637064033,15.383512974608726,0.0,6.07632042807658,1816.7985745124026,33.2538504878783,1.0
2.8585039999174757,0.3506277072084082,1.9205873487401741,5.16595074497625,0.0,5.716389416784784,720.2148785481037,33.987315865602056,1.0
2.875666662866843,0.3391200533850842,1.8975855995222441,5.25883511257007,0.0,5.700362846087049,708.9361667196328,33.99221612155511,1.0
4.226505556905083,0.3908526714303413,2.250900227437271,9.047084446009816,0.3486827673971249,6.637748242651897,998.9244482939475,32.426739166245504,0.0
5.752401736418644,2.1802262893752395,2.8074511039603505,15.680188849489236,0.0,6.059358794193245,1828.9571194521614,33.280207460767045,1.0
4.499980104320457,-0.411405687533767,1.9444090469447428,7.871167957774909,1.1135031792592924,7.18747683488495,1003.6443969359184,32.437463414715154,0.0
4.233088773304102,-0.3002026148403937,2.000009826897325,7.951335010172686,0.705335477847295,6.938109486433831,1044.9844974324853,32.38779536632731,0.0
4.274,1.499,2.277,9.27,0.61,5.88,916.77,32.44,0.0
5.675022861641707,2.1509961509885978,2.8058260346761497,15.328078141940459,0.0,6.123312855503889,1832.6385295440907,33.249608184253866,1.0
5.7249878115250254,2.1775671650831496,2.8154455530158686,15.228376144418448,0.0,6.086577287351035,1819.8934659803913,33.226750548014806,1.0
4.524,0.157,2.135,8.871,1.34,10.33,1058.55,32.88,0.0
4.304371156063444,-0.10392759242590545,2.130372493849827,8.555859465579353,0.019206445112440112,7.058622894700024,1108.9963400387646,32.37450192126205,0.0
5.687790310286925,2.1908630543673016,2.7857469384230114,15.357720687736219,0.0,6.078121544036997,1837.0275810187777,33.2596578083312,1.0
4.869,-1.353,1.759,8.351,0.66,8.07,999.66,33.0,0.0
4.526980408881532,0.21878788565339144,2.05283631906812,8.561203717793411,0.7675433050637495,6.580880701996788,1036.605296665391,32.42715781849982,0.0
3.4581672334149176,-1.0289555749410508,1.5449808439739658,4.536303749501832,0.6983644980710613,6.375071704937034,682.2603522636383,33.267084148537904,0.0
4.814967070515129,-0.12806993506911069,2.0778031605954173,9.463881752154986,0.29419017341080056,6.3987835308831755,1160.0859635470379,32.50243257507164,0.0
4.549052660021018,0.3759422058060937,2.2641917417496886,9.945681295982387,0.5435922891966198,6.1369623145044,1010.9699824207503,32.45786573802267,0.0
4.665,-0.154,2.116,9.386,0.4,5.48,1060.01,32.44,0.0
2.9757791165204948,-0.2551318503432967,2.01898891995583,5.688483675816857,0.0,3.9851908426521985,648.8342006367612,34.56109040596667,1.0
4.515,0.044,2.09,8.198,0.55,5.04,960.1,33.31,0.0
5.69290577808222,2.222171792156798,2.807523417887468,15.050525201020829,0.0,6.055280162302409,1793.457600608693,33.27771988477318,1.0
4.577635069651095,0.6018157119917392,2.121027398438251,9.118817828333835,0.8303840862757045,5.097727307351032,1126.6879174192184,32.505404823648995,0.0
4.402612248532658,-0.291806821507384,2.0181867284127497,8.393532797208929,2.6115090657009037,6.848176860938945,938.1403391500922,32.44453303772817,0.0
2.9248199152088903,-0.23191246734004253,2.019386796033319,5.565232839370664,0.0,3.9843233518811987,669.439535456492,34.54441603300841,1.0
4.516084951068676,-0.439793567335251,1.9759392285118254,8.3413312482615,1.0063219738077513,6.793237234932134,977.6609623645925,33.425390709158556,0.0
4.572617808019478,0.8490418381664988,2.2163035378783564,8.927026505657272,0.44824027182004683,6.177667782939889,1051.7779395614978,33.740677072915524,0.0
4.8102620714122555,-0.6841270895520172,1.7907350845901813,7.678122795766885,2.077918508726456,5.67378849240419,1029.621187115595,32.63054972876366,0.0
4.688,0.299,2.326,10.257,0.82,7.12,1126.68,32.5,0.0
5.6822145110723605,2.142313710565994,2.8016882842475854,15.21229545816057,0.0,6.07502454788965,1804.7931401448996,33.238740811526554,1.0
2.9297829156827833,-0.2388398846259524,2.031422782352878,5.744972491497925,0.0,4.018446337885029,684.6450271419213,34.53852739362952,1.0
4.495,-0.658,1.851,7.856,0.91,7.16,971.32,32.38,0.0
2.9374565071804932,-0.22555344046758236,2.020047645662287,5.711996094609626,0.0,3.9882527849634637,676.8111046096615,34.55625089975661,1.0
4.131179219931182,-0.6374899173996772,1.990332634566944,7.35140881141093,0.6991768864106594,4.5594557485746545,811.7784153258978,32.50137206291351,0.0
4.108962037874705,-0.33830861989664096,2.0919774473426784,8.425012830995861,0.4383505579873651,5.965103296716143,1027.1030500339514,32.50923202165467,0.0
4.4036480201721915,-0.0523635429580483,2.1194529841870606,8.66749675665412,0.7367248869299027,7.470327477459688,1201.5045172122914,32.452822674832234,0.0
3.904647513286765,-0.44976770397331883,1.7699280981916043,6.268584952255555,0.9016374617403479,6.631423923858196,851.4850769949543,32.44502092804899,0.0
2.991379751617792,-0.23066455674011743,2.0295960043704713,5.758841856344887,0.0,3.968902197977739,675.0983482340575,34.55175963338462,1.0
5.717576150277491,2.1824394738861947,2.7953487411206925,15.22746111548973,0.0,6.064749257832984,1817.5718019398034,33.24312450786234,1.0
4.531738170115087,0.236216270503396,2.055581955842227,8.606571498608373,0.7916439187348163,6.58517507296641,1033.3417726739326,32.458957668317886,0.0
4.567,-0.578,2.022,9.081,2.37,6.84,1037.62,32.38,0.0
5.7047543513842145,2.196402435625929,2.8147252971961736,15.215277742060259,0.0,6.0581960053705854,1810.0705622328358,33.264485065662434,1.0
4.762528527172574,0.1485381776367774,2.1239941496437282,9.678513231830157,0.48023375443149974,5.952828915651251,1089.1665048543746,33.352101571957604,0.0
4.519980996354696,0.25337253148873556,2.091111068672937,8.363967692070187,0.7223505758919667,6.489767083881604,907.8876982988596,33.554077440458016,0.0
4.484,0.094,2.114,8.129,0.2,6.22,989.03,32.44,0.0
5.707,2.174,2.807,15.253,0.0,6.07,1822.42,33.25,1.0
2.932808641215509,-0.21610905523284443,2.0245901473115584,5.55325035764761,0.0,3.984451388822911,661.7011125524245,34.55584063157712,1.0
4.501,-0.277,2.007,8.191,0.52,6.29,1027.24,32.31,0.0
5.289994250240679,-0.3156837679267896,1.8849241951775755,9.072197911592149,0.9502289388337092,6.621168483438999,1053.330098420866,33.385135262638784,0.0
2.9656243190362197,-0.25808768676024674,2.051675600155638,5.794429401276062,0.0,4.012431890339026,663.253753838633,34.58695450082874,1.0
4.535887359940271,-0.18707209454018708,2.081640613817859,8.944174639039797,0.3844822308085982,7.282431923558698,994.2171178669859,33.80582082766758,0.0
2.8127876872896103,0.3240141601830589,1.9112280646525301,5.092798127671296,0.0,5.778646249116394,710.3365873492264,34.017604772206454,1.0
4.670913783194225,-0.6697068436767291,1.8715229691180808,8.315571947214995,0.769587350473437,6.460793058536108,1072.930802399016,32.56575784392536,0.0
2.8992356378537236,0.3005191878786939,1.9186306411772647,5.049870899996717,0.0,5.738418507490026,729.9081098735388,34.0124700796344,1.0
2.943358328785302,-0.2388135916473179,2.0281503663972407,5.932775712934561,0.0,3.990434613597742,674.7361832799212,34.54093949528812,1.0
2.8617353777458434,0.3024264677405853,1.9036540946832416,4.953060607011202,0.0,5.705037468492778,715.5674806341369,34.00408737373573,1.0
4.297745198495605,-0.2819380402287439,2.0538389768157512,8.424455594740643,0.436940435947787,6.620209031334861,1105.6608430631243,32.3913868651412,0.0
4.603516426486184,-0.09418548039538469,2.134378209898578,8.919455283338849,0.0,6.2235865892019095,1043.9193078843045,33.75936954250854,0.0
4.489,-0.649,1.904,7.87,0.76,6.78,996.65,32.31,0.0
4.477,0.21,2.255,9.476,0.55,6.43,1053.06,33.81,0.0
4.122558518030996,-0.049753354751108175,1.904836240508886,7.6519839259711615,0.48563759196264283,6.716299960093921,881.8071751425513,32.462279541695786,0.0
2.8791535025097277,0.2640418831338878,1.8965126492617668,5.044572975655931,0.0,5.739713168808095,719.4370846415358,34.01015434393792,1.0
5.695192720618894,2.1484921782087865,2.7944998479473777,15.208797291490317,0.0,6.063076828592307,1821.68180620269,33.245325020657646,1.0
5.741789631216178,2.198935388166518,2.8041704100106895,15.39717155828323,0.0,6.0919758295558335,1829.3359932981705,33.25801371132675,1.0
5.70299094701119,2.155100681610518,2.807180920450514,15.265010107475016,0.0,6.077097052157511,1806.969913900091,33.236257346852014,1.0
5.706805911772195,2.1921442704113425,2.7894935430262953,15.320351092708444,0.0,6.052597737797843,1817.08151580882,33.24811602955859,1.0
4.718620642384844,0.08568057369885942,2.1671085704632724,9.361258372738435,0.7012506399150716,6.170231835045458,1116.2914252218063,32.44844571789801,0.0
5.713912291300486,2.1542899044316326,2.799655696841599,15.151890706550825,0.0,6.080833000278357,1818.4803647566391,33.250665155456865,1.0
4.469058221662919,-0.228747363502677,2.085980222898458,8.883591435113235,0.33948450928812457,4.892196007266483,965.6807061773336,33.298537480616275,0.0
5.656541486998943,2.179128247098328,2.795405250800129,15.350130423767784,0.0,6.1111429323889785,1843.1733482970963,33.272563656921605,1.0
4.579712414342113,-0.5351157774619987,1.8891938341336125,8.510441510227125,0.4095619641114675,6.2931480352009155,1035.7549705495742,33.7506282396375,0.0
4.364,0.135,2.204,8.711,2.25,6.76,963.67,32.44,0.0
5.67465543232667,2.193072916553752,2.8231871645205415,15.339823720432554,0.0,6.0442313881038725,1823.8853699635963,33.25193275803848,1.0
2.91532467543993,0.2897920829841112,1.9075760657707124,5.150462754895719,0.0,5.7511083879236224,738.298719828703,34.004507167090054,1.0
4.30422280208412,-0.16169555363672214,1.99259756550063,7.736225337115175,0.01526880638223461,5.5792536297988145,967.0765520603702,32.37323253533255,0.0
4.573859392885369,0.8440376009659062,2.2263717683575903,8.93424990610025,0.45828915449110474,6.213923049217326,1052.3689904820594,33.74976730315557,0.0
4.76218568573905,-0.4692523889526,1.9290474964721545,8.551300941141628,2.008001634430445,6.789995149230169,1042.7789277402521,32.39202932604722,0.0
2.9839146412890702,-0.25732411963335317,2.0202482871259035,5.688482313788213,0.0,3.9708374251413407,690.7531444775935,34.56742090171112,1.0
4.534519203336747,-0.20212116458160104,2.2377306404863724,9.399964047469748,2.0152184849908834,6.8157105276820955,1040.4740961361222,32.38608819617523,0.0
2.8225944890033845,0.30851464976401066,1.9142634361926036,5.095861939116372,0.0,5.72117517537459,714.9917458073669,34.004330341890736,1.0
3.8005855353572326,1.9647865595717637,2.3958519162711225,8.453155083401192,1.0536128749511893,4.430399924002883,625.2055308579852,33.10689118897351,0.0
4.544,0.33,2.379,10.334,0.64,5.05,991.07,33.0,0.0
4.368473141241467,-0.7391753511833713,1.9108063772284618,7.784964829867418,0.30437704267200194,6.647933674275991,957.5134973197253,32.686111119653184,0.0
2.9000185323257774,0.2773531157909891,1.900743165597756,4.900989301139964,0.0,5.753506026473706,691.8275164571482,33.998989870849314,1.0
5.731828042577234,2.165415258374998,2.8121864042177935,15.105809894948068,0.0,6.113785116114661,1831.5431538445655,33.253729688674376,1.0
4.438,0.027,2.095,8.697,1.79,4.26,942.88,32.38,0.0
4.175,-0.673,1.922,7.336,0.91,5.53,905.04,32.5,0.0
2.942430295093345,-0.2480094480415467,2.040272929952168,5.7067377644778,0.0,3.9705087509616024,692.8428337399209,34.5569454701723,1.0
2.948827338426828,-0.26277245718936687,2.0173986295944064,5.683684766222995,0.0,3.975452963669455,681.6609172835861,34.57820748146996,1.0
4.741,0.374,2.228,9.762,0.0,5.81,1113.49,32.44,0.0
2.867,0.303,1.909,5.071,0.0,5.73,718.03,34.0,1.0
5.7007748498099104,2.20045315999704,2.8065605843996733,15.380256338875286,0.0,6.0738382978723795,1832.1814128797162,33.230151450861584,1.0
5.750623977548323,2.178818066483638,2.8086245151010303,15.061841752506014,0.0,6.110943224149632,1835.7170353942727,33.25016264007698,1.0
5.74712653212805,2.208295080831067,2.803297031883404,15.273427071521526,0.0,6.076185350075284,1809.9639985862307,33.24457270749627,1.0
2.9240135798483244,0.3046577648414734,1.9210870824124708,5.134395554870452,0.0,5.7405801131830305,709.8421856770638,34.019290846601514,1.0
2.877901222396673,0.1997354080926539,1.9174997117761423,5.273476575901474,0.0,5.725210094560571,700.9262421379098,34.01126638398046,1.0
4.476,-0.42,2.028,8.649,0.63,6.08,1016.56,32.31,0.0
4.399181163072756,-0.011620235816350605,2.12094067020316,8.66639961091827,0.7187352889181021,7.455672388586996,1200.4841316940774,32.45495591265375,0.0
5.189,-0.324,1.691,7.812,0.0,7.32,980.69,32.94,0.0
2.9778288031788693,-0.2523141950648873,2.0186027347115316,5.907557524913786,0.0,3.970610268737246,665.2094217089992,34.56673619344347,1.0
5.695977161823358,2.192463191429373,2.8222682723486217,15.45136830053714,0.0,6.0163591653171045,1808.7813349641058,33.26172766792464,1.0
2.8678946895260036,0.3341638868466363,1.8964555084773622,5.128611033787354,0.0,5.738739099934553,722.63480346393,34.01381133963363,1.0
2.85830851671989,0.3107498915114024,1.901242370244743,4.983227907268311,0.0,5.716775623890703,721.5508260367372,34.00747538917857,1.0
2.8631405357841913,0.29643348050351237,1.9122003786912485,5.15932998540943,0.0,5.702807123085152,714.2558975894173,33.98986724099282,1.0
3.9664475646730293,-0.9409528471883295,1.6597749780860986,6.035600950460702,0.5203801561236183,5.727695177442059,905.9646281058127,32.45231412287741,0.0
4.486796858229059,0.14790391940032346,2.252247412361054,9.47264054198158,0.5243598993386458,6.445732943258512,1051.281758431856,33.80582131679,0.0
4.515,0.219,2.091,8.375,0.72,6.49,910.05,33.56,0.0
2.8668961727485205,0.32180972744928626,1.901286770159838,4.993508087851649,0.0,5.717580683386461,726.3257391406761,33.996507367746034,1.0
4.855038998816052,1.8486926530618937,2.675618254194602,12.378093200092094,0.7539088351409406,7.833544904211083,1223.9386181886807,33.80214259685786,0.0
4.451600995091901,0.37021553207461816,2.322284591661302,9.654616705028449,0.9155414378738784,6.107769905626388,1115.003366613044,32.43936448416499,0.0
4.791944368096575,0.22342436753962389,2.221291825071553,10.179572345655915,0.7555213706325574,6.354527151998939,1101.2434625007413,33.75032528698575,0.0
2.9343406463596544,-0.24839256185465727,2.0135849867157143,5.666388058613776,0.0,3.981636251836522,683.9491325438789,34.572929753746365,1.0
2.9430627132172744,-0.22718900394922048,2.0380438780374823,5.782469857855284,0.0,3.947243238376473,683.9180835380893,34.55545232466704,1.0
2.9438173776880046,-0.2302514767885047,2.037785594577141,5.705260202031853,0.0,3.977340720325609,683.2499305584697,34.54802878036101,1.0
2.9386915184693274,-0.26594019454154655,2.0273029547155486,5.714909338074835,0.0,3.9990537563181663,673.8770943709455,34.548825594103455,1.0
5.736018205894477,2.203860065749463,2.7915363833138396,15.283236359590289,0.0,6.03717480201186,1840.3352103667266,33.24442797685984,1.0
4.53,-0.035,2.057,8.66,1.51,6.88,1017.84,32.44,0.0
4.47976445058691,0.03184929349221498,2.2744562802598707,9.728897854538904,0.2844877379494927,7.384870213083054,1050.912932584178,32.75251094641959,0.0
4.387,-0.299,1.983,8.232,1.04,6.43,993.87,33.75,0.0
2.85903338588769,0.29341727122136274,1.9082615323783532,5.081653152881913,0.0,5.697459777668162,710.1512361429866,34.011417909886504,1.0
4.627,0.212,2.086,9.024,1.8,5.06,1011.49,33.44,0.0
2.9517031507606366,-0.2288150818780188,2.030401418039917,5.7164174432278445,0.0,4.014850217734651,669.4950073177025,34.550661527987835,1.0
2.911236794632062,0.27332577451895523,1.884486203302839,5.082807995120615,0.0,5.759523711414956,701.1663530259345,34.000438204757536,1.0
5.728995747911445,2.148188770009699,2.8090587176661552,15.429751261722444,0.0,6.104150406328843,1828.8805907494343,33.23531713652665,1.0
4.355588307394502,-0.21499781869494453,1.9943408711670516,8.443881326434429,0.7937409579758334,7.622180708772066,1016.4187427027114,32.429718365665096,0.0
2.913873561958396,0.2770614525225429,1.9127027058108295,5.024626666269363,0.0,5.720579846232614,731.6014090020302,34.0100412504754,1.0
2.9822908378620077,-0.22162598923543475,2.0257143326991693,5.746357606280432,0.0,3.9949637305874743,682.1202241380674,34.55852691363631,1.0
5.655292359558834,2.185260248234686,2.808618190248408,15.258399289586185,0.0,6.064769747051996,1822.3700316999398,33.22940422758535,1.0
5.675529155998961,2.2052728830343877,2.7856101010731042,15.380140157164929,0.0,6.077311723789939,1818.7885713506096,33.250883513055165,1.0
5.7115565425669175,2.1799904881434036,2.803197193027956,15.08538557318135,0.0,6.065185135794306,1814.469286662194,33.2562934104679,1.0
4.313186581276842,-0.18486155522849987,1.989754623812398,7.714660946586678,0.011387106956436901,5.558748565062612,966.9423864779542,32.39036077144257,0.0
2.8119538215124797,0.3245665673532648,1.915146616207918,5.067681685658,0.0,5.72508716300726,711.327977641804,33.99586393207895,1.0
2.864197097417293,0.2687317656802228,1.9101721881901734,4.885725592253029,0.0,5.74724905788983,726.2677365333772,33.999055457578194,1.0
4.42,0.086,1.961,7.91,1.74,3.58,815.93,33.38,0.0
5.781577016027038,2.1284689547760887,2.804309352891477,15.278719893297273,0.0,6.021487095981174,1816.3540298005278,33.24506505237351,1.0
5.56,-0.69,1.738,8.262,1.05,8.12,997.64,33.25,0.0
2.9205874572663615,-0.24073877192721582,2.0146590261393578,5.838868847725575,0.0,4.0038528549346255,693.6245461227473,34.561714589996015,1.0
2.975618571565707,-0.23433246967556723,2.0186350769193657,5.777560274878467,0.0,3.9728417731531818,685.4076991705189,34.549874973590896,1.0
2.838227381969939,0.281470060763379,1.9055201903215064,5.076860111046787,0.0,5.7284516165703705,724.7439334269723,34.00154296401935,1.0
4.556,-0.764,2.068,8.548,0.48,7.08,1019.6,32.31,0.0
4.122,-0.02,1.898,7.67,0.49,6.66,883.0,32.44,0.0
2.8195610887253952,0.29964889131255046,1.921174945908352,4.920339586847208,0.0,5.723286335160009,708.9197227773362,34.004118042544235,1.0
4.669,-0.521,1.975,8.91,0.78,6.48,1091.26,32.31,0.0
4.399000059901294,-0.028935926453514057,2.0905118733557795,8.137811376533783,0.33925454643691944,6.478737072368155,994.8227719807087,32.36346922841567,0.0
2.919355578760689,-0.21126183233181986,2.006562319935209,5.695702787432157,0.0,3.987596895604851,679.5954024923739,34.55758286878514,1.0
4.714,-0.723,1.882,7.998,1.86,7.71,1144.27,32.56,0.0
2.846422438849145,0.31481721121080575,1.9163192993371998,5.209987046410323,0.0,5.740372183391855,719.2524477743774,33.9909729835131,1.0
2.854944754868238,0.2823065582243717,1.921800846364541,5.067720941036836,0.0,5.699336343992324,710.1897546166714,33.995872910904296,1.0
4.519239322672718,-0.30479487444988757,2.138423021984527,8.93060764074789,0.16198074348266878,5.504616027208287,938.0002549313774,33.50386662013996,0.0
4.560670014053878,-0.0037124336063910357,2.18982726607426,9.26582362342888,0.15148699696790366,7.421724377584403,1134.5571665970017,32.450560036932934,0.0
4.726,-0.581,1.812,8.154,1.54,6.61,1044.29,32.62,0.0
4.489279173294591,-0.8647519058185722,1.9791685731627866,8.151756233923537,0.7003501482646319,7.001165034934933,958.6735194695146,33.31307144470353,0.0
4.6039154925201915,-0.6658800464618108,2.0321519844510503,8.829297881275256,0.2614414274307474,6.931141285306638,1096.7462650635055,32.316758793892966,0.0
5.67615288641181,2.189426587907668,2.8119029435441076,15.36227945575981,0.0,6.127246088775585,1817.8942566969044,33.264764612139125,1.0
4.66,0.116,2.203,9.979,0.39,7.06,1134.2,32.44,0.0
4.4358616504285,-0.23496109014195976,2.1431250742214036,8.996447016303222,2.2262887355431586,6.395399545599365,1027.198197009296,32.38327059323712,0.0
3.0030712414106433,-0.28815270644908764,2.0221658191348486,5.931174675685896,0.0,3.937230897854969,686.1052406644139,34.573749087012736,1.0
4.805257379756373,-0.3317258931041449,2.0438816131985913,9.46716614035496,2.02730974323396,5.759557188262799,1086.7959020111298,32.5603848915282,0.0
4.411,-0.206,2.088,8.761,0.83,4.45,949.63,33.25,0.0
2.9542237514987737,-0.22494910361442774,2.0208043571056424,5.728572213303965,0.0,4.023977354819567,670.5726982151746,34.572777745612555,1.0
2.884190928626284,0.30853505486459903,1.9169321173330331,5.23495613504777,0.0,5.733885508681978,732.5035035608165,34.01305105592588,1.0
2.968165476966692,-0.25698161274263215,2.0330222475942565,5.689496914174039,0.0,4.026231033402958,667.9992618714637,34.537697880079186,1.0
4.146678487032571,0.5233068607751923,2.1898591552786044,8.444902217877987,0.2799191272549744,5.415351588911443,901.6665900694948,32.48540721455061,0.0
4.639,0.272,2.196,9.746,1.01,5.27,1030.08,32.44,0.0
5.696201659352672,2.1795496901627565,2.8038584884728364,15.253214546701777,0.0,6.06653271519187,1832.4418206965336,33.2453818604201,1.0
4.518412391993584,0.6145609070950707,2.4929585593872465,10.90248827094532,0.5704583004149077,6.861638734275631,1149.3707456884915,32.43529229710658,0.0
4.733,-0.364,2.136,9.788,0.71,6.25,1042.51,32.56,0.0
4.5400381858388705,0.18746446206178222,2.2098684249470217,9.583791179405779,1.5875418589599648,5.84922201414197,1098.3995007631572,32.368726189036174,0.0
4.198762836483473,0.06689031940384799,1.9760389670097782,8.17962201246345,0.4795614527014989,4.84846275496003,960.520219741509,32.42411570282425,0.0
2.8473817058542363,0.3110601309819568,1.8943925445844356,4.958997789584012,0.0,5.689353439233212,712.8016892267823,34.007288950340936,1.0
5.682026784309331,2.1712381952543875,2.815170916294528,15.28198721962453,0.0,6.027969778436392,1819.4289118287713,33.245725262667996,1.0
4.353138819689376,-0.2602360330879623,2.0631975052479645,8.324187619610646,0.0,6.05471887791752,981.0758449439123,32.49108455760914,0.0
4.771,0.174,2.118,9.674,0.47,5.94,1091.85,33.38,0.0
5.665742320936701,2.2045603317280746,2.8240846202405874,15.217963628175351,0.0,6.032057388724278,1807.4578138709142,33.2484400649183,1.0
4.017,-0.804,1.861,6.88,0.95,5.39,790.26,33.12,0.0
5.683710215566697,2.1751097411560734,2.8111202077877833,15.419656458493996,0.0,6.078349435708356,1832.0446680628447,33.24595415535887,1.0
2.8166670296118075,0.3125456072510896,1.899660420816738,5.137282915886373,0.0,5.7353609313722105,697.5601560489773,34.00126379013152,1.0
3.943,-0.724,1.84,6.584,0.99,6.45,846.81,32.44,0.0
2.8430655014374704,0.32243239972363014,1.8905168201707365,5.186500293359188,0.0,5.733923939106972,715.364066306778,33.98429212522144,1.0
4.684577005518511,-0.5045433084377445,1.988228446300182,8.784812371961284,0.5166987905581176,8.075756636879483,1165.4794790223016,32.503133547773245,0.0
2.9183879105136787,-0.22538799825155853,2.043466251342828,5.707697807919182,0.0,3.9678387121505976,687.9778600408372,34.56059736701274,1.0
5.654,1.246,2.628,14.179,0.58,3.53,1355.27,32.38,0.0
4.18908986525678,-0.21802098622072794,2.1603052780556276,8.526182032240992,1.9927918471317032,6.57330834019519,995.2505675161365,32.383506271337936,0.0
4.861251248640583,-0.8648748874665355,1.8359274440722275,8.113095575971009,0.6482750757846492,7.448240474211802,1164.2033491447612,32.57130989569498,0.0
4.267390728648896,-0.6320665334802997,1.9386615372830518,7.790420857449061,0.8411992782744618,6.276935711128048,934.0762334120727,32.441479086487526,0.0
4.708305751914476,-0.6888210767727109,1.9926964879068683,9.025161095214486,1.0343147068670548,5.601456125092214,1095.338989333352,32.57392572085215,0.0
4.406428377355351,0.0021700665300528003,2.099678462923668,8.249311634410777,0.3415955726691084,6.439445726824279,996.741266945228,32.36615212460706,0.0
4.360219498520484,0.2179978898752782,2.1396720340569972,8.75940686730007,0.6337723205276637,7.431897454075082,1130.6213455174686,32.430417966734176,0.0
2.8547283839786557,0.3252762805305168,1.9138828648968176,4.836642215631872,0.0,5.734545631893472,737.4837061375548,34.00356208985077,1.0
2.9736983251887126,-0.21619497055209605,2.024286054667331,5.787118969369909,0.0,3.9938288321167166,661.1034648345573,34.54284619869428,1.0
2.8310102230709995,0.3091769029168633,1.9101245361246042,4.908722903576607,0.0,5.7151922509511435,689.6242190527328,33.992014750770586,1.0
4.544414251812199,1.2466248623081704,2.3172600115335356,10.09509876964114,0.20908918438859928,6.501565016109026,1075.5584542036363,33.8074324763982,0.0
3.975,-0.935,1.672,6.05,0.51,5.73,907.06,32.44,0.0
2.857095309576474,0.3042726592932068,1.9159720920418306,5.122532619329223,0.0,5.749688176156802,719.7219579149315,33.9921226893298,1.0
5.718297494710638,2.1933960006806075,2.8112754777698714,15.14986260006486,0.0,6.059960809334295,1808.4041203612107,33.26212404137087,1.0
4.739815821947716,-0.009872058013415055,2.180375347663082,9.824788062724181,0.909153712304703,4.7886818773946835,988.7644739783668,33.81395394373992,0.0
4.569,-0.483,2.009,8.834,0.65,6.19,1013.18,33.31,0.0
3.976,0.533,2.201,7.847,0.17,5.83,862.12,32.44,0.0
4.686,-0.001,2.031,9.148,0.0,6.7,1071.72,32.56,0.0
2.933068559577033,-0.24486823345127917,2.018179177377226,5.868119705698116,0.0,3.997461190775091,677.3200298410014,34.558327087969744,1.0
4.2246278017724626,-0.2218656324627722,1.9083299985832864,7.2740529581448445,0.8256479125100167,6.2896816146528804,901.1010480537092,32.50494870086296,0.0
4.639,-0.51,1.938,8.155,1.03,6.59,1032.94,32.56,0.0
5.076,0.084,1.918,9.351,0.0,7.76,1413.51,32.5,0.0
4.668318797154423,-0.506272716286242,1.9633666196741137,8.940043475212311,0.7704572236852295,6.440295230948937,1093.868727615079,32.30441722790752,0.0
4.719,-0.768,1.812,7.83,0.38,6.3,1054.49,32.5,0.0
4.536081208826396,0.06329812749098093,2.157277073214608,9.382355373978248,0.6880104326212403,5.410564658158623,1009.6534208057021,32.75265509049233,0.0
2.9399010061811373,-0.29510737491157574,2.0243254170973377,5.720854898843036,0.0,3.999475514972415,689.851414101503,34.55674224534866,1.0
5.7670735274945555,2.1688612648513548,2.790304012793269,15.161154834389595,0.0,6.062989175490523,1819.3904960151117,33.2543160580919,1.0
2.911051101273667,-0.21488657019859023,2.0105156600886676,5.865941414643611,0.0,3.9934707745527085,667.5628859516112,34.58131365548055,1.0
4.589608979162629,-0.02006562299634934,2.0272784288745855,8.785960413132907,0.0064685217992840474,6.349055556841656,1020.0505357016905,32.29947103923268,0.0
5.682674462516269,2.1454827268019465,2.7916677876292724,15.377938041346061,0.0,6.046574773485394,1818.2862523025092,33.268444610018236,1.0
2.9383680616085317,-0.22185075070459676,2.021813151996562,5.745192588511536,0.0,4.036724968310179,671.3537544924078,34.54666778068162,1.0
2.940743328490361,-0.2565972139953025,2.0234450533919013,5.676348411503747,0.0,3.9929960045169444,673.2802044404389,34.59197895147595,1.0
4.785380418875445,0.026389686722720955,2.1285990802817225,9.700189846688787,0.0,3.6952014281676373,932.7242681632425,32.99835084157266,0.0
2.904673932818674,-0.24161177222558214,2.0227397578313453,5.905724345997603,0.0,3.9999853622493475,675.4550858882657,34.52544767195094,1.0
4.29,-0.555,1.766,7.304,0.58,8.26,872.53,33.25,0.0
4.887597986561891,0.26089611698875126,1.992902682498747,8.901656946357193,2.479306383616625,9.46363148157898,1414.0371680339545,32.60491743456349,0.0
2.8464649695753836,0.2965108532563264,1.884994130399966,5.143632507523625,0.0,5.7266351949624275,710.6747590060149,33.985167819778056,1.0
4.504404863441317,-0.5958865540803243,1.8872031641720202,8.193655623927258,2.1186695917023624,6.938955454455392,1040.595212168467,32.387663188061005,0.0
5.517021948524536,0.7009601559277503,2.693478149546505,14.303925021800943,1.010909301703776,4.513222950362091,1088.482329508363,33.43798537817176,0.0
5.705075275884108,2.1592428197069307,2.8065488815913366,15.197665991495768,0.0,6.09144446588904,1841.747704022504,33.25866548354257,1.0
4.4055155758590985,-0.3016882043949704,2.004804357275598,8.365129930420373,2.5800498676991164,6.83840307347883,936.3178496009187,32.44709366252025,0.0
5.746086609456327,2.1997723822542254,2.800026462753238,15.226884059704991,0.0,6.100501703581455,1839.996930742366,33.25578022428126,1.0
5.673260791911996,2.1351992108797853,2.7931833278799805,15.025090978071004,0.0,6.029864057065622,1819.8978730837634,33.26147160719182,1.0
4.569,-0.734,1.742,6.992,0.84,5.81,980.46,32.56,0.0
5.716721696295789,2.191231766552003,2.8139138021915424,15.233298412043215,0.0,6.0577784785422795,1802.9923703569248,33.23828225008848,1.0
5.7339580387717755,2.198133254491079,2.823492968877978,15.247931711272468,0.0,6.074317610052711,1803.3987716510744,33.26172709517635,1.0
2.920558839339097,-0.20113352637131537,2.0444459551864806,5.924923592143253,0.0,3.9961023152575255,683.627349372444,34.56318802051041,1.0
4.413,-0.247,2.057,8.478,1.39,7.68,1012.97,32.38,0.0
4.287,0.002,1.943,8.053,0.48,7.3,1030.11,32.44,0.0
4.735,1.191,2.279,9.786,4.1,5.53,1054.78,32.38,0.0
4.324285960747657,-0.6300488495748732,1.9100687063308779,7.388986670213596,1.925810288802734,5.827904764803196,1010.481264086584,32.37150076614887,0.0
4.30333877153135,-0.14369408722330124,2.0007134489368528,7.74699496541469,0.0,5.570778399676337,967.6556367756226,32.38310321445171,0.0
5.750470554975804,2.218405549862538,2.791583879043965,15.348070675534148,0.0,6.0574164154357835,1799.672383106791,33.25573704478285,1.0
4.409,-0.409,2.041,8.115,0.61,5.62,965.46,32.31,0.0
2.895182084690931,-0.2310770006183475,2.016910985017666,5.876650079975908,0.0,3.985737799090568,647.886652287812,34.539518531485264,1.0
2.804039879079742,0.2805967272204817,1.9060378644219444,5.022169978942209,0.0,5.75874958894536,726.8572275885289,34.018831214833774,1.0
2.893472291708956,0.31257605521870846,1.9040650322374346,5.104931992412981,0.0,5.716470745969215,714.9424790630713,33.99724494015681,1.0
5.726094307736374,2.200067685128629,2.804938274024522,15.387240428614607,0.0,6.101200501600763,1816.1266510768537,33.23025432498133,1.0
5.686038672730643,2.192168651118714,2.8234423209797894,15.041387236851136,0.0,6.090270295527526,1816.3087532268612,33.24453979707476,1.0
2.9119039132504643,-0.21778517190321514,2.0030077473640655,5.879600983520347,0.0,4.026689415419501,685.1842322953094,34.579851324417525,1.0
5.33,1.223,2.788,13.958,3.34,4.2,1124.81,33.62,0.0
2.925516718355716,-0.2231946690629144,2.0422335462739993,5.737909195190441,0.0,4.005337924193564,683.6724157292641,34.588453150795964,1.0
2.9057073732314667,-0.21423068366885709,2.0304378697475314,5.785310512212252,0.0,3.9657876691911778,686.1893198079772,34.57512409226846,1.0
2.8630307925257235,0.3145751116476849,1.9141170854608636,5.2364150980635555,0.0,5.739034252165708,720.692168145474,34.01198658265623,1.0
2.9353874022778284,-0.24753076100398988,2.024179829972763,5.661767629750307,0.0,4.012490533835276,696.8380236455181,34.557383421233915,1.0
3.006770592576679,-0.26248130585875756,2.0251340486845693,5.827775063020666,0.0,3.9991270528300173,675.7083507979635,34.55685538222957,1.0
2.9406627243741323,-0.23433696089453737,2.024312058212442,5.833403718250057,0.0,4.027994205589134,685.9351863954786,34.53381395193341,1.0
5.664561688362512,2.1490454871146465,2.8241454902207885,15.334843238601735,0.0,6.047982308272557,1836.8303377295792,33.271015063770754,1.0
4.472572138376556,-0.32072988405389075,1.987404216767527,8.459794606871741,1.2852752299913304,5.568469053405506,976.8257830445173,32.439336647702554,0.0
4.666,-0.16,2.165,9.551,0.3,5.5,960.92,33.69,0.0
4.218,0.0,2.257,8.913,0.64,8.02,1025.09,32.38,0.0
4.108,-0.273,1.95,7.658,0.22,6.38,937.47,32.44,0.0
2.8043574277296304,0.3292874313167472,1.8965707679624058,5.15600657367427,0.0,5.717179848353969,724.1472628462204,34.00342241616914,1.0
4.400530889974765,-1.258318507787814,1.8178628965771368,7.59851825748758,0.4432351568145268,8.4335960141481,893.3546128825949,32.937723623951186,0.0
2.9171473120588693,0.3571200509728576,1.9179910841834515,4.972626268986278,0.0,5.736317760633554,733.9624499648311,33.97981648001101,1.0
4.306,-0.476,1.86,7.513,0.38,5.16,992.36,32.38,0.0
4.181639997650464,8.059556578277585,3.559070331998612,13.937385559875587,2.4910102182591203,4.251093388314883,1157.1472779315675,32.431304486442485,0.0
4.504,1.118,2.451,10.652,0.91,6.15,767.25,33.06,0.0
4.285363471544841,-0.04380040333787859,2.1231597493784053,8.532403720718621,0.0,7.052090961221834,1115.2908202778149,32.36932715003363,0.0
4.6076630600074315,-0.6161523623031467,2.0215857728978,8.878396506213146,0.25839005273794113,6.848284949846244,1093.54962092273,32.313490451534605,0.0
4.177,-0.224,1.8,6.621,0.0,9.17,850.51,32.44,0.0
4.538537429244106,-0.3106536036179111,1.9832931983984938,7.9788024951648815,1.5009122627653826,6.66858204666515,1034.7225288854227,32.38191673807165,0.0
2.842917436044159,0.22965700472164774,1.9053079492504206,5.209301747992146,0.0,5.739742404997761,726.4196638048744,33.994535155249054,1.0
4.714,-0.059,2.302,10.046,0.97,6.42,1064.4,33.44,0.0
4.337,-0.592,1.913,7.422,1.95,5.86,1011.32,32.38,0.0
5.695677211860311,2.201116741951722,2.806006481285106,15.321215011869258,0.0,6.052284596249937,1831.615016156076,33.26179932645711,1.0
4.502,0.266,2.295,10.002,1.32,5.97,1070.74,32.44,0.0
4.779,0.014,2.101,9.517,0.68,6.91,1062.3,33.5,0.0
2.8905408093908442,0.27408477870041226,1.9166817347654272,5.042875873598066,0.0,5.678584171548852,744.0524975870442,33.9932580031515,1.0
4.634,-0.535,1.827,8.112,0.2,6.62,1035.05,32.56,0.0
4.558,0.165,2.288,10.033,1.09,6.47,1119.61,32.5,0.0
5.753847095739968,2.1928539220879757,2.7983138122022324,15.252394721812498,0.0,6.079664536570972,1840.7407208736406,33.27260924328142,1.0
2.9165078192610725,-0.25409293079377915,2.017988787836246,5.818289399822455,0.0,4.00090241877592,680.1029272151684,34.55953198705371,1.0
4.528855532236296,0.06434874993686279,2.07492204052926,8.960678102979998,0.8626791952324603,6.68147815790846,1012.4403050844107,32.81409143231885,0.0
5.740982932171196,2.1818007073126333,2.8054834063487295,15.33825867381898,0.0,6.090909499698465,1823.645094593966,33.26454397463739,1.0
2.8128306080960543,0.2596436012007629,1.912294447928791,5.11275591162676,0.0,5.699412998646486,712.0918413691969,33.979861103742174,1.0
5.6650200025659245,2.2052382995623048,2.8224018181371737,15.146426268019377,0.0,6.073145176666182,1832.4887065447929,33.23928999216056,1.0
4.648601981466406,0.3687006569956384,2.2419373118554855,9.48540796884563,1.2761771830282898,6.012965397325101,1047.0181389346583,33.74921419422683,0.0
4.723,0.242,2.061,9.299,2.1,5.56,1028.5,32.56,0.0
4.730318790532792,-0.3778550934117601,2.1407712346354475,9.823981034344076,0.683326363480539,6.2522685801300915,1043.5043234542666,32.554373309282525,0.0
5.663660862750019,2.1833493412296825,2.807273544757499,15.189412475232565,0.0,6.0662743840854185,1800.6973664864067,33.23816861788644,1.0
4.336513350306415,-0.30928525753023434,1.9473806965291873,7.862016123277881,0.7067804899061703,4.098950958006257,902.9797875444199,33.38173809197122,0.0
2.984858204574345,-0.27319094634437396,2.036208060760019,5.842659424908271,0.0,3.988465236403735,674.2822514213555,34.53681179416033,1.0
4.776591966689549,-0.06564220442560081,2.054621529205672,8.98030438876261,0.4114381836142375,5.336819786757721,1056.0455005802069,33.75446183127297,0.0
5.676164962727314,2.1972145083019683,2.818032068915765,15.255103324378249,0.0,6.0810025822692175,1812.4659046112315,33.26199206736527,1.0
2.8335267297268736,0.2880499343136358,1.9114469401873388,4.947947175518324,0.0,5.72732830288078,702.1920667393414,34.002834136868024,1.0
5.711898055365658,2.163325446464224,2.822118504466173,15.33333271970738,0.0,6.079874102998332,1812.635879218084,33.23929587758653,1.0
5.643,0.21,2.633,14.056,1.01,7.67,1444.89,32.38,0.0
5.654504834885692,2.1569533658412765,2.82106461894399,15.33219397424627,0.0,6.052639252549356,1834.5739884699244,33.25227527416207,1.0
4.38,-0.443,2.009,8.272,1.9,7.59,1023.03,32.38,0.0
4.378542346952024,-0.5442920654319422,1.9472715458264631,7.610936248380603,2.4891562976700814,5.265938579666443,928.6966258314451,32.38260567698941,0.0
4.604,0.105,2.023,8.524,0.72,6.44,1007.81,32.81,0.0
3.001376206081048,-0.2059134312864657,2.018288878312268,5.74836375964663,0.0,4.015899688781354,677.8143773837803,34.55175620580513,1.0
4.974,0.4,2.098,9.248,1.33,6.57,1039.74,33.62,0.0
5.757645062869614,2.203254888362115,2.8165094229075676,15.154254706522924,0.0,6.0755989483238215,1821.493251935561,33.2414127377113,1.0
2.879127370139201,0.33146373392050477,1.911782139594824,4.928635475297455,0.0,5.716273214583733,731.600198786625,34.01275130589104,1.0
4.6827268257941315,-0.016786773728299842,1.9748437086160793,8.75402424629622,0.011728083044362082,6.590055295270834,1090.9046211159691,32.45303811108974,0.0
5.716908380055974,2.211892592773931,2.8073085426896673,15.402624898391467,0.0,6.081282563738029,1824.0580497662236,33.261255554425006,1.0
4.329,-0.146,2.168,8.799,0.92,6.5,1085.32,32.44,0.0
4.126,-0.626,1.99,7.332,0.71,4.6,810.29,32.5,0.0
4.551,0.593,2.212,9.405,0.28,6.09,1048.94,32.44,0.0
4.393,-0.54,1.924,8.224,0.84,5.18,938.55,32.44,0.0
4.403,-0.011,2.098,8.16,0.35,6.47,997.38,32.38,0.0
4.142010435821507,-0.49800690382388413,1.6996605680389387,6.529268531483099,1.8016652855030995,8.777869035871145,944.9624688197886,32.496144459500314,0.0
4.327,-0.085,2.176,8.89,1.88,6.5,997.8,32.38,0.0
5.738236667467501,2.165118718318884,2.825840091579646,15.067507684520805,0.0,6.093496190977453,1793.7560578115495,33.24528112381505,1.0
2.93009446313248,-0.2474109177873461,2.0285044676896566,5.805074374857692,0.0,3.997198980397515,668.1611765541026,34.57437683763851,1.0
4.536,-0.398,1.958,8.406,0.87,5.8,1041.04,32.31,0.0
4.521,-0.077,2.258,9.527,0.0,5.55,1056.08,32.44,0.0
4.561864743930043,-0.6654946568695225,1.9865373480931658,8.589044964320996,0.8090545141904559,5.166712237331724,1047.78049876341,32.39720424112823,0.0
4.3609576342216325,-0.46052394752513004,2.049663807658097,8.431369103413042,0.18862999828669869,6.906133835918609,940.9826840669398,32.31558587245936,0.0
4.445,0.554,2.25,9.536,2.57,6.82,1095.53,32.44,0.0
4.447,0.171,2.045,8.32,1.28,7.52,989.73,32.38,0.0
5.667329919531266,2.1404355944605666,2.7947841828467417,15.24801122252365,0.0,6.063385402455888,1824.670336709062,33.25129327584581,1.0
2.8815724050662874,0.3512573326752715,1.8968035882532417,5.050459865461751,0.0,5.708410594684227,707.2259829834431,33.98358193909533,1.0
4.240383157511998,0.38593459156193266,2.2555029663039714,9.013533252371948,0.35452291497909927,6.690146834277797,995.5374542939302,32.4493779978872,0.0
2.8806895379540287,0.3169804346887098,1.9080508118874304,5.082827159958222,0.0,5.698407008592363,736.5738385809184,33.986087861781954,1.0
4.423416671570042,-0.100363663639892,2.0037987426813664,8.486699107615763,0.519901373757196,5.9622138229394865,778.8605566001683,32.614944520274435,0.0
4.668,-0.458,2.024,9.223,0.84,6.48,1048.43,32.31,0.0
4.837,-0.506,1.939,8.824,0.47,6.74,1133.5,32.56,0.0
4.736020756565069,-0.5780750352204546,1.970880147662933,8.852462559611565,0.017390766856100803,5.996919865062377,1081.86193706352,32.3308014428874,0.0
2.9119356436996426,0.3250020340541441,1.9118913952892758,4.991665361721919,0.0,5.746658511676077,717.543775256235,34.002481300601225,1.0
4.450711120178265,-0.47421919424911657,1.952986209486236,8.109669466258428,0.16342603128803368,6.9145036187840025,991.5371057911615,32.36871345208234,0.0
5.729392780048475,2.1685635211138745,2.81020675244352,15.153752973607444,0.0,6.085381234089225,1806.0810890528708,33.220897313257126,1.0
4.468,-0.315,1.988,8.485,1.28,5.59,978.58,32.44,0.0
2.956094850730988,-0.25068734092632855,2.0180531046013366,5.8300351178877,0.0,3.948452917362769,682.9424207003494,34.58671314343733,1.0
5.649720750974247,1.2208733006528905,2.6309396046566853,14.192504809346753,0.5716854780308849,3.550582182360043,1352.7157359612174,32.37631532289869,0.0
2.9127860773972145,-0.21149516116005795,2.0208572841774464,5.798191862087675,0.0,4.009508510175324,690.4959466164718,34.55225233875495,1.0
4.352,-0.287,2.065,8.323,0.0,6.04,983.42,32.5,0.0
4.5345672396808085,-0.33291804189285124,1.9810050356413966,7.977847894650011,1.4860588461019706,6.669572206291084,1034.2942196484719,32.37166657880689,0.0
4.54,0.169,2.205,9.583,1.59,5.81,1093.42,32.38,0.0
5.703992030664516,2.1782950470347755,2.8078095647453623,15.239317389865228,0.0,6.063002467072001,1822.1863372386192,33.234665385960994,1.0
5.687795318435841,2.188695053119966,2.803556577549413,15.392275900095752,0.0,6.0646018716478025,1817.5772119245091,33.247399712587885,1.0
4.332226386106421,-0.5629392984777684,1.915543857982798,7.432332197149295,1.9614764425610056,5.862493324150037,1007.9940842131552,32.385752298462094,0.0
5.736157641197531,2.175434103817961,2.7979296468709034,15.3207042536389,0.0,6.0489484909859925,1809.1369815153416,33.2493483460123,1.0
3.0069370200322565,-0.2128203418215909,2.0373834147788275,5.817224003065841,0.0,4.026442643566249,638.6998397528126,34.53164303377323,1.0
2.987405087977821,-0.2038689891525774,2.0068667283406314,5.992550003616374,0.0,4.011036025305373,672.9218926368536,34.55495026891265,1.0
4.267137848751311,-0.7324271597188092,1.8379603242384608,7.05949323299458,0.36274032790706245,5.868270744939179,945.0041707867464,32.485482573994815,0.0
4.418930725328193,-0.885147003946304,1.6739794758568514,6.89956621336977,0.30439005366617405,7.316916151714583,926.2414229194458,32.44771447700043,0.0
4.615,0.536,2.315,9.746,0.0,5.83,1042.99,33.81,0.0
4.496,-0.651,1.953,8.249,0.34,6.59,1003.75,32.56,0.0
2.849293969355975,0.3005671054356048,1.9217856007890008,5.258196031708938,0.0,5.757129127215947,713.6874345903819,34.009774185119255,1.0
4.422,-0.103,2.002,8.493,0.53,5.98,778.02,32.62,0.0
5.722984895530788,2.1640139860416934,2.80760444190352,15.404022136494532,0.0,6.080797213996912,1853.442575718078,33.263844202315276,1.0
4.452,0.378,2.321,9.638,0.9,6.1,1117.38,32.44,0.0
2.95019435735403,-0.2653275390114886,2.04249360207445,5.869519554684142,0.0,4.0491850898871204,670.2979443616199,34.56733794102447,1.0
4.759477153784681,-0.543519408689712,1.9146441753978625,8.526315530931726,2.0444249707203666,6.863985083625608,1045.0815482313876,32.382410339545004,0.0
4.75,-0.56,2.006,8.989,1.05,7.08,1089.92,32.56,0.0
5.686924594391406,2.159317168690176,2.8140941466183573,15.446466824190647,0.0,6.055567645598191,1823.0003638382318,33.24483089103068,1.0
2.9686737928922518,-0.22880112500494182,2.028575529187758,5.804926139909896,0.0,3.976752447410179,671.8056362448622,34.573256828600776,1.0
4.382,-0.439,2.064,8.613,0.63,4.57,920.43,32.44,0.0
4.202,-0.426,1.917,7.615,0.9,5.52,953.97,32.44,0.0
5.697918636526873,2.2351785806936317,2.810780340211802,15.3246263701671,0.0,6.077580797958225,1844.0196299688866,33.24609894559153,1.0
2.881259645690916,0.27158285923849323,1.8996413791568458,5.053583469491133,0.0,5.7024415320068895,749.8807998598967,34.00727291338712,1.0
4.590679082726311,-0.1980232542221639,1.9295045661642634,7.978629182862361,0.0,5.635054141471828,881.902379346516,33.69479420270878,0.0
4.542498678415936,-0.5147975279463347,2.052561428453637,8.898289770167816,0.8644139700173051,6.358306881411695,1097.672409505067,33.819006711406544,0.0
2.954816142095815,-0.2334366019766153,2.0294232576485167,5.8976057845531376,0.0,3.9786095957952448,686.5893682461747,34.561019379804165,1.0
5.684302879149768,2.201259986496903,2.8046644999819335,15.264209450837294,0.0,6.073666049325745,1812.5896566211525,33.263908845850814,1.0
4.845,1.864,2.612,12.291,1.39,2.91,982.74,32.44,0.0
2.9734817110154155,-0.23870785641577966,2.0271804682854944,5.7801340723350645,0.0,4.012281807459899,675.6651802558208,34.55298283556186,1.0
5.7330708609153165,2.172245627678697,2.8065602379789185,15.47413206604178,0.0,6.0682552295001635,1820.8718816716948,33.251098300641274,1.0
2.9562015933306345,-0.25238616945594317,2.0152588691544673,5.828070004226229,0.0,3.9702278687012815,674.1077605702079,34.58239920721221,1.0
2.8662272682688377,0.3113221459973264,1.9060652888595995,5.084445398123986,0.0,5.705839890648124,686.8514880140707,34.00661735150439,1.0
4.439,-0.457,2.084,8.771,1.74,7.79,1061.65,32.31,0.0
2.9187571678253437,-0.24458948951314444,2.026431412667746,5.773717980125235,0.0,4.003261358825421,683.1977897925129,34.548256823256516,1.0
4.728469974413834,-0.5280249866907141,1.8150544973642917,8.15055370148008,1.5211442160456408,6.66253358861894,1048.2941897007065,32.6230843664463,0.0
5.712711759408938,2.1374970305257204,2.798078349339966,15.333291804922165,0.0,6.095702479511816,1797.4400762568714,33.23285022061697,1.0
5.7067480856457395,2.1923427143056595,2.795957928627146,15.257185728092647,0.0,6.044004075799664,1828.6817582075641,33.257782399886196,1.0
4.765424667476515,-0.34599183819907064,2.0091948767752754,8.62215378237638,0.5560877968775231,7.6958290863391605,1136.4024983382296,32.75347327030388,0.0
2.9552735201930367,-0.2562624704905642,2.0190958518309805,5.731860182550662,0.0,4.0186390882858,682.1447426636922,34.54961826668412,1.0
2.9501693324343776,-0.24003306629940405,2.0214525875586795,6.037609218761347,0.0,4.01913449210916,691.6908799223081,34.55758996529775,1.0
2.910542708617027,0.2783927049635832,1.8892376065363548,5.185329800404578,0.0,5.7364045435823865,739.2923312999859,34.01619069481202,1.0
2.8883843739504056,0.3294734466913459,1.908206124585481,5.114156899004022,0.0,5.682114591087462,723.199179056364,34.008827992474025,1.0
4.959,0.69,2.362,10.69,1.34,6.94,1079.64,33.81,0.0
5.7163510069259225,2.1554383271261357,2.8132414063492344,15.41345550182522,0.0,6.108047029390606,1814.886428124231,33.27233785846976,1.0
2.854312784597395,0.26453332907750493,1.9054816418315523,5.259489074686775,0.0,5.712627558228829,728.6851036599169,34.01163375806912,1.0
2.8468959418509447,0.30585931984576836,1.9341510391041559,5.029779998430382,0.0,5.721257055188769,732.4889620814158,34.001333589698795,1.0
4.335,0.206,2.176,8.683,0.59,6.26,922.86,32.5,0.0
4.688478042844968,-0.14777820721354298,2.1389989729512586,9.68869254507907,0.3067528974255337,7.434820894648317,1117.9594053271214,33.383011249390506,0.0
5.676776785221796,2.1419272283430044,2.823249416688916,15.298092080325404,0.0,6.069937779998502,1809.6977529041164,33.251257827770566,1.0
4.9214727709641135,-0.9756562754616874,1.8444773946715656,8.783155640035902,0.0,5.854555491849569,980.8814468322736,33.06661488637622,0.0
4.239,-0.245,1.995,7.925,0.72,6.91,1046.13,32.38,0.0
4.57502776087243,-0.4720385598311965,2.009527426867723,8.82021319311261,0.663604436872953,6.174407341214732,1012.3374121483482,33.315627460441824,0.0
2.934378810773701,-0.24181841381558877,2.021702731421232,5.818680975974914,0.0,4.014448231793214,666.2774999214764,34.55145993502218,1.0
4.554,-0.061,2.008,8.605,1.08,6.37,1027.2,32.5,0.0
4.473,0.112,2.159,9.19,2.12,6.28,1015.57,32.44,0.0
2.875387232798687,0.332295285329912,1.8945132536939047,4.9416064601867244,0.0,5.738600470923349,715.394468735108,34.0020569740587,1.0
4.654,-0.259,2.01,8.896,0.47,5.18,1014.81,33.75,0.0
2.8185353994148046,0.3000459095992332,1.9103113987075926,4.933327638762473,0.0,5.7082863367925984,721.252694333831,33.999169889049256,1.0
5.683760480546609,2.1585121355859775,2.804198706868286,15.264155844228155,0.0,6.064459671432349,1838.244705380134,33.242515292028884,1.0
2.9036238176025373,0.3546219191025846,1.898831672586927,5.052519145958941,0.0,5.734080589172809,718.0720167745914,34.02192942649633,1.0
2.858869719702572,0.28224865824286627,1.9097970982640586,5.158881788127698,0.0,5.738467122369127,710.0908231536035,34.00023174483054,1.0
2.9427192066248464,-0.23227374496264042,2.0216395951371364,5.736472207064646,0.0,3.9493112451109207,685.2100692911811,34.57739532606839,1.0
3.0116202868385376,-0.22628527542977306,2.028518873053714,5.600548276076222,0.0,4.000631395273524,677.5900859231978,34.5389359999815,1.0
5.093,2.071,2.917,14.398,0.25,3.37,1062.6,32.44,0.0
4.094076032771771,-0.007282045250623575,2.0322443277672138,7.836826922955451,1.9408546463633873,6.6208499109077055,930.4166128736616,32.3709561374214,0.0
4.385419178369001,-0.8960102437974428,1.8140162120707928,7.288219584913661,0.8374787363733616,5.97274560201325,1034.1750307702257,32.36509132578285,0.0
4.768,-0.575,1.964,8.939,0.2,6.91,1090.28,32.56,0.0
4.58228745598509,-0.5211672382331718,1.8915014205079332,8.561520035860159,0.4055180163705588,6.263991092930626,1041.226657248254,33.75320771771347,0.0
5.008,-0.221,2.327,11.304,1.11,6.82,1183.8,33.81,0.0
4.794459615994444,0.21815515745555447,2.2216307976720957,10.08737340151931,0.7611264609719148,6.308301235033263,1099.5526927532733,33.750490885438396,0.0
4.744345336504783,-0.5327902639256731,1.884953882881841,8.522015750987578,2.0478204975366108,5.875802486072605,1004.9200573441498,32.38441164743945,0.0
2.934470125113971,-0.20288729669144978,2.017161733023742,5.799902450933676,0.0,4.016351515063594,679.1612330824826,34.57938649985162,1.0
2.9144061705092503,-0.25398376932506034,2.03634857539388,5.841430261069997,0.0,3.968725578316295,685.3988222208603,34.56968561532782,1.0
4.441229434691845,0.0035524883316605874,2.095782795967592,8.722600260738584,1.7806563966565192,4.261665027055118,942.3958452456519,32.39092143862,0.0
2.938890013040171,-0.24676602467445755,2.0243029742000984,5.871813600048164,0.0,4.021450787987756,681.7130089114075,34.55326325190974,1.0
5.691063180059991,2.2035862617619775,2.8075469676159446,15.297410063739118,0.0,6.030970307793382,1848.6072162222697,33.235571722886675,1.0
5.711627223374924,2.1820661409298343,2.804929549414447,15.298850605253213,0.0,6.047478111330376,1794.0453664950355,33.24321505609196,1.0
4.6085981413344586,-0.6707352047382653,2.0294660098059008,8.945172373408075,0.2711177019903745,6.914182989446933,1094.6737608367644,32.30473056805249,0.0
4.693519202688208,-0.18224109984897813,2.1386155004354537,9.699875200884527,0.32569846943897035,7.379924416837869,1117.0550670158318,33.40122132064389,0.0
4.454328011346545,-0.3800773920111059,2.082101661057348,8.641183314122918,0.610424993861287,7.024781022583254,1042.3445730345152,32.31563490765195,0.0
2.8940272226326162,-0.27072796370965685,2.021495790046641,5.719039135979794,0.0,3.978109036989715,688.3153409581453,34.58813212147649,1.0
4.64215978081003,-0.5513393072956868,1.8499588462987304,8.297843567843687,0.006129006260989486,6.3008968793448386,1029.6166770152497,32.31771317752489,0.0
4.432335558747344,-0.062427344910054264,2.0287390635860802,8.197007641407058,0.010901987545706758,6.590148918548018,1041.4366948908712,32.319571414355515,0.0
4.6821997751132125,0.3103099099282656,2.3271024674391767,10.25536124378625,0.8214470507643382,7.088888420845125,1126.254532558867,32.507319034486024,0.0
2.8998042109814124,0.3167010753411772,1.9110370890676738,4.971187166962647,0.0,5.755278452104089,722.0360388843244,34.00551269561422,1.0
4.432893045414749,-0.2845953267350703,2.0439840125641218,8.167836612671854,0.3319070617351004,6.635104157609838,1002.2565961921421,32.370392766818796,0.0
5.703470869085979,2.161318075082409,2.7949284040120825,15.221845154588237,0.0,6.077452883799023,1837.6934441884066,33.24737798543991,1.0
2.806105190453944,0.2931593411350359,1.892220650119015,4.908896673791213,0.0,5.729736140021109,726.2218218371886,33.988712224359574,1.0
2.8207780606396136,0.31875187966700413,1.905304172857029,5.147673539883784,0.0,5.7456924887893335,732.0975327015593,34.00724926592975,1.0
2.9652415168207513,-0.23892547494984895,2.0317109486581773,5.662335066298889,0.0,3.9704366530964137,677.7665602935448,34.55369521310598,1.0
4.577,0.87,2.224,8.933,0.47,6.18,1052.17,33.75,0.0
4.613874008980579,0.3457473936775758,2.2151235999681496,9.286376219995661,0.9570050438845749,6.080769260502254,1052.27438120384,33.763915794643985,0.0
2.847083750034373,0.29571888573947774,1.8969200557854435,4.936250038058296,0.0,5.715622792104696,747.9300860101752,33.97198413045974,1.0
4.664,0.482,2.085,9.341,0.2,5.83,998.29,33.62,0.0
4.272291877540203,-0.2695590085947062,1.8008804135402927,7.13676088612841,0.6149278522100081,4.9865606832466725,979.8790932939727,32.44610632523828,0.0
4.67229423441737,-0.5115514372021176,1.9754775001182039,8.951977478028763,0.7848113297624233,6.491439233162556,1090.128459213693,32.298910329835614,0.0
4.456587209568714,0.051305057272535544,2.3055007551940974,9.855278742805144,0.7052896752569254,6.182362308560263,1032.866902810216,33.69291492704777,0.0
2.8469876472236675,0.31398315685216244,1.913579093121994,5.038338948491144,0.0,5.710318602611252,718.6406789473047,34.018231821921006,1.0
4.610527512227499,-0.73564564105151,1.888036281882601,8.306319254748667,0.4868219042554068,6.503405576534862,1101.6872849673814,32.55833379075714,0.0
5.735465019922963,2.18697506765246,2.8086361016832626,15.379207482845127,0.0,6.080099056145971,1827.2666189914582,33.24206764111057,1.0
2.8589737856488346,0.3115957336593044,1.9333541581021074,5.0891434411336425,0.0,5.71358823682422,735.5961188286321,33.975336056705316,1.0
5.707117440089394,2.1807283767391312,2.8026303307753455,15.222310287798095,0.0,6.0448103810333125,1795.6209121648264,33.2616789977223,1.0
5.650654997992849,2.1715252250666,2.8070490140691793,15.27477700683302,0.0,6.064371807155617,1797.82787803072,33.24542606811258,1.0
2.946868457943975,-0.2039139505079245,2.0190195279001917,5.963330044582519,0.0,4.037092469285458,676.0347627662385,34.58532199661128,1.0
2.986276600685382,-0.2531717615570388,2.0162571636351534,5.888333014959181,0.0,3.994022465966356,686.9723919408715,34.54754322611576,1.0
2.968250067905033,-0.2213496048500561,2.015112120215358,5.9082702368176205,0.0,3.9351306311148457,682.1467925493561,34.571172814276,1.0
5.704654309374272,2.192021025770556,2.80460873939711,15.400790123329278,0.0,6.047740387788312,1795.6944124348736,33.26484918383765,1.0
2.8242835836982856,0.3171535954407391,1.8899242714085631,5.207217781282668,0.0,5.737450793069471,716.2695791992796,33.998642571397966,1.0
4.636627771096485,-0.11055629804634375,2.181690341990945,9.711103798729491,0.9233268120580149,6.352151038618489,1029.7968316355423,33.55409386309218,0.0
4.132,-0.465,1.931,7.21,0.26,7.51,933.48,32.38,0.0
2.8479686749655553,0.3012783488021647,1.9272524611058173,4.947358145004631,0.0,5.759055777956429,722.2739481370113,34.004668435136935,1.0
4.500968907065299,-0.43506848138113563,1.9941569712110025,8.511738961540246,0.5247263602452603,6.1510171640935924,1006.7595104343553,32.310521270674734,0.0
2.9736723591740595,-0.21328237099654893,2.0249485960787856,5.793067232611248,0.0,3.99575051994469,652.0302005776042,34.56081078006384,1.0
4.643903616195933,-0.5839637944615848,1.9633811295740558,8.112445057580068,0.21948091132696965,6.751380472070293,1008.2230804819866,32.37730060654302,0.0
2.8591266409369194,0.28425570214520496,1.9091831417022687,5.046623263289037,0.0,5.7287278706257245,744.0192432219778,33.97049554977123,1.0
4.307,-0.156,1.992,7.747,0.0,5.58,966.16,32.38,0.0
4.686,0.402,2.314,10.594,0.5,6.95,1108.08,32.44,0.0
2.9257191075809224,-0.2690334633712464,2.0288664037234705,5.91154051397892,0.0,3.9867154586389204,670.4218243654199,34.567683753243784,1.0
4.413787641547891,-0.4060313630455836,2.0415796744023957,8.101611098089565,0.6179488954209859,5.57184279370866,962.1136044918081,32.3155098151638,0.0
2.818369178367314,0.28773895496304036,1.9019226166490473,5.175457656830889,0.0,5.735478050852255,726.9641420562226,34.005403440333744,1.0
4.352953643654983,-0.18680534135408783,2.0460927406956424,8.634766444115394,0.910276475321905,7.606011773818699,997.6308627757807,32.75738211971896,0.0
5.70638057549817,2.163639021408904,2.8113749565472537,15.074246074049753,0.0,6.0682985115228085,1802.2775944960413,33.24121851762709,1.0
4.533403513704765,0.016152551966739585,2.0730334629422322,8.91934178082614,0.8733165539644043,6.673683679532378,1016.656702776221,32.81714242195514,0.0
5.705826205806458,2.157673182728874,2.8193443667969666,15.099057039060467,0.0,6.03295353662061,1824.4315933093767,33.258429177815486,1.0
4.709,-0.02,2.056,8.982,0.58,4.0,1008.46,33.56,0.0
6.11,-1.22,1.891,10.341,0.39,3.43,1083.95,33.81,0.0
5.673430000390145,2.1765753033262003,2.8036875300169903,15.034299349301607,0.0,6.07137179241357,1806.9347334193092,33.26971716712719,1.0
4.74306643662103,-0.276748207116102,2.0749021038671995,8.996691401974315,1.751448267240039,7.5363806402550235,1189.6725014893054,32.38240365497453,0.0
4.387169218027374,-0.8971790104213977,1.81460309418442,7.537080494295215,0.8788899175732018,5.794053732802507,969.7293796221531,32.300077045352964,0.0
2.827138170818377,0.3310368195364293,1.8965772660220577,5.157060325095385,0.0,5.754351772684459,726.4683602284347,34.01616484860926,1.0
4.282730816092105,-0.06670881049760133,2.0870319944066456,8.500410668402509,0.2029971264247104,7.847944050949462,1015.7563949312679,32.38889235534431,0.0
2.892327001637604,0.2851456865240531,1.9105481397598083,5.06030447472505,0.0,5.710779598934237,705.9215226222885,34.01841912658892,1.0
2.933774288524003,0.31336358382079366,1.8973186916763218,5.075919317059218,0.0,5.709966495576449,703.5722850789624,34.01191568529997,1.0
5.699929489525006,2.2308664722861993,2.809135832238005,15.263830054534372,0.0,6.0805760648649665,1858.570856936832,33.24319767584698,1.0
4.378887868438527,-0.8932276031679481,1.8032371960607663,7.331544016981727,0.8296601908500033,5.958644098594508,1029.7090835899073,32.36953999277908,0.0
4.588,-0.053,2.027,8.837,0.0,6.38,1017.14,32.31,0.0
2.9382746469358776,-0.23433808897757177,2.022043825659733,5.604328690652464,0.0,4.0079749933812865,668.7737265543547,34.56538521128923,1.0
4.192,0.524,2.221,8.74,0.99,6.78,1077.92,32.5,0.0
5.1105009363908085,-0.8428313090249385,1.8113983068828143,8.821107455048802,1.126898131804388,8.10384809177745,985.4202872122288,33.1347247186391,0.0
4.228,-0.305,2.159,7.91,1.7,6.13,1023.45,32.38,0.0
2.950309631663007,-0.2214872361842543,2.0381623767779313,5.830034831847697,0.0,4.0061473260435845,668.4673067816133,34.55073323735716,1.0
5.689126598927569,2.1683119171482277,2.7929060816966436,15.381675761981171,0.0,6.079912119668649,1811.3980796103504,33.23976768122396,1.0
4.256210048801232,0.37541029904187917,2.289821388663037,8.927568093387762,1.6699698637017828,5.112657632444596,957.7500668113207,32.3930567432248,0.0
5.6930014317925774,2.1727355519980285,2.8075483881243337,15.380989233299863,0.0,6.0397927024409155,1829.3343482194928,33.26445388142781,1.0
5.727989899298613,2.1797390584029226,2.807295010941898,15.033759185228991,0.0,6.079096870785493,1814.6406240388967,33.25059926195116,1.0
5.647846150463553,2.1957727179784556,2.819042772263317,15.076994065544957,0.0,6.056900160406579,1822.24741455891,33.23701337246083,1.0
2.9987780471473746,-0.2466360688387232,2.0230049999526516,5.7010032997311955,0.0,3.966533550765008,663.4166817386326,34.5644263781558,1.0
2.954201518442356,-0.19949391862804292,2.0277404248528135,5.68557954117295,0.0,3.9799636949077546,682.1503290449632,34.577372340434316,1.0
2.834367815802135,0.3111856963299571,1.9134008373804052,5.16012417730341,0.0,5.718494546178899,729.001187916697,33.978223823749005,1.0
4.688693809174923,-0.4673911206264204,1.9819304596433032,8.859877615864496,0.5164081353002321,8.091281620672609,1160.0793654666459,32.50040764660455,0.0
4.555,-0.232,1.907,7.86,1.79,5.39,1050.57,33.44,0.0
5.679442776129441,2.1753737543564178,2.815212076478346,15.26735044662823,0.0,6.0741484830647465,1809.031081892734,33.23378094562621,1.0
4.342,-0.251,1.851,7.669,0.69,5.38,1029.2,32.44,0.0
2.835102938684141,0.26099001172208297,1.8893246390715077,5.224334061678052,0.0,5.746792346431716,737.4361540414072,33.999932550279695,1.0
2.866335682134054,0.325352310713791,1.898098055006413,5.162870840888,0.0,5.746316664881624,723.4498856056965,34.00264862612572,1.0
2.938657821844683,-0.2496504970133057,2.019108091293255,5.891845808958738,0.0,3.9828794978405413,664.6206089143145,34.5342410655324,1.0
4.1825346755860044,0.5009754859610147,2.2287850717757847,8.786121719707221,0.9856987750964534,6.804415301930452,1074.105985693333,32.49074409417661,0.0
4.64,-0.532,1.838,8.266,0.0,6.27,1034.72,32.31,0.0
2.82269622698943,0.33457246113065353,1.8986752686817028,5.2551603195740615,0.0,5.709480483643758,715.7530602107928,33.96870181421153,1.0
2.954568943436923,-0.2358220953594381,2.035869885370889,5.923484641743865,0.0,4.016282758050334,657.3966840440579,34.52807475699486,1.0
2.912207006175506,-0.16511298539032918,2.0345759653382034,5.597961496214477,0.0,4.007033876690816,680.9926826497018,34.524266925743085,1.0
3.01283150499235,-0.21855619128300174,2.0427583843316817,5.953386709635885,0.0,4.00051109131042,646.2058303783824,34.57104299838574,1.0
4.851910663985719,1.8674845317940365,2.6129180618351677,12.306860960173195,1.3922847967126073,2.9085401790205596,980.0728295870205,32.44033849212146,0.0
4.586416897649539,-0.08506505397502882,2.135824922548698,9.278733924011743,0.8177486386215189,6.8089419093966,1050.8094533503604,33.49189534063633,0.0
5.094674403866678,2.0823322861385813,2.915194199128186,14.412278692120394,0.23334112107267999,3.3857149877529698,1064.7521362191276,32.42663152320855,0.0
5.738093416579729,2.1519330847985607,2.805246927721632,15.09322993650338,0.0,6.052401437511264,1790.8499074052309,33.24990661112861,1.0
2.951718945475777,-0.2638583955472803,2.0138917034015122,5.892993131917383,0.0,4.029535115377692,693.7436162082934,34.593884570147345,1.0
4.126237426690891,-0.12290584494552145,2.0018684455503397,7.494159637076496,0.39915705146485836,10.928947230972895,978.8337736241476,32.5004185710006,0.0
4.661069187014333,0.3920823257986932,2.2390177583876736,9.538310765059768,1.2870420052394604,5.993751808358734,1045.6162872858586,33.7361732432363,0.0
4.537968217781229,-0.39334176938604315,1.9583041389487468,8.393136240449522,0.8993628484717943,5.815723487011076,1041.7230949129191,32.29768523560779,0.0
4.472,-0.577,1.909,8.024,0.3,7.12,1041.2,32.56,0.0
4.508356196857864,0.20157031395871675,2.087617673314478,8.41332513420426,0.7248856610706982,6.517266371497012,910.797559514007,33.55330640024008,0.0
5.665769135789923,2.1866483856219507,2.8154063149418294,15.429695439238115,0.0,6.035504109528331,1837.4317258969727,33.221678190593074,1.0
2.8387457221872925,0.3399188646743553,1.9033965361610352,5.070263295567712,0.0,5.7337433947375755,737.5213836179496,33.99386491380636,1.0
2.9407909428023515,-0.20553866252552258,2.0196475219498655,5.754981217734233,0.0,3.956943901093264,681.6265837986574,34.55528497380582,1.0
5.705192902992475,2.193584983499375,2.8034538975986583,15.151969904031738,0.0,6.061168790158942,1822.1281241233703,33.23018288044984,1.0
5.694066806293188,2.1400059804283624,2.7965683758343545,15.147893826371313,0.0,6.0774237600720085,1816.701882156016,33.23608279162693,1.0
5.671269186153195,2.151076593275059,2.8101650181348776,15.102073196728417,0.0,6.048252522747162,1830.4147957544285,33.25321949680483,1.0
4.563204556272991,0.35029299391429675,2.420367448747868,10.576067896929725,1.3519052153970255,5.217757492177553,1006.6912175532415,32.30835763119347,0.0
2.8613699930949004,0.26954177646145716,1.9298872037933275,5.269623939694057,0.0,5.778629781120569,722.4141168206473,33.99640909809826,1.0
2.8553079723058765,0.28681323191967867,1.8975848374433257,5.045988571426411,0.0,5.728919726830703,711.1556509473581,33.987809131266424,1.0
4.264,-0.405,2.062,8.295,0.32,6.48,1025.93,32.44,0.0
2.821888555674817,0.2889381046174005,1.9009992384244976,4.861656859792697,0.0,5.733608652666466,717.5517366501631,34.01568866636147,1.0
4.4116199078932485,-0.27230631637960384,2.009022209495541,8.363108064848431,2.6203088728275006,6.80308751944153,938.0190255947718,32.432719745515016,0.0
2.841067368106302,0.3045340721243217,1.906098159375188,5.154367018021799,0.0,5.704488330177052,734.314127283534,33.98488270432098,1.0
2.8844688808534342,0.3724498145052491,1.9050575600558923,5.121766024453595,0.0,5.755043447667161,693.4555051482191,33.981220284939184,1.0
4.741614286176591,0.290577912233903,1.9948498442935294,8.400699114840755,0.9661555359322961,5.5427138571435615,990.4045454601809,33.697731236002674,0.0
4.391449479001726,-1.2177621747855185,1.82731436375106,7.571955331754987,0.4675937086979064,8.493321955221397,892.5066261522379,32.93659918995349,0.0
2.890169759068597,-0.21282290287919123,2.022781594424145,5.731449530720158,0.0,4.0098541214948895,685.1112699749233,34.558168343941524,1.0
2.9321823288625652,-0.24306041440049048,2.031207037218318,5.85567375822586,0.0,3.947533956097371,664.7434981757068,34.56116515948246,1.0
5.7036988734461405,2.168151157586411,2.8073911454384697,14.958812551221909,0.0,6.047361721645708,1836.3379215200362,33.270543619358996,1.0
5.685280146469101,2.1269665169066676,2.801363031410495,15.524226442566704,0.0,6.067268814520896,1817.3028163890622,33.24702310198323,1.0
4.32894982352053,-0.3373261471589142,1.9044866294492033,7.61035280439124,2.5146447591553556,6.157312598470718,963.0348082503147,32.366417672633226,0.0
2.926828534962464,-0.2000488858404928,2.027310260711604,5.7568499479018085,0.0,3.960516819717424,686.0794984828223,34.56544606628423,1.0
4.561634141730653,-0.625585166427073,1.9922772922047796,8.60795169959731,0.8105688574395626,5.165531635661224,1043.7992541363355,32.39454220810059,0.0
4.944009733350798,-0.15631893207734812,2.1238938259288984,10.13441955633488,0.3612777587707253,6.662767769792316,1231.6221707673858,33.806997958578194,0.0
4.5032686197091145,-0.5871037910778386,1.8756041349036958,8.196919810347955,2.1369975634382654,6.920131900337542,1040.6892852782664,32.373311485666655,0.0
4.509303964464396,0.6418544530507294,2.4868149513349094,10.957652852176711,0.580880174722256,6.796967876855396,1147.303210057497,32.45657907168761,0.0
4.568,-0.506,1.982,8.13,0.98,8.25,1031.42,32.62,0.0
4.259,0.157,2.239,8.942,2.13,6.33,1000.86,32.38,0.0
2.9990026676373307,-0.20235694362368445,2.0288713354051633,5.769581779022476,0.0,4.026802517820467,690.1579494151446,34.563371489373274,1.0
4.572415090819055,0.03480008317316072,2.22500798861897,9.625294623926472,0.926602626049439,6.4779433477658275,999.5731061242973,32.69344154062495,0.0
4.795,0.191,2.223,10.117,0.76,6.32,1102.21,33.75,0.0
4.625,-0.724,2.036,8.715,0.86,5.83,1030.03,32.31,0.0
2.963931813039209,-0.2388979481851345,2.023691597228853,5.804182175839387,0.0,3.984073594164683,678.9111100746142,34.56481765363352,1.0
2.896872299258616,0.2745554952046754,1.906865807479542,4.977025281323516,0.0,5.731266525691698,728.2205580718053,34.00606277320449,1.0
2.9459699593851703,-0.22121606466571736,2.0308410778524513,5.736458628532675,0.0,4.007872148412802,689.3417809261102,34.54240040091366,1.0
5.750920634061255,2.1118366807672606,2.817097972028885,15.186703591933846,0.0,6.08520008469355,1821.204918142023,33.26008123228988,1.0
3.3195856985618617,-0.4278740563302378,1.534705060153576,4.75276343435434,2.1592404093921584,6.540499121530198,620.879273985043,32.93904704462949,0.0
4.311,-0.275,1.947,7.781,2.16,6.1,1011.08,32.38,0.0
5.734745259023987,2.195208936175004,2.802665785836247,15.318816653848554,0.0,6.061681048545833,1823.7351027514917,33.24729940998985,1.0
4.232968669221392,-0.18452724799983866,1.9054812047956449,7.299756346623199,0.8142568907418491,6.269190442942277,905.1464359193618,32.50302401322279,0.0
2.8475567354746762,0.282357343571895,1.9177665572754174,4.976673964823315,0.0,5.72135970009446,707.2631999684453,33.994840557937984,1.0
2.9237155200665192,-0.2409376929248762,2.0408963137126004,5.728316911173164,0.0,4.014668754333091,683.9642638894619,34.55481889749931,1.0
4.654,-0.972,1.901,7.941,0.86,6.7,1073.57,32.81,0.0
4.313,-0.781,1.895,7.265,0.46,7.37,1106.05,32.5,0.0
2.899386877065431,-0.19121580542136238,2.0258029790727923,5.857844273162567,0.0,4.005098408158424,661.3297915086608,34.54853230800235,1.0
4.524553157094134,0.018566385589782144,2.083723807480456,8.93457377861398,0.87162500217338,6.695498325450377,1018.6742387572198,32.8037006373518,0.0
2.932927372608436,-0.21843157743504502,2.0387784984515136,5.686370511046314,0.0,3.990846416581235,693.8910423173908,34.55016398952007,1.0
2.922348472369894,-0.24754721255514617,2.023279152412299,5.746447280393886,0.0,3.997955667601982,679.4817233648695,34.571388279484445,1.0
4.550250352952604,-0.6520695551023595,1.967665744274034,8.272935872966844,1.0229488996004208,6.47354704809564,1008.1918842171613,32.33422067507075,0.0
2.9841267574907975,-0.24179334447196957,2.005532330951427,5.8090347122227675,0.0,3.999529085354889,672.707525588255,34.56559946054092,1.0
4.4917410995413105,-0.5357095415853123,1.8885953203273191,7.993848063426295,1.15698420047482,8.825160370570842,894.3768828044865,33.17849091647357,0.0
4.707,-0.326,2.016,8.528,0.92,7.07,1059.65,32.38,0.0
4.440775653332631,0.04801873060926753,2.0856741980070095,8.684457636422604,1.781567290705779,4.238113107238353,941.9238004048516,32.376170599100035,0.0
4.4306244154002155,0.08460642683355228,1.9688446966197153,7.919324523078635,1.7168345139962178,3.5717408682831526,816.6925214152061,33.37039457132462,0.0
4.520765917642482,0.2066106755624731,2.0936806269597024,8.382713646360145,0.7254562727786256,6.470544799457101,909.5804837449684,33.5591359185618,0.0
4.774614589676138,-0.6758955460362026,1.8837352856614087,8.390754265119037,0.608160990634547,7.791658249088404,1116.1907772092611,32.54964938894086,0.0
2.906823824801648,0.3110942187346266,1.9200672612177134,5.198616519735172,0.0,5.7745484205629936,730.9217286345223,34.01111315276641,1.0
5.728662719648093,2.1765449637151777,2.812683376471772,15.292524733614995,0.0,6.081764511589344,1833.109005371454,33.221356865354586,1.0
4.456942553772905,-0.786758933030739,1.949951256495976,8.357263564617973,0.0,5.638136310214572,997.5522229664977,32.56030527707151,0.0
4.511067840369912,0.24111698479494276,2.2952796753529654,10.015691709435375,1.3147756275236886,6.016446773087566,1075.4659122196313,32.42306718559535,0.0
5.732107670681154,2.155774882089715,2.8067493061216156,15.359813215322808,0.0,6.043350013855893,1812.8596290518594,33.23639936845433,1.0
4.783018630240831,0.5230402417926632,2.513805704806138,11.170698001223712,1.5507601580314758,6.624023026858575,1147.8830378140344,33.745566614290645,0.0
5.712311669861339,2.1759951244644467,2.8186366331130492,15.139288771017005,0.0,6.082502795367572,1816.023414424536,33.26523168131414,1.0
4.611472495371052,-0.299761797408058,1.93740168611239,8.391518674480286,0.6931057593366893,6.517590639027851,983.8415983030574,32.54631147812636,0.0
4.48,-0.163,2.212,9.371,0.77,7.79,1105.89,32.44,0.0
4.529440400155705,-0.30668883555974746,2.231617110806844,9.912146556218692,0.3614546039502553,6.198888132992487,968.3249895395936,32.45591087675746,0.0
2.9469288579595827,-0.23427642952638622,2.0358671215415938,6.024140828771003,0.0,3.973655896529054,671.6737070893686,34.56371231269907,1.0
4.579066788443428,-0.7451800684303114,2.0195453075085674,8.590224229627026,0.43364712029310304,4.674700597704028,993.6229784693121,33.43902218154947,0.0
4.522897299409564,0.18859621727432657,2.1307575167903665,8.845738382154968,1.3256258693491965,10.326553979012006,1058.5825123076609,32.87819138990265,0.0
5.727946200059806,2.1671834039638633,2.794236112861888,15.398797164909306,0.0,6.0843322752514,1823.7416992067472,33.25983742589172,1.0
4.216,-0.212,2.175,8.779,0.3,7.88,1085.06,32.38,0.0
4.439277876172726,-0.411085292985853,1.9946630902638158,8.312270514645986,0.41125096851927634,8.44205854022347,1000.3649615964129,33.68120384827959,0.0
2.925945835645682,-0.2548842315537494,2.021228746827289,5.748657512013466,0.0,3.9534723904350084,674.6164828710093,34.540916160960556,1.0
5.77872845076069,2.2040705389831556,2.804144062886644,15.299983794794706,0.0,6.058347604526834,1802.245560715371,33.240856597882804,1.0
4.722506633964744,-0.43223936664505574,1.947754407966406,8.75291341237453,1.2122455590182513,7.236848211543676,1125.2888817533176,33.802670715796864,0.0
4.527827909790785,-0.23146282669846135,2.143271809762719,8.927360533668978,0.9324533654349744,8.15730029590864,1068.6888107881166,32.50850419978671,0.0
2.850745477354258,0.29349901380956067,1.9214816227908809,4.941371203232614,0.0,5.69129570269987,703.9151979640947,33.991176040424264,1.0
2.899756916084426,0.3317929768932737,1.9072619790559187,5.249593871986228,0.0,5.708844186032744,704.2134101013407,34.02174311810766,1.0
4.117,-0.195,1.917,7.191,0.37,6.68,937.26,32.5,0.0
4.511,0.911,2.397,9.739,0.44,5.71,923.51,33.75,0.0
4.623,0.094,1.956,8.396,1.59,8.06,1027.26,32.88,0.0
2.8813096157233913,0.2626299998893209,1.901908782921771,5.154334283731271,0.0,5.741291908446112,701.5740347137847,33.98372120180357,1.0
2.8583356192567604,0.2515143098296412,1.9150344737431215,4.913129340379995,0.0,5.731873297283921,721.1673215634285,33.9992446222237,1.0
2.8351621072558686,0.2766811182707343,1.9073510490484515,5.1685175247434225,0.0,5.731965111667302,715.1433148521025,33.99827565248997,1.0
4.518748362692585,-0.20915602331521446,2.113407144717459,9.018556022123397,0.2796359933907812,5.93725272808358,1064.1935901010313,32.44871229107954,0.0
2.8448383414682272,0.2899472756053873,1.9062617905038541,4.976451879095022,0.0,5.74401481346351,733.6312785271653,34.01812071370007,1.0
5.71999706816627,2.1936398893050217,2.8150235955231544,15.375574352147662,0.0,6.059286094583614,1812.6260215843474,33.246060602737614,1.0
4.968867401465,0.3742450693897854,2.096279572592046,9.272809739886329,1.3272347617226201,6.5546751732798025,1041.8418907722748,33.61474976262159,0.0
4.539703281939776,0.34726643508066796,2.3253769023914095,9.950811605038849,0.9192377780798876,5.172454130009884,926.302297515584,33.55659586403462,0.0
4.381,-0.893,1.808,7.316,0.82,5.96,1031.67,32.38,0.0
4.746376079906179,1.2038294182727076,2.2789453266566944,9.801304656697077,4.106392116400538,5.5657751864986444,1055.8223962928491,32.40898727752256,0.0
2.930218973851722,-0.2793285211979888,2.029228328787381,5.834504066522235,0.0,3.9975811430968697,682.1818824858567,34.5756078093547,1.0
4.763,-0.259,2.119,9.297,0.85,5.49,1107.72,32.62,0.0
4.575,-0.742,2.016,8.599,0.44,4.66,991.26,33.44,0.0
5.6539554008341195,2.1910319057852385,2.806106819537239,15.198267901691317,0.0,6.079582370312612,1821.4657648082068,33.25157152115349,1.0
2.931227502515342,-0.22013553248378626,2.0407507461455814,5.785488219554313,0.0,3.9661861169298427,665.7392874767428,34.59553333759476,1.0
4.574909261692874,-0.6335579195922562,1.9896353016018369,8.253361012948421,1.5993238987572465,4.756707909376025,915.396654147101,33.3913883863612,0.0
5.676302881428392,2.1545780098822584,2.7984685704306393,15.03756295161727,0.0,6.042885351466255,1822.2238764132876,33.26133364856452,1.0
5.670993925363467,2.1593729028958544,2.8195366686297865,15.370178347873608,0.0,6.059494847545764,1828.5391284852303,33.25134407136989,1.0
4.1883618084454435,-0.3935900198081772,1.8177695375797602,6.858657595994176,0.35989413682956367,6.91903150647459,902.0006014088992,32.437941016411145,0.0
5.744134438708954,2.186948483167845,2.799369395381425,15.162707701799865,0.0,6.102681892911595,1848.422454516094,33.223732264986566,1.0
4.44101271855821,-0.18582731650460496,2.141957725789123,9.033023928472087,2.2048404873916145,6.340578125667816,1026.9597731648728,32.38657842023791,0.0
2.8248985499722017,0.3129684995022366,1.9349816958861694,5.101720784902674,0.0,5.708497180349285,719.237997445157,33.98558830267152,1.0
5.7396249229011085,2.181561736524201,2.8222856929640394,15.15309054954915,0.0,6.041505333777265,1825.490350156246,33.264301005545256,1.0
2.948009007933719,-0.26835173927546685,2.0417612645176333,5.634278394010872,0.0,4.003291829627703,669.4762058269719,34.53105917762363,1.0
2.972426206821668,-0.26070373205903286,2.0478681629159055,6.011517287578996,0.0,3.9925187202470482,660.5077341418897,34.54636470514202,1.0
4.656072509637579,0.14712001891768145,2.203933216711097,9.987345481766281,0.4042276158536843,7.058821835440237,1134.982494336553,32.436730104536295,0.0
4.149,-0.272,1.961,7.855,0.99,7.09,884.5,32.44,0.0
4.574,-0.151,1.98,8.55,0.0,7.76,1014.99,33.62,0.0
5.67552923027146,2.1642256373240674,2.8294689166908555,15.117952298472138,0.0,6.08055721917752,1849.7987859322527,33.23667622197651,1.0
5.693793137957141,2.1496046252236654,2.8001441861657774,15.411462230383208,0.0,6.115846412846651,1830.8782134171151,33.24173711562666,1.0
2.86266199647748,0.2944486804417076,1.9137477301585069,5.045175677170549,0.0,5.693263156205854,715.0133841357394,34.02221708383584,1.0
4.564,0.469,2.169,9.028,0.42,4.82,982.29,33.44,0.0
4.749148927814448,0.014114937426090756,2.1689445457522782,9.862833265440239,0.9198259867068941,4.735313599752962,988.9460353094424,33.80912343125627,0.0
4.584467480080278,-0.9818701767281209,1.8284857712271114,7.5637671582772406,1.047653949077084,7.21392708572563,1036.9666704491638,32.43271140102538,0.0
4.823,-0.152,2.083,9.484,0.3,6.43,1164.1,32.5,0.0
4.536984102999755,-0.2569146563893351,2.2399149529022973,9.957383765484108,0.31164394493986974,6.19303851547272,968.3617010297945,32.44431141497333,0.0
5.715206776214405,2.1605441442038638,2.8082344396716326,15.290904852751147,0.0,6.04422209188228,1813.6913461810354,33.260895904257076,1.0
2.9229377446518585,-0.26567955316209957,2.0264808931942855,5.524708572216775,0.0,4.035551638440863,668.2087810017259,34.59690022517788,1.0
2.9500289868628977,-0.21433106264281873,2.0207940091324916,5.727320390260392,0.0,4.01010280762885,687.2958482966,34.57861721099667,1.0
5.723875088196601,2.1878043342593547,2.8064411938956013,15.224886478993868,0.0,6.047395135082527,1823.074298239183,33.271894275793976,1.0
4.386,-0.056,1.987,7.861,0.67,7.06,949.54,32.38,0.0
5.715202693196579,2.1529975012849403,2.8032120550230433,14.99502649802899,0.0,6.068479372722962,1838.020343355029,33.25383874810795,1.0
2.8582802933258495,0.310231737301037,1.911358483667877,5.206138770783382,0.0,5.72383916224722,708.2247045745265,34.00697460047212,1.0
5.637592512319523,2.1986459782101573,2.805056850320178,15.308965896161247,0.0,6.116114660153055,1827.7605057872645,33.285217891932525,1.0
5.669497164684933,2.144591829451743,2.827176618534411,15.47261284697382,0.0,6.055336417976407,1827.0704653413416,33.24682833216753,1.0
2.8498773862512703,0.28401334285872637,1.904421710653421,5.129798369339018,0.0,5.741401024752102,730.0335814377551,34.00511041807087,1.0
4.811443710385062,-0.06524018251361771,2.042477252878808,9.234867658938729,0.012105407384753714,6.002262115731834,1070.0219792356334,32.561816100684794,0.0
2.955029451623036,-0.30666338653509245,2.0311856116124734,5.654823218544136,0.0,3.982018494778997,681.3366009168008,34.54206664048714,1.0
4.786244977209117,-0.29277589795774916,1.9995895203507452,9.074028827640909,0.6936780358716952,7.966059041044444,1087.8632159844512,32.576849550614625,0.0
4.423,-0.212,2.215,9.472,1.14,6.99,1016.43,32.31,0.0
5.724892327313661,2.199101429886532,2.809332574183719,15.301553941412898,0.0,6.057789106266255,1814.3522728498317,33.260808411191924,1.0
2.881414576447966,0.34909992110386057,1.906262375870049,5.117782153004325,0.0,5.683923787014794,725.0968158972887,33.99982554789228,1.0
2.870711762583444,0.32450878369066477,1.9158853318084954,4.948162804204989,0.0,5.734281090641917,719.5593490868727,34.0155138768041,1.0
4.229052916418173,0.4494895001319913,2.2446059470527073,9.080693686207367,0.2978597509072397,6.640932450521402,996.5632166535756,32.45901900849851,0.0
4.559707776439012,-0.5934584019821232,1.976281251406116,8.201190371527673,1.6095006080501277,4.764153392137873,920.0109265298546,33.392197564780346,0.0
4.562163004321692,-0.288539116250314,1.8841466076518825,8.204995004482214,0.003503624755195653,4.9695761594244585,894.7431458523596,33.810159751177466,0.0
5.722327683664433,2.187234176195842,2.793627888740196,15.328187182563008,0.0,6.020961028897448,1825.2902942264768,33.243542231236674,1.0
2.991001147212316,-0.2299559592103861,2.0401772411198844,5.730681724650355,0.0,4.004410115346179,675.8224763815388,34.552431769180885,1.0
5.73366606460234,2.192785109730857,2.8107087377365927,15.027944280576559,0.0,6.076045289463699,1796.1666228244064,33.238897329858176,1.0
5.7364083270567,2.1771922056037423,2.8263769441622344,15.398705588546562,0.0,6.072360711177734,1824.9418194146106,33.24618751846558,1.0
4.423064753856012,-0.8839588600069241,1.6739646354243363,6.86580754269378,0.27891985195226815,7.321591598353327,928.8436861268665,32.42834000558658,0.0
4.5205577922728315,-0.2887968493443583,2.1251280138256052,8.894322658261329,0.16347722662348152,5.516668848726671,937.0258443578214,33.5062788559404,0.0
2.9388681066781186,-0.30093766334681926,2.013004367856297,5.730608080259004,0.0,4.059492922221173,675.1730705307428,34.552101011131974,1.0
5.686545469247524,2.1613596957685774,2.816066864254425,15.298670280969368,0.0,6.072271618252625,1795.73633854069,33.24381002865564,1.0
4.744420635510083,0.22215632599198715,2.4363393160951548,11.098719741673996,2.584307562983786,5.203144018211764,1113.8345711879497,32.390945661440796,0.0
3.9151024623636452,-0.6897341021400014,1.8229325762392286,6.9470375692761825,0.5846853644541937,5.24660707126644,703.1582902576502,33.05718116789304,0.0
4.242564551994691,-0.2605565601694761,1.9108106396533977,7.372161045551924,0.8144478227193789,6.265040615228185,898.0473682063849,32.47330792571267,0.0
3.0119192305156193,-0.24096294335263532,2.015827080452777,5.655027004041838,0.0,3.974180276454212,686.2049429200426,34.54603423614434,1.0
2.8799314877347775,-0.23117547137341954,2.028754648101801,5.657065147589261,0.0,3.9995927459273504,675.9684894798628,34.544932227214666,1.0
2.895253851527843,-0.21749645185043137,2.0106110395423076,5.882157488939478,0.0,4.017525881774289,691.9614452954155,34.56468795331202,1.0
2.9702940897465395,-0.23000564057753137,2.0129555762223093,5.8627177029860045,0.0,4.031504433641074,677.1960392484303,34.56550885107718,1.0
4.585131798831325,0.1269910312671358,2.072551580103571,8.626402097566588,0.7964431857564221,7.968934296146538,1036.3687241178554,33.75774049742505,0.0
4.585,-0.043,2.156,9.232,0.2,6.15,1081.43,32.44,0.0
4.6783070955175425,-0.4730081465811319,1.9940320806303253,8.80622902067408,0.4956636781178396,8.097633300449239,1163.5985729547926,32.51534197455676,0.0
5.683942218461837,2.1634172226582304,2.803786616733255,15.144777880121127,0.0,6.050216883726422,1843.3108587365036,33.23663394797991,1.0
2.890310114218236,-0.25527255763497764,2.026241735037289,5.685412137120457,0.0,3.9606136360659696,685.9839242112331,34.56824375430759,1.0
4.6358303496476765,-0.5301208649879895,1.842386778507287,8.295859625606653,0.0,6.238590744954001,1037.8936952503589,32.30696809199181,0.0
4.524,0.546,2.247,9.705,0.75,6.83,1052.66,32.44,0.0
4.424690586252922,-0.6472928128370933,1.8615359978841206,7.6333839386782465,0.6027055469776885,6.930982673290072,1012.5279018298395,32.43947968788743,0.0
2.943653055714604,-0.23904065505910538,2.036863250847995,5.783040863814666,0.0,4.00995834954623,683.7316325492466,34.55126181081078,1.0
4.441236322714965,0.18237608713581047,2.042708782508778,8.341127621496321,1.2869503734289771,7.507115201295983,989.2441536115715,32.37736643099269,0.0
4.744,0.301,1.998,8.383,0.97,5.55,989.19,33.69,0.0
4.708,-0.687,1.966,8.745,1.44,5.97,916.84,32.62,0.0
4.513099302523544,0.04285283445107414,2.0825644572773254,8.198468109810992,0.5574194263012443,5.048264889674785,960.3150732049919,33.30186534672998,0.0
4.634628794688143,0.11188509729505297,1.968739021171376,8.411132415246257,1.585442112352899,8.041393989055889,1026.1952754892327,32.88584091347795,0.0
4.756230198851395,0.05005572924752832,2.180832900527927,9.86877536457219,0.9106805286231706,4.757227627419331,986.7949655565914,33.8168981531787,0.0
4.377114425756632,0.05931176937184746,1.9620835149603104,7.655214208350877,1.6156011910198935,13.14650320211053,1013.5700705597171,33.118299052737214,0.0
4.335,-0.342,1.909,7.568,2.52,6.16,962.17,32.38,0.0
2.852275886723513,0.30537981441385315,1.9056587040101005,5.191811347822786,0.0,5.696474886370515,722.5556206329227,34.003936130789214,1.0
2.8700923879016256,0.3406898315025567,1.901619129764684,5.169571801026899,0.0,5.712746469727771,738.9401162081174,33.99438590115399,1.0
4.519062842295,0.8787959003869027,2.3949206089829507,9.75053332528649,0.43788308084850297,5.675381469139817,920.1313559264034,33.76151164067853,0.0
4.621348755218926,0.20441005671225843,2.132215577760746,9.650197421414841,1.0385879221595788,5.51888618603284,1080.8827031346484,32.43540378651357,0.0
5.090451058908748,-0.3692659070892718,1.894489628304955,8.591829945688684,2.1733988387114205,6.635595649745662,966.4445718639814,32.873503613771256,0.0
2.904301937851251,0.29400257590660644,1.9037053066526035,5.020581186198039,0.0,5.74339652017135,736.1810115584642,34.01264228890647,1.0
2.903636021657176,0.2728525874415904,1.8966801455376634,4.933137262040865,0.0,5.719306488495566,686.7832610068122,33.99798398565521,1.0
4.095,-0.407,1.83,6.824,0.26,5.75,903.82,32.44,0.0
3.0467900572402886,-0.24556863431663184,2.053702131095257,5.843421685770293,0.0,4.026683609422819,685.24204072942,34.550703092372885,1.0
2.881279636537675,0.3253023489546092,1.9109552583249403,5.085847661773556,0.0,5.714114313935804,721.0385819400993,33.994190008914906,1.0
4.662,-0.263,1.897,8.506,1.3,5.77,1011.78,32.56,0.0
5.714262898808791,2.204137754635568,2.8047586797462722,15.027006159241534,0.0,6.077791224671045,1812.0045120908994,33.26958248157719,1.0
2.9376043876011058,0.2975336838200166,1.9156811587026972,5.084811302716267,0.0,5.689712403652612,727.8912225586967,34.01551878871343,1.0
4.550030974282142,-0.1906749128101014,2.2468312875445893,9.391743702157699,2.0434869742293555,6.847404150810172,1039.0402299266952,32.36502177754835,0.0
2.943,-0.236,2.028,5.78,0.0,3.99,677.54,34.56,1.0
2.910704400844468,0.3150735814939823,1.9090759068245902,5.186478589450641,0.0,5.7186699619680645,705.7996153654905,33.99041009693655,1.0
4.12676438993581,-0.020352090372075117,1.8980087641732326,7.676727350700231,0.4993185614745131,6.679377527025676,886.1169219264121,32.45302780667936,0.0
2.8576453868149274,0.2834924711355426,1.914155860741777,5.14405494885874,0.0,5.759099792516183,729.1537226887014,33.98612588869691,1.0
4.373,0.024,1.967,7.633,1.6,13.16,1014.83,33.12,0.0
2.913666529990009,0.3061421511050927,1.8902195795473102,5.057628375441465,0.0,5.789586606472277,715.3645764153734,34.00097692143717,1.0
5.723718208406557,2.1872799379929555,2.810311557787911,15.308601929546612,0.0,6.060333282871807,1829.274806208051,33.25514521123331,1.0
4.855,0.189,2.064,8.997,0.0,8.76,1055.79,33.25,0.0
4.499,0.262,2.073,8.362,1.76,5.18,1010.63,32.38,0.0
2.9530793460897713,-0.1965402017861288,2.0200771829906152,5.882809288254483,0.0,3.9997285015352078,672.3750157989912,34.556265695957315,1.0
5.672238010220426,2.161284920377687,2.8052934700948686,15.288721929687933,0.0,6.061751440020636,1802.5456308015807,33.24216372330751,1.0
4.362811986652471,0.15238115584553896,2.206482481384634,8.693958583361725,2.2585602933741753,6.739855097330188,962.7414897861913,32.44800725986657,0.0
4.304,-0.285,2.053,8.386,0.43,6.59,1105.46,32.38,0.0
2.906599890125713,-0.19178588050204093,2.0251750306563294,5.6604151599004995,0.0,3.9810337515711414,700.8330772295227,34.55309017423109,1.0
5.507116131866793,0.7205412791186578,2.703350156260028,14.28095735354801,1.0229160220627938,4.533129677379419,1088.1024947016629,33.428853771610385,0.0
4.649014444388059,-0.13949503785800946,2.180128024845336,9.638152952641653,0.9234934314404528,6.334943985644512,1034.2155225459155,33.55983236103967,0.0
2.810298817321304,0.2970996109833703,1.904652150923388,5.134833042087265,0.0,5.730104653183099,709.7999181204688,34.00320149237298,1.0
5.7494372613376745,2.173497237280631,2.8097952336893,15.47424334649336,0.0,6.042396839885338,1820.132620610554,33.23686260616746,1.0
2.8931003906012736,0.33238679240167834,1.9081380011513702,5.02719920425095,0.0,5.772015138503431,721.8484864378923,33.99577473154779,1.0
4.812134764785752,-0.6991896593125286,1.9204730520592586,8.496330465697204,0.9613500891363466,5.819099244022406,1044.2879594725218,33.68705171402572,0.0
4.764410710863239,-0.23531568870400932,2.118138742589824,9.312878111368907,0.8581942065217703,5.4722916444602765,1107.8560224147277,32.62728060884267,0.0
4.363000242725726,-0.5657772953466094,1.9434072356867804,7.642917154907753,2.4994832931803477,5.31651611075057,930.8128701385963,32.38180383937185,0.0
4.552,1.226,2.33,10.09,0.19,6.5,1073.36,33.81,0.0
4.138877245627692,0.45551496505605604,2.1779405591689835,8.413338078135759,0.2758811083443632,5.4274748685183365,902.6624792111292,32.51291094966972,0.0
4.484,-0.841,1.976,8.141,0.71,7.0,961.35,33.31,0.0
4.574,0.637,2.128,9.126,0.83,5.09,1127.43,32.5,0.0
4.544470681552733,-0.025039116519378585,2.014460904336559,8.746723135805128,2.0442600072117534,4.662191009067279,943.1330238785273,32.44675198241483,0.0
4.111,-0.317,2.091,8.443,0.44,5.96,1026.36,32.5,0.0
4.640835786768815,-0.5572756203986613,1.9385461551097185,8.166114333635198,1.0361251815927066,6.602144667412241,1031.745727864369,32.566632337363906,0.0
2.867567383415873,0.26640689707173576,1.8930971257630103,5.1073924583636305,0.0,5.758994273995348,707.0207952337529,34.00989412947777,1.0
4.897821451937677,-0.7014417277744607,1.890561345277291,8.868178300667614,0.9091148217455423,6.168807163130846,1091.225662464992,32.55498458270856,0.0
2.8770239563348055,0.30113074724792893,1.9254438213353582,4.9567882362609375,0.0,5.713263767004639,729.4324276239914,34.000344463249164,1.0
4.6,0.334,2.171,8.825,0.6,5.71,994.32,33.88,0.0
4.860614367904958,-0.857291696052032,1.8405857333655087,8.098115754502846,0.66620228035452,7.419078319631695,1164.4576642795257,32.57046979895809,0.0
4.86134364583704,1.8677582038416094,2.6802276986792086,12.382776944040302,0.7437894618294477,7.823684513888449,1223.6124853189087,33.8008446401049,0.0
4.647832852738388,-0.2234967076873142,2.017618447303068,8.651225503523396,2.0934481503479017,6.03234362906678,1032.4573691874598,33.75066875883264,0.0
5.710336169691487,2.180607193861753,2.811761835482568,15.182368942282121,0.0,6.08572189627859,1806.1051321877403,33.261484238025744,1.0
2.9894017791921934,-0.24231016027502078,2.0211799292087353,5.616222778913411,0.0,4.018392310500224,673.648851543716,34.56276403075392,1.0
2.9209467014995787,-0.16791438285765797,2.0230571620380955,5.765151128634587,0.0,3.9831422104964753,690.725663180842,34.549916403309155,1.0
4.893,-0.691,1.89,8.853,0.91,6.18,1090.0,32.56,0.0
2.921700013774529,0.29829821405387735,1.906364243173547,5.217197521116755,0.0,5.72539429210584,727.2278060332291,33.99538429261515,1.0
2.950708389358291,-0.2223769924252104,2.0139805302547757,5.519644065003407,0.0,3.9534798486254714,688.6143312062027,34.55863441649126,1.0
4.542021379922514,-0.3348611094810998,2.1829046852018688,9.686501989442942,1.0535884508257332,6.803002568071197,1029.5015229976996,32.49570644226693,0.0
2.8370895179240843,0.2925041264341699,1.9038971423766988,5.113193328276974,0.0,5.722512450911228,724.9050696105089,33.98915339212894,1.0
4.409806364318911,-0.27376310864910014,1.9638003980608514,7.418711815970591,2.2608396712698213,6.863564610474497,965.1707651507214,32.43063293471274,0.0
4.464,-0.04,2.156,9.105,0.96,5.84,1048.64,32.38,0.0
4.751725509222058,-0.526550335352344,2.0038134003328683,9.000952663101588,1.0412919196539174,7.069662319377781,1090.8300979273213,32.55697721252272,0.0
4.909784844435474,-0.17899369747645433,2.050893960313583,9.692560314011185,1.826287097388647,4.3519250715689495,1058.1811608544397,32.92195392045284,0.0
2.9927085903694572,-0.22561620328091525,2.0243879317416718,5.828554684857651,0.0,3.9799173110117034,672.6047765191186,34.5312836498975,1.0
4.402032213628553,-0.04280363996475211,2.126893668950424,8.692385736791264,0.7249766089349831,7.483260257406062,1201.7520235417753,32.45180781698963,0.0
5.360892365676461,-0.42981963004466195,1.8290773101103,8.128530303173601,0.019053694404737247,7.980308553953598,1031.5666522511667,33.12897526551653,0.0
2.968790486689324,-0.27259867360224044,2.0220273445794286,5.783346170145584,0.0,3.9765808249433,680.1631941267357,34.559209137415095,1.0
4.526314335768464,-0.2178452596633464,2.076499279584456,8.932633567089496,0.3577648918863371,7.33008028401753,992.8986368661297,33.81073443145061,0.0
5.6813741654285215,2.178738455252619,2.8070096704156566,15.35556553904382,0.0,6.029622204534509,1820.8296572293295,33.274682746535554,1.0
4.371,18.848,4.36,18.517,1.75,7.38,942.46,32.44,0.0
4.531,0.268,2.054,8.599,0.77,6.56,1035.38,32.44,0.0
5.729117084793258,2.1711211579307346,2.7990437117862594,15.13688985348158,0.0,6.087179485253677,1815.963471630895,33.27731247364819,1.0
2.9157583994079403,-0.26939782556404857,2.033004409115121,5.850391889867002,0.0,3.989997624553822,689.8604491672463,34.5776879317565,1.0
2.8951138212184304,0.2830827508425982,1.9094136124556746,5.114734244427145,0.0,5.736955397000467,720.1851768588391,34.004543967899224,1.0
4.448754587001901,-0.5702356767916503,1.8703316226637114,8.130153400485145,0.8464704751021123,6.056942854731616,1010.7362745023239,32.81623366196965,0.0
4.13670247025276,-0.6344113076881495,1.8168955935184563,7.332221820137854,0.1721105159126485,6.947885342807567,957.9974098423553,32.430129564789354,0.0
2.918591277500992,0.3107967250618658,1.90934493861893,4.9327175114599795,0.0,5.750459786699537,710.1962072061715,34.0303482787454,1.0
4.746,0.275,2.435,11.084,2.58,5.19,1111.81,32.38,0.0
2.8678207055188385,0.29278561676104575,1.9192002058776776,5.021011510844651,0.0,5.757541966620253,706.7873867760942,34.02042019629208,1.0
4.116808193735453,-0.20798747058396844,1.914628027362196,7.211399853005023,0.39436343025268944,6.687387515368394,934.770558686449,32.49713434043926,0.0
5.797308359031775,2.1991518545683206,2.820081156429171,15.18215366833086,0.0,6.098236407173506,1820.2319881451251,33.26699426245548,1.0
2.9823767671805395,-0.25117812453525196,2.0315640546240306,5.618906018826975,0.0,4.02594086865603,667.8026430022045,34.57434414008084,1.0
4.422525903549854,0.002938424287606385,2.258813541830246,9.629061056821845,0.8230141130123675,6.167091517520731,1016.2335550582407,32.494255894556105,0.0
4.362,-0.465,2.047,8.431,0.2,6.87,943.17,32.31,0.0
4.408,0.115,2.07,8.258,1.03,3.87,752.85,33.06,0.0
4.622866009255461,-0.20215255273390162,2.0515397338605132,8.58525242908152,1.2658764847311723,5.872394027584861,1030.9382148206612,32.38282507693241,0.0
5.746198390094154,2.109961819877406,2.7932315151567755,15.390026097011411,0.0,6.081154131986266,1826.772437155012,33.24129895074666,1.0
2.9325996733479722,-0.24792026426859703,2.0291610837177285,5.7313179756071895,0.0,3.9804454143099464,669.0296651380811,34.53869119564832,1.0
2.835947528305053,0.321426644031428,1.9193518782026264,4.938856139666832,0.0,5.752492015896004,740.003448329404,33.9987056135888,1.0
5.71662445588065,2.151865307009508,2.796730435338347,15.33989679876327,0.0,6.068832465194195,1844.9010397563393,33.254587207011326,1.0
4.11377676437624,-0.4247084641165998,1.8640669929073836,7.278692052494354,0.6842389496802301,5.308267758854808,943.031404632499,33.50190866516003,0.0
5.689023079178744,2.148273752371767,2.816971262284783,15.211893534109752,0.0,6.066945223306769,1841.9640148485717,33.23159914286091,1.0
2.8705496572674165,0.28662587800608263,1.9214967932943883,5.141037819281814,0.0,5.756230177836034,741.4976118207205,33.97897796599979,1.0
4.976643787812532,0.3884661092880008,2.0977422148745632,9.222375134145212,1.3328970610485493,6.5989141515513055,1037.3476361803396,33.62583532772966,0.0
4.438,-0.23,2.144,9.014,2.21,6.36,1025.37,32.38,0.0
5.678505363459344,2.1730865935190766,2.805744132892466,15.386665017400311,0.0,6.0441875689061675,1802.0177268364257,33.25905254596692,1.0
5.6936531600178,2.146213648323878,2.8063289194745518,15.402091040076678,0.0,6.066246460170386,1811.7000637126855,33.26101291893386,1.0
4.404,-0.353,1.82,7.829,0.87,7.52,994.99,32.44,0.0
2.9014019972183323,-0.22397062015811578,2.023990601678547,6.0146504928777045,0.0,3.9719383562243427,655.4061966184058,34.557957898558605,1.0
5.6861705871113175,2.2468089315058446,2.798949228126305,15.280567915460654,0.0,6.060818743034939,1817.213937011157,33.25017838205144,1.0
2.893343938799741,0.30168039277648967,1.9193578853629891,4.839426919237837,0.0,5.735334536462513,715.2347761598998,33.99321840216437,1.0
4.456861272009688,-0.7668577401046212,1.9461954004437179,8.3950175873152,0.0038614124298096326,5.621882504994112,996.3116923792451,32.55553910688459,0.0
5.666584373609672,2.1781510659371888,2.815705461988384,15.401918178400262,0.0,6.090123382956699,1840.655526853513,33.2489510822568,1.0
4.400473581667563,-0.11801804632292126,2.126557661238113,8.68448976203341,0.6793382163690652,6.353804511490658,969.7122252172209,32.43766620108564,0.0
2.8868004298242953,0.3467417292840371,1.90103523539199,5.009961253486127,0.0,5.735765143309699,718.054612462578,33.994088086489775,1.0
2.859651736810381,0.2908784722314058,1.903533281411377,5.114217951692573,0.0,5.733365811424946,723.5072000289292,34.00804335270765,1.0
2.8403144855968145,0.26933656625454455,1.891535324144221,5.043428161869634,0.0,5.702274897348811,746.0217439672703,34.00569175258178,1.0
2.8775975156175053,0.2513084134184589,1.908079558679655,5.134084846920515,0.0,5.746234898397826,717.5663779185925,34.021724015163876,1.0
4.6845379339479996,0.009160751995040788,2.037839874215623,9.1912983218162,0.0,6.693813037021215,1069.7397231309615,32.561497282921465,0.0
5.728324812344313,2.185279889828044,2.8020013065476226,15.305228000877854,0.0,6.099709756169441,1840.6709020318397,33.26539579059744,1.0
5.099,-0.395,1.891,8.592,2.16,6.66,968.91,32.88,0.0
4.3895172268425515,-0.3781792615086572,2.067875085605069,8.629715977275248,0.6168313570166265,4.575960990550975,916.4570067448805,32.45831364592007,0.0
5.710249389412067,2.1874274383563854,2.8156155813691983,15.27256918505643,0.0,6.058390773584993,1824.0877922868801,33.25877345458994,1.0
4.732,-0.762,1.913,8.422,1.82,6.28,1162.65,32.56,0.0
4.183,-0.372,1.816,6.873,0.37,6.94,903.41,32.44,0.0
5.683578393369678,2.174630671310322,2.811971622713215,15.301611841530322,0.0,6.103385796438326,1805.9420266107313,33.26029676216876,1.0
4.7879162319883175,-0.2739100255452238,2.0027288019448326,9.092699277399282,0.669549451092044,7.996504907760051,1087.5121188931555,32.55260767152264,0.0
2.9386170382391943,-0.18470125510980223,2.0282189989806545,5.775716566684366,0.0,3.9852977536872642,672.0405919313943,34.5455906727154,1.0
2.864891930333204,0.30595820337951524,1.916910745213367,5.249737000538967,0.0,5.705487432692896,694.9834893480049,34.021744153191584,1.0
4.446,-0.762,1.866,7.549,1.45,5.64,996.03,32.56,0.0
4.256,-0.712,1.835,7.108,0.35,5.86,944.98,32.5,0.0
4.933355136823258,-0.16172120213310873,2.119429413913198,10.087075417131127,0.3703879465525395,6.70720318848444,1229.6466171550687,33.80500432914116,0.0
2.9290030873689927,-0.22773417355814873,2.029021917891209,5.6065811372575975,0.0,4.003396003087208,688.049888306821,34.59134369487586,1.0
2.879119385404408,0.3098513341234131,1.9074246426304007,5.143557365506318,0.0,5.750705859544615,727.4242639780765,33.98804371111886,1.0
4.56476502980222,-0.694868803381532,1.9794195892131528,8.645200665969423,0.8486240715862191,5.151146202145657,1047.888924578355,32.36705228975676,0.0
5.702114950220272,2.161372000512951,2.818125424082553,15.200441895349742,0.0,6.076598585731879,1809.785343114102,33.226355812577225,1.0
5.715713462047663,2.1881985075398536,2.8003717325331534,15.410971230069265,0.0,6.079525814079759,1818.5132863543374,33.260032974807466,1.0
4.1975291405693,0.5149737709884633,2.2316954213188356,8.756056244437913,0.9761237122582456,6.797472153279951,1077.3947623507797,32.504883530234416,0.0
2.8686873732179365,0.3308547687864142,1.92210168336896,5.100431619318506,0.0,5.7644785498664195,697.4451660478084,33.989722724988006,1.0
4.670920292235582,-0.16601894237651474,2.1259566435909476,9.42968205199574,0.41024248834062044,5.462200278777733,1057.5729857816139,32.44869414832692,0.0
2.9457070426327028,-0.23152603319050682,2.0236400374809658,5.723416591295151,0.0,4.0262322927267835,676.4077869791614,34.57292510328346,1.0
2.826160525385647,0.29776906511590895,1.9068383750042637,5.251993318950907,0.0,5.727541239467652,706.1934850447057,33.973868219575216,1.0
2.8794910475414364,-0.22141045353421807,2.02384606148814,5.594334683016501,0.0,3.9831710282534383,693.8829817211916,34.559755491097725,1.0
2.864510671531753,0.3200990454683787,1.9144009658525845,4.89022496216798,0.0,5.711005672405448,710.7656263624295,33.989214726638934,1.0
5.726594580387263,2.1709920188166456,2.7816878652590638,15.27119977493266,0.0,6.084872347679578,1822.7617802375753,33.268022960496104,1.0
2.893690258170952,0.30978116916900234,1.9127498367331661,5.046477136985218,0.0,5.759704474849364,713.5096114642378,34.044001390029614,1.0
2.878496568410221,0.26887260390479895,1.9123696711413847,5.248759099657997,0.0,5.781438300107209,750.3156483575698,34.00991723978631,1.0
2.9230591085001087,-0.21811830536254043,2.033597593921966,5.657257991968999,0.0,3.9912166964400657,663.7083238166332,34.56471455581441,1.0
4.419689052615039,-0.019637660165153104,2.2629314481625378,9.598497835879748,0.8472159929532603,6.214874082432516,1014.3774405602098,32.48099348091818,0.0
5.704086794655527,2.160557903854231,2.807869962718563,15.392034571923853,0.0,6.072624343162168,1814.5454760867367,33.27762621149199,1.0
4.532,-0.351,1.982,7.997,1.49,6.72,1032.7,32.38,0.0
4.265754172595027,-0.6415032188634838,1.9474920403388039,7.771791329929885,0.8286536342837318,6.258260940844611,934.9005592595171,32.44962004142953,0.0
5.73136170244062,2.153951250572343,2.798212114600051,15.31970370509126,0.0,6.093415312897424,1818.2419507083362,33.25657769830161,1.0
4.464839518111585,-0.06373019817402216,2.156486513054748,9.154935093325482,0.963135594761469,5.904121684911162,1050.2234299298452,32.38198861302832,0.0
5.7626092049983395,2.140594834541774,2.8009007788426916,15.188132524686738,0.0,6.0704071797966845,1845.6537989755452,33.265754432014226,1.0
4.09315730969339,-0.4154216969772962,1.81856163784939,6.81997695741269,0.25909918029064166,5.748240123391478,908.3812755414283,32.441243111789554,0.0
4.618433894532543,-0.551888009767379,1.8175316026254367,8.139154753030066,0.21883867211998928,6.6078144657795175,1033.5112055785933,32.54802695526534,0.0
4.421,-0.097,2.025,8.199,0.0,6.59,1041.03,32.31,0.0
2.933991100048653,-0.24084006800344387,2.0261227296347544,5.713247258585408,0.0,3.9660894043304147,686.5201763405543,34.57828575464038,1.0
2.95720021127528,-0.227643210347162,2.0300503542433894,5.835988578346225,0.0,3.9650758891608406,691.1238215417882,34.566490447402934,1.0
4.229951503769647,-0.7959667240940912,1.883416688968063,7.550641463083673,0.00226579689076435,8.077588607208323,944.4485246751868,32.488964905049144,0.0
5.719328106501888,2.1435360961033236,2.806892327848512,15.38866439696903,0.0,6.081237619536684,1799.2704899273413,33.24614024541308,1.0
2.8881815029570683,-0.18161829252334602,2.0420888812052365,5.883695683436447,0.0,4.046315034083132,688.0259520902137,34.5451320758743,1.0
5.711835856267905,2.1920165583231492,2.8113472432744095,15.128641845115657,0.0,6.050025345690294,1819.1585579151374,33.25804574726096,1.0
4.118,0.031,2.075,7.648,0.34,5.83,907.46,32.44,0.0
2.855780517780504,0.3191817053407116,1.9134405395886558,4.883097521464739,0.0,5.72047359242392,701.3540589405203,34.01254424072071,1.0
2.844753794600784,0.3045192453299544,1.9050099578439357,5.028801276575627,0.0,5.732190107291649,735.5988447125508,34.006265658248495,1.0
4.637903862399916,-0.5391447181919008,1.8414182750651478,8.245596856374569,0.020759207243944675,6.23598159819899,1033.0804940051391,32.310971221578015,0.0
2.943651694997074,-0.22863438146518994,2.041244944083382,5.789786871874107,0.0,4.050036290542503,697.7576656875875,34.554308467789646,1.0
2.9527064007754653,-0.26062832275866343,2.023036140580808,6.0020169190050545,0.0,3.981558241902644,681.7691784046156,34.563681310338936,1.0
4.296,-0.063,2.139,8.546,0.0,7.04,1112.79,32.38,0.0
4.509,-0.576,1.882,8.173,2.12,6.9,1040.69,32.38,0.0
4.542,-0.489,2.066,8.867,0.86,6.36,1094.28,33.81,0.0
5.725863699581251,2.1681632649149174,2.8046788270645613,15.281082742360363,0.0,6.054088923354316,1824.4660335694052,33.233615152972106,1.0
4.682,-0.484,1.982,8.823,0.5,8.08,1162.05,32.5,0.0
5.691280682592956,2.1467641135145,2.806897451221555,15.51028026572228,0.0,6.060778642566686,1819.5783493428016,33.253624861534995,1.0
2.8542630654687544,0.28547767468412244,1.9118136241190855,5.037093731747463,0.0,5.737503539424398,718.9022532839987,33.98928329626288,1.0
2.8164898725474092,0.2660268925730592,1.9180741889880613,4.84906436656773,0.0,5.754431675059707,731.324569115284,34.002377039108566,1.0
3.911,-0.438,1.769,6.255,0.89,6.6,854.17,32.44,0.0
2.9047820950273606,-0.19043909825601496,2.0276135284520147,5.9565417803967495,0.0,3.9983206544306027,687.3207487202487,34.54452454744055,1.0
5.658136110081139,2.1940100448642537,2.804865170749396,15.351168616282028,0.0,6.086299818975718,1835.8334768814348,33.251691590878956,1.0
5.71602633403286,2.235373145085793,2.812860417558101,15.08718760743875,0.0,6.080319548688793,1818.1206747726967,33.244791619152934,1.0
4.472135513538851,0.6427234810363353,2.260653887453392,9.457271579335252,0.8359071634245793,6.924806012171696,1014.4244608321945,32.43722501693154,0.0
4.642,-0.58,1.969,8.798,1.33,6.25,1031.93,32.62,0.0
2.930903104737332,-0.2092248642691897,2.02424141999524,5.889740228348295,0.0,3.9898240363745097,670.9674671732959,34.56801673600504,1.0
4.511886371897202,0.5464839852268215,2.243583487209827,9.68281533229087,0.7734620996459552,6.829025105487924,1051.5432772847973,32.43304575371533,0.0
2.9402883015858574,-0.26732867988001524,2.028590581960087,5.654652573382739,0.0,3.9986820210493823,670.2314959985403,34.5430389669903,1.0
4.679887584697576,-0.825571721315783,1.8925921353266946,8.124640869697437,0.7385715626786226,6.710901677924833,1033.7789795551091,32.5968003495039,0.0
2.8902239683394537,0.2886628816547689,1.9135091324584022,5.1957865426475065,0.0,5.74231467631169,731.8259355988023,34.000201627396706,1.0
2.8118310170462424,0.3205553183406067,1.897958181025026,4.932675918750412,0.0,5.733197239752663,737.2953295442395,33.99200858628466,1.0
4.723846074562656,0.27795491224171975,2.0586451291219157,9.296620121206185,2.121884097198567,5.563613451411542,1026.612665029536,32.552806047670664,0.0
4.513,-0.264,2.132,8.903,0.18,5.49,935.15,33.5,0.0
2.821796148699829,0.3201598359604805,1.906522091094803,5.0090177470379365,0.0,5.713702903318701,715.4066009815427,33.98152685742589,1.0
4.812,-0.705,1.779,7.681,2.08,5.67,1027.45,32.62,0.0
2.8153660208362123,0.3185097560030641,1.9167340390955918,4.994201466299573,0.0,5.710281713003107,739.8493705528057,34.00406170213608,1.0
2.8818471109910773,0.33487164292458294,1.9068117868662224,5.007999902877574,0.0,5.758713751974592,728.7318423677128,34.01006976090129,1.0
2.930375339406698,0.2953438300589904,1.9062743798768815,4.914688952140264,0.0,5.7242506345486674,716.763761115101,34.001374916208476,1.0
4.541,0.076,2.14,9.034,0.21,7.29,1009.34,32.38,0.0
4.163140394422825,-0.4832773215466066,1.7048111752112622,6.564081638517241,1.7795617102446841,8.768960612074515,942.3413913070967,32.527060798870835,0.0
4.536804685575043,-0.3028038559161177,2.1726412098774572,9.64143339672123,1.043884959001804,6.800682736483552,1029.3226767181927,32.50637868761184,0.0
2.9159981583165506,-0.24318543833002101,2.0202721313709415,5.768567334240019,0.0,3.967960918071242,676.7490285365047,34.57111925946514,1.0
2.890577979250536,0.31383156357348796,1.9057950447228897,5.050489030867076,0.0,5.725180522330399,723.3351198983707,33.99833215862792,1.0
4.094714188987447,-0.3940694038611437,1.8393982117826468,6.774563675355157,0.25336939296570193,5.7766488347792615,904.4070876329864,32.441213039382475,0.0
2.8868773514495016,-0.25527221250776455,2.016560515928115,5.808420287821006,0.0,3.967653737819241,670.3875573352225,34.55252654373995,1.0
4.522478025950895,0.20821130233166943,2.0905553967036066,8.421419297842293,0.7201794642244899,6.515609085065027,913.0149821946472,33.56024556117359,0.0
4.49869224522224,-0.308306398814063,1.922026277753584,8.3877301808753,2.2686329116874058,6.50823734810292,984.9663051954861,32.36924179659141,0.0
5.691381845738395,2.197073970166898,2.79925091949215,15.281867646688315,0.0,6.058695071492313,1818.1556460708127,33.23579867277083,1.0
5.707317397346028,2.1907710345586553,2.814089061764549,15.152230871019464,0.0,6.086044878298348,1827.3036234548686,33.24839113024078,1.0
4.756,-0.289,2.078,9.015,1.74,7.52,1193.97,32.38,0.0
2.989918143725331,-0.21798564102093637,2.0374680265039187,5.5744161922249535,0.0,3.9609262347642606,657.2543260791318,34.56530318127633,1.0
2.9249669905887408,0.30919208931669984,1.8927453279438005,5.235047353996627,0.0,5.73486001437191,729.3699488261171,33.99685419788566,1.0
4.96,1.064,2.474,11.786,0.32,6.45,1149.02,33.81,0.0
4.898409921997489,-0.7064766844991319,1.8928544780051086,8.811281033051907,0.9077356073086826,6.112147519681638,1091.462805675266,32.575820172348585,0.0
2.9565691247304318,-0.23215727045969659,2.035116648388955,6.07719299738204,0.0,3.978669352517071,685.9023912311415,34.5660872142082,1.0
4.727394971893083,-0.4179672475861386,1.954324248574259,8.705867336415311,1.2275699238741646,7.222977598215169,1127.0639252660642,33.80585718356853,0.0
2.968218117325321,-0.19277845362011575,2.031297186821489,5.669001128770624,0.0,3.9395052714506407,691.4488874161951,34.56261370424437,1.0
4.711304985534174,-0.7672097411829968,1.9980935593703095,8.955910659307477,1.0365776228152739,5.675241360258444,1096.9515379529312,32.55130385885152,0.0
5.673186789965707,2.199277110963869,2.806005199684353,15.316614224615922,0.0,6.0797303181078926,1826.1564310835215,33.24778498813037,1.0
4.765,-0.503,1.923,8.528,2.03,6.79,1041.67,32.38,0.0
5.6512322917360684,2.185717311699051,2.806885650474342,15.20702330848563,0.0,6.072530151710884,1825.7924391126376,33.26041298818632,1.0
2.9108254259418715,-0.22044071197430434,2.0327135952319333,5.659428048918056,0.0,3.9852973695109877,668.2033782279241,34.53478978991328,1.0
4.716412848120913,-0.5723382323859507,1.8215850720123052,8.154301588796152,1.5311045423097318,6.63927035050251,1044.470009691115,32.6159695041181,0.0
4.435,-0.292,2.049,8.18,0.34,6.61,1005.45,32.38,0.0
4.519471962774915,0.6093153079849828,2.487132545839511,10.905142682314342,0.5957476342901812,6.822482011124246,1144.6818470232593,32.454888292494054,0.0
2.8437897783374693,0.30558351530573025,1.9013837647381886,5.147213441733486,0.0,5.727306061787509,716.6014994201912,34.02948604377394,1.0
4.501747955046674,-0.6805223727585205,1.8948125744354658,7.80830337926951,0.7548071885558932,6.793964860766905,999.0334574219703,32.297418389825296,0.0
4.363,-0.496,1.945,7.637,2.5,5.33,930.9,32.38,0.0
5.697423886380052,2.2134183152676354,2.8194446944151608,15.270880606755183,0.0,6.062910388990347,1795.3859261217683,33.23442758893821,1.0
4.768367247811795,0.025538602162947482,2.1000434201877307,9.518226739806225,0.6600511613988107,6.873398529747212,1061.8265743559402,33.52332464484721,0.0
4.527,-0.009,2.076,8.911,0.86,6.68,1016.55,32.81,0.0
4.782,0.042,2.13,9.714,0.0,3.7,932.25,33.0,0.0
5.712953170246386,2.1423057456773944,2.8115870383270996,15.449516005668501,0.0,6.108611235839967,1822.1261286212361,33.24842678923004,1.0
4.729,-0.448,1.953,8.733,1.22,7.23,1127.4,33.81,0.0
4.402,-0.078,2.118,8.675,0.68,6.34,968.16,32.44,0.0
2.8655395974319946,0.27703275923651377,1.907822485718879,4.911579347663752,0.0,5.6865886463810105,717.4130657785928,34.00818071138196,1.0
4.43,-0.667,1.853,7.643,0.6,6.95,1013.28,32.44,0.0
5.71576377538558,2.1664789203373207,2.792631171697027,15.250487385432328,0.0,6.109280362069548,1850.7603394596376,33.244939732820804,1.0
4.637971923000824,-0.4203927374076457,2.0695888001374763,9.00757272095699,2.0992833845818226,5.962152624145163,1084.8148197098867,33.88616579432611,0.0
4.615,-0.699,1.889,8.266,0.48,6.53,1099.45,32.56,0.0
2.913971141676256,-0.21244357267902628,2.020996968768419,5.867598316493023,0.0,3.974530969043372,678.5416206980748,34.53754573902079,1.0
2.937240109346471,-0.23905340703638084,2.02974273413768,5.896262871963179,0.0,3.9817510370768967,684.1664721892037,34.54525765063387,1.0
2.8579373184154413,0.3009998487546239,1.9119011627940805,4.930168129436475,0.0,5.746158152288121,732.5937678265688,34.00936341626751,1.0
2.8967203961461854,0.3442594045885644,1.8925683891757998,5.039238078061501,0.0,5.719015640317119,708.2187362911419,33.99398165963151,1.0
2.8718972279625823,0.27169462328127747,1.9235240759458094,5.016955533843544,0.0,5.723444265784002,736.4180606802718,34.002564740693266,1.0
2.885451810389773,0.3056089158348206,1.90539025107944,5.208031799363287,0.0,5.696399823596467,722.883804879446,33.98031050529472,1.0
2.932533431293126,-0.2533201904019391,2.015602585327345,5.8697865633562625,0.0,3.9616430863058536,677.4572976265332,34.558986229765665,1.0
5.701790945928864,2.1781036307004986,2.8027035414437145,15.23057941347354,0.0,6.075660294552193,1812.3422906027545,33.259989458045716,1.0
4.567,-0.331,1.874,8.207,0.0,4.95,896.31,33.81,0.0
2.9260285644207635,-0.21338703901976808,2.045471312710763,5.797697309217147,0.0,4.06367170401549,650.1908522202341,34.578219185536874,1.0
4.802985469594378,0.05767640129932722,2.009492359849712,9.069583671878783,0.2993356501418778,7.38099594825642,1130.8351804352792,32.5051133464734,0.0
2.884681775756641,-0.21241633873376448,2.027503206450188,5.911476143508674,0.0,4.018423629608206,680.1654808557206,34.56577881252321,1.0
4.542,-0.328,2.182,9.666,1.06,6.79,1030.95,32.5,0.0
4.28320425802699,-0.012848854499718974,2.1435119210866667,8.58167797489351,0.029541163210944753,7.026173286746304,1110.6556935796793,32.371951156562425,0.0
4.177,8.045,3.557,13.971,2.48,4.26,1154.72,32.44,0.0
4.405,-0.051,2.119,8.676,0.72,7.46,1201.77,32.44,0.0
4.509491991806255,-0.2436259155267251,2.140158676883308,8.905930141027136,0.188030082447185,5.48083009238711,934.18887096278,33.498263908180505,0.0
5.681101142957231,2.220466268358351,2.8020776276151134,15.218341198766781,0.0,6.095406123621129,1825.279748761732,33.241441758873165,1.0
4.153125577372125,-0.2564627106467272,1.9599081053998115,7.895850263308349,0.9929553084446564,7.106530991111285,884.9674355327629,32.44246375717374,0.0
2.9421215810959396,-0.23442845096689802,2.0232159813432036,5.656214047796563,0.0,3.979406972616887,685.4190893090689,34.57447291182187,1.0
2.831002901534944,0.33000790809012587,1.9139706875252258,5.093735629072387,0.0,5.767696329804364,708.7356619957256,33.999505380723605,1.0
5.682811532796183,2.168433701049539,2.8148801669103354,15.188773792491757,0.0,6.0585651494191515,1832.269674431696,33.25706181473417,1.0
2.8500144923067436,0.30135298966357876,1.9053167110915117,4.970166001165534,0.0,5.699054994651994,678.2932208175166,33.99042781539305,1.0
5.7158705571209865,2.165702996562094,2.7913862064797894,15.198140749616538,0.0,6.056971423963179,1839.428306921241,33.252940209446194,1.0
2.8806115966958146,-0.24978396817530277,2.0250825509938646,5.801538976963867,0.0,3.9829589294340715,657.3111960498305,34.57986890488424,1.0
2.8505875567116044,0.31101025067986604,1.8855899922472101,5.068622904796821,0.0,5.740724356144861,689.8064303759733,34.02170295147322,1.0
2.9436744682007165,-0.2137680369798317,2.0297347840186846,5.80201147905495,0.0,4.0227503456297775,664.6133171892141,34.547055879617616,1.0
4.46552514972245,-0.11721404954126946,2.150102664154373,9.022112316469533,0.4890095108139863,6.402297954067069,997.8774038609686,32.386112980054826,0.0
2.9319015451685915,-0.21665256244428738,2.035586021995741,5.828701300070679,0.0,4.013683960948976,674.1297473239516,34.56396343958877,1.0
2.866120137204219,0.30688287553360843,1.9090403908820477,5.193696302447069,0.0,5.7239356989753185,699.7706936501942,33.99715729849913,1.0
5.689775785611034,2.2084878813171,2.818409555644465,15.117153189676461,0.0,6.0591363248340855,1841.304088503029,33.23882838092209,1.0
5.7326761180247425,2.149228605561338,2.8114055414757133,15.207050030719403,0.0,6.060168248442183,1823.8040725533788,33.24843815595204,1.0
2.824199777211697,0.30064150234631354,1.9209207605254395,5.124444192726918,0.0,5.721861059205466,707.8821428491225,33.97964902506565,1.0
5.676680763712411,2.136157765060537,2.8102995370912986,15.245136140793845,0.0,6.051679098004377,1823.4528659172454,33.23623360435754,1.0
2.9295575655779476,-0.23279548023339558,2.0243528351591107,5.991463107648297,0.0,3.977128879508092,675.6986405362359,34.55761257424568,1.0
5.717273574907339,2.1567398324878564,2.802543161383758,15.300221107111096,0.0,6.039765482808178,1813.2995090757015,33.269125203481074,1.0
4.627522829257646,0.07029802510374475,2.164954833962664,9.257880875215914,1.062988771933802,6.298807661308634,971.5979374485892,33.32479947686554,0.0
2.8269680738028367,0.31516396759857485,1.9141794283712,5.0537245269896065,0.0,5.728099897159658,737.1285482095558,33.98626595284164,1.0
5.747980314407236,2.219784740910433,2.799198957879194,15.193333740629784,0.0,6.057521672425165,1823.1915329461813,33.211426176227604,1.0
2.882426579077168,0.34771025014491636,1.9258142986245774,4.819996736441919,0.0,5.7296681483110135,709.8712854459965,33.99432466174702,1.0
5.736502777452826,2.188778508325205,2.8004651434227026,15.336415326252746,0.0,6.061159767379481,1836.6538267776596,33.25069687638137,1.0
3.456,-1.009,1.543,4.562,0.68,6.39,680.65,33.25,0.0
4.657684541482978,-0.1465339787006325,2.1085477205802183,9.389837794327049,0.4009660901515594,5.466861531501903,1060.1508003896881,32.43669988927971,0.0
2.954276316881311,-0.23845882769453688,2.0344653731819378,5.6962360264425955,0.0,3.9707736732378884,669.5227545347808,34.57606315090331,1.0
5.683439511708418,2.1568986739109097,2.8120324028232186,15.45514376667987,0.0,6.096383437458847,1825.8867778181914,33.24895544373881,1.0
3.9053007430312463,-0.41376912110190056,1.7640960813087263,6.270604319173765,0.8836778187734411,6.627132034061451,854.2375054114037,32.42248665052986,0.0
2.9699239199039544,-0.23037737935116018,2.00635734352425,5.87101677169236,0.0,3.9520751131832323,666.3957378758474,34.54419594453599,1.0
5.684282736004273,2.162017326709715,2.814846098691841,15.417588735253373,0.0,6.093455147497339,1840.5049063929896,33.247214569414304,1.0
4.941178104735031,-0.20788282902730393,2.116517655383746,10.10526352109341,0.37639355262530155,6.6378430274613445,1228.4022259972983,33.805745030667126,0.0
4.243642848674294,-0.3576166872164252,1.9878884055015666,7.66288427217456,0.0,5.984677970396523,977.7668502677407,32.444562869897275,0.0
4.4085195427658865,-0.05533899977100046,2.116846086377189,8.641947558578245,0.7305485180826127,7.500933631915381,1197.657840164956,32.448267565683764,0.0
5.679311763265723,2.1661494820361114,2.811962112759684,15.12970048342872,0.0,6.111888490199723,1824.7895691539593,33.24153077330232,1.0
2.8967523734709943,-0.27674780975084917,2.0275566882993235,5.780996698757952,0.0,4.038511179041479,668.5862422684454,34.542571563087726,1.0
2.8790284533223196,-0.217298230795348,2.0398029372541515,5.530403444012689,0.0,3.9522108510217127,655.886915554914,34.57643388630554,1.0
2.946594419585136,-0.19226439695457795,2.0240075072018278,5.784262930706651,0.0,3.982267751856624,679.2601312799524,34.57408654328802,1.0
2.875751249509476,0.2711869624653234,1.9127991131681608,5.137513183711953,0.0,5.728261209111816,730.588879074975,33.99342414652522,1.0
2.8888568585451866,-0.2283961038528134,2.005431656639117,5.834003238420618,0.0,4.010748804813863,665.6328752820551,34.55970906085882,1.0
2.9263901519232838,-0.25764764356752723,2.036856837358568,5.86613985009991,0.0,3.979915822582295,666.7159729995518,34.54740961572241,1.0
2.884228861238021,0.3262173857465943,1.904807745250234,5.022011376455091,0.0,5.731684577673054,725.1358214223795,34.010556251154306,1.0
2.9721624462151652,-0.22587883051103064,2.0266739492081487,5.880088857662817,0.0,4.009942362229637,680.3299430649525,34.54844247923142,1.0
2.98799583563034,-0.22640470529406803,2.035046728214877,5.817694640912308,0.0,3.9831979578970964,692.4689068929706,34.57878845824196,1.0
5.721217636591048,2.1619976672103998,2.8005812572304714,15.359747185779323,0.0,6.059409543000059,1815.4935088173531,33.23904711415154,1.0
2.8404705819867546,0.29014473836259846,1.9037501117998024,5.140256736068684,0.0,5.718539627775648,717.070641585917,33.98157762366256,1.0
2.8572702841800806,0.337534289262893,1.9363941216002831,5.069313657688958,0.0,5.723701017232328,723.9931629560285,34.04416074390877,1.0
5.680991808658267,2.1644508558758524,2.8117852009858133,15.203032315843855,0.0,6.061560955142961,1836.054122218997,33.262640133831624,1.0
2.9172924466806673,0.28801090428914744,1.9183534674215643,4.937643427505072,0.0,5.71025194242325,743.9492933821072,33.99668910045893,1.0
4.413349186671014,0.1255076649753066,2.0711606763190695,8.249703768992193,1.0401724477085146,3.9042671677006417,751.7390782785687,33.05882129874133,0.0
4.554279883321384,-0.3163050610221933,1.8635871654516694,8.233291929843048,0.006159400988186299,4.938031310892917,896.8550899460291,33.81178615088966,0.0
2.946262488546247,-0.29407882763928006,2.036022296794349,5.799454321378667,0.0,3.9490198444718634,666.118648196802,34.57152539784586,1.0
2.8923137084857764,-0.19667143519768115,2.0054011863914827,5.811471651129588,0.0,3.9975240372121927,687.322597347935,34.578389669877836,1.0
4.782253122550177,0.5407526495799723,2.5231746352482034,11.191850956650367,1.5698515434581817,6.662980190143796,1145.9428429465363,33.74888556787882,0.0
4.750539363069434,-0.28346234905964296,2.08295808783953,9.026739999345315,1.7648163726883586,7.488166083417987,1197.096712216072,32.39406074071272,0.0
4.110518092413079,-0.29736649315380853,2.0910566928988565,8.469936539567511,0.45153275148397615,5.9505359340453365,1029.7347995379446,32.510699604650654,0.0
5.704360142689194,2.152247844764358,2.8137349533539595,15.337897399776129,0.0,6.047964480840322,1833.9057911069553,33.245689760818266,1.0
2.9176352928466875,-0.2517164413167738,2.0230711936783976,5.886449729627373,0.0,3.9789632055769624,678.8820168119283,34.58545597304808,1.0
2.967478560467832,-0.1797363984420367,2.0302078217768615,5.725302379057356,0.0,3.982095789724286,678.4970125868357,34.55828808866946,1.0
5.693554662817613,2.1521347505459905,2.797759070704092,15.260252966614484,0.0,6.080550764063602,1822.9366800945425,33.26541785500474,1.0
4.4688785041217995,-0.4241637921107389,2.085956425144188,8.614413959103429,0.6087575598493793,7.007916340710032,1040.5248082544313,32.309599411007575,0.0
2.9148030899720356,-0.20336356586810728,2.0293281372788297,5.8356505987231735,0.0,4.014502007161934,675.2934503796254,34.54306076825259,1.0
5.014801406886216,-0.4050385765522995,2.1290288989674124,10.31599581828207,0.5770140181884269,10.317595070393988,1045.0480524274228,32.988659715567955,0.0
2.88580839692441,0.32259454243710556,1.9186823069557544,5.1227709032997915,0.0,5.699657420819762,717.3083059428604,33.99990956592595,1.0
2.9605154992099756,-0.28114970908772907,2.036157525112932,5.570136592788513,0.0,4.002510584638205,689.7248367712858,34.58738368894546,1.0
4.559941940477602,-0.5089153392710887,2.0624078991112147,8.907343300772766,0.879998601515579,6.382738039241155,1093.3164700545685,33.81202012924294,0.0
5.681478114864627,2.1688443450736354,2.7907572866811567,15.401198359074,0.0,6.085186673563728,1816.046321384212,33.23036641644336,1.0
5.705321887487349,2.205687752489713,2.8097342064911404,15.280384769543456,0.0,6.085456612302261,1818.8911216109725,33.23478975834546,1.0
4.7402196563036725,0.27749037107418667,2.4470224368831994,11.080668232676624,2.5975247545488647,5.196399369847062,1109.3434051933361,32.4036176802016,0.0
2.8335778492905095,0.3014916331335522,1.89174931886757,5.01299676551189,0.0,5.734997065667033,721.62422927429,33.99913210916498,1.0
4.406,-0.262,2.014,8.354,2.6,6.82,939.81,32.44,0.0
2.9047504316534054,0.28044715413256177,1.9052909935970297,5.127148755998996,0.0,5.721298724362369,706.6180764855812,33.9955044566323,1.0
4.244787797368584,-0.2577415158834704,1.9919822553859476,7.926717438003635,0.7074371540250805,6.900951099508481,1046.4754832853594,32.36149861063128,0.0
2.860527043056896,0.3432939664922676,1.9039381399045396,5.05435116124535,0.0,5.740085355016354,733.7396774791117,33.999988828133915,1.0
4.532312913938616,-0.32563492304670194,1.9809089542744063,8.011395408777021,1.480730397218762,6.718256862380396,1034.1439552414363,32.377154891384734,0.0
4.858446517154133,0.1830062214121826,2.061056615710858,8.964438462539338,0.0,8.744257769958777,1055.4592977762125,33.24631969217964,0.0
5.687031349826422,2.1867881337976702,2.824431419634122,15.195168829865874,0.0,6.1092804696994545,1816.6496918713553,33.2545039206775,1.0
2.8506189677727147,0.3349824489528597,1.9223512842256318,5.27273284668602,0.0,5.675391524906182,726.4528508522279,33.97801428708238,1.0
2.8668514713919984,0.26683366011850196,1.8996479875318064,5.129328554196681,0.0,5.718528747332431,697.0920747342257,33.9946801136224,1.0
4.559653352423463,0.05803963271556349,2.198154087119432,9.26087018911038,0.1605857826990333,7.426675968991305,1137.87918133234,32.44539513149001,0.0
2.9075464908117783,0.28803882050173063,1.9031423002127474,5.083214323759771,0.0,5.746026853206661,717.8828728751245,33.988150505877144,1.0
2.8970848954747437,0.3200614766603703,1.9112634138628297,4.940329132374616,0.0,5.76436537479645,733.2460869359562,34.02491343768786,1.0
4.329,-0.604,1.992,7.816,0.77,7.3,973.98,32.5,0.0
4.787,0.554,2.52,11.178,1.57,6.64,1146.26,33.75,0.0
4.516281988490883,0.19926275009648062,2.0951109307872238,8.381452715734811,0.7255891585036593,6.483080107767188,910.7287251189221,33.56643091095873,0.0
4.566981995744551,0.05947660056866276,2.2230317888841125,9.595467401644125,0.9162837893689645,6.453397138136766,999.819339569932,32.687936568220714,0.0
4.595,-0.09,2.137,8.971,0.0,6.24,1045.16,33.75,0.0
4.674150260291411,-0.2608860473378981,1.9080439786355903,8.49676401950658,1.2688471612818446,5.775443614075382,1013.5555489076875,32.55127417829207,0.0
2.860065708582063,0.3117247013942616,1.9220198413077034,5.2706748397678655,0.0,5.727943412051737,722.2775716148037,33.99849918497996,1.0
2.9542751549647503,-0.23323135760728217,2.0137190419066764,5.758626674177226,0.0,3.979569877802197,652.6741768570145,34.560007020540866,1.0
5.750970698765026,2.190413350989305,2.8108823359492607,15.369575625975752,0.0,6.060261898415959,1844.0022701524067,33.25627102641069,1.0
2.8351702716059126,0.3112142457990645,1.9040850647981942,4.8429656173863505,0.0,5.732918756825351,725.8134485661949,34.021615085007255,1.0
4.756103547086704,-0.42856049528296725,2.078362225354996,9.778434519469451,0.888033306136151,3.696521540021109,1020.5804254762431,33.43416411904974,0.0
5.724463964339765,2.1460146575009817,2.8164217691686884,15.143645075797531,0.0,6.05353278478509,1844.7607605832582,33.25292553730315,1.0
3.454732761728695,-0.9844666315545072,1.548008086785889,4.535070539106079,0.6437056700405961,6.396661989307889,681.5500598773941,33.24117873748423,0.0
2.8900222966621065,-0.2452452320574423,2.0348094872683684,5.956362780388175,0.0,4.001633178110475,670.5772549964468,34.54155600146207,1.0
4.545484799514258,0.8373943195081792,2.2766828967023827,9.439918835022063,0.6294819413707416,5.900368607093087,987.8051054574668,33.74102097564269,0.0
5.678973469246617,2.1961641053498546,2.8178936365474567,15.451643238954837,0.0,6.067765163546689,1826.1549742029852,33.23697131424058,1.0
4.118717451130432,0.0018924954177706003,2.0713913417608296,7.685137027958739,0.3561724738167059,5.819024308415019,909.8108617509704,32.43087727764604,0.0
4.479711368360747,-0.506964481070545,2.0049889653883666,8.418783844760119,0.2930776763290471,7.175695284963864,1036.0917744897638,33.54332694771531,0.0
4.229,0.38,2.247,9.039,0.35,6.66,997.58,32.44,0.0
4.7616778622743565,-0.5928808826784432,1.9621229651872398,8.93808514815824,0.17913343743143112,6.888934177559885,1089.925139270283,32.55190055969556,0.0
5.671583794694492,2.159518489668156,2.8214422159524997,15.419194392299067,0.0,6.044481444660593,1827.320510085153,33.23568622552838,1.0
5.727817261846947,2.184577393339503,2.810542713596548,15.164177735713043,0.0,6.060991189614174,1821.2681182825297,33.23681117530968,1.0
4.853,1.893,2.677,12.349,0.75,7.84,1222.88,33.81,0.0
4.789502071346232,-0.6647063899248966,1.9139229027360718,8.523582466696666,0.9484058419106901,5.869864892219942,1045.1402178415783,33.681870576526244,0.0
2.817119965122759,0.2987356195685572,1.9189229061480098,4.998192691591279,0.0,5.714418059464115,692.7471197999837,34.00732532644378,1.0
5.68845073275039,2.166232898553459,2.8227464284066723,15.300328435306659,0.0,6.06486046652346,1829.0079501206312,33.24401291126121,1.0
4.611012779182312,-0.7404825871826334,1.8847833860070655,8.28271072353569,0.4691880143730275,6.5272786163753675,1097.1657884099714,32.56929836290541,0.0
4.156240603217478,-0.47472511422054536,1.696646011001942,6.56793981695272,1.7940117314326585,8.746134753966174,942.9891479496654,32.495463939188454,0.0
4.637,-0.614,1.968,8.141,0.21,6.74,1009.27,32.38,0.0
4.516,0.615,2.489,10.919,0.57,6.81,1145.39,32.44,0.0
2.8803298668087667,0.2987833816707402,1.89463491676372,5.205183855537627,0.0,5.769722549869575,724.7821624698971,34.00252597030639,1.0
4.235,-0.819,1.884,7.553,0.0,8.08,943.23,32.5,0.0
2.9098171702578592,0.2726339385651007,1.9019538394452913,5.183273825730855,0.0,5.703993189446541,701.9398918701519,33.99375039255559,1.0
4.567,-0.659,1.881,7.899,0.65,5.48,1032.76,32.56,0.0
2.9611576695051984,-0.23869009753986253,2.0178524110071243,5.744389329862888,0.0,4.03155635170868,680.8412284717057,34.55041272960516,1.0
5.734415037211108,2.1725565849381936,2.8012562136873633,15.140790848499368,0.0,6.071807364809151,1829.0534955344044,33.26418013015605,1.0
4.584,-0.178,1.978,8.561,0.75,6.99,1065.75,33.81,0.0
4.399,-1.243,1.817,7.584,0.47,8.46,892.54,32.94,0.0
4.8089447745881015,0.059366833907047216,2.012129961661833,9.049712727037274,0.3072869499369097,7.441919970297756,1128.7432294953026,32.493836500551204,0.0
2.870454354975747,0.301239148337548,1.8979113567369323,5.073678600154637,0.0,5.742279934012162,703.5083405445425,33.989763611684864,1.0
4.656,0.367,2.232,9.513,1.28,6.03,1049.05,33.75,0.0
4.62419206180022,0.18045884070096344,2.1509627677932106,9.60524575540415,1.0387459336278742,5.497282797106887,1080.6884530147456,32.43963743931899,0.0
2.959460573241484,-0.22586841915944356,2.0382312978763095,5.825491987617809,0.0,4.0158916094085235,689.63644692699,34.56152868146812,1.0
2.9689491051367005,-0.1898111610626809,2.0167867855480823,5.795741141439679,0.0,3.9615039873485367,686.2857787888528,34.57820779797153,1.0
5.6640473040387205,2.164098561967773,2.7865210433869647,15.253042708565525,0.0,6.059622906863836,1834.2495541815067,33.25137453402962,1.0
5.70667703338443,2.150896955076707,2.8209171576641787,15.226221573794694,0.0,5.997522103552662,1846.7796362303277,33.26658823464386,1.0
4.543855639017591,0.615014239166385,2.214583236296938,9.397961523361767,0.28555633727348917,6.070164505408646,1050.7012392748904,32.44276679166115,0.0
5.711622102856747,2.1411271417603763,2.799376968233492,15.181503190545833,0.0,6.095942715187875,1825.569933725658,33.21709927791144,1.0
2.9747512988806415,-0.21846693940605869,2.0343973625794853,5.852515890063249,0.0,3.9543192087689953,675.5897418593394,34.54376065449578,1.0
4.235990267579725,-0.20780379200382657,2.00046164287371,7.883437848119775,0.6896724607990641,6.916828970032516,1045.0515526744914,32.373195664156086,0.0
5.7272048580417705,2.157795005205768,2.796572109806014,15.218743615971707,0.0,6.0533930569239685,1817.0091248413696,33.22903565763142,1.0
4.209,-0.561,2.047,7.991,1.94,6.79,955.31,32.38,0.0
2.8387417830517654,0.32566059996036906,1.922753005511854,5.057460465316103,0.0,5.742112023564225,715.4223176175492,33.994854597425565,1.0
4.143,0.486,2.184,8.443,0.27,5.43,901.3,32.5,0.0
2.8442915843646626,0.3156324232304815,1.9085889537952556,5.308264218796909,0.0,5.736883266149698,719.9730831257175,34.0360835014577,1.0
5.7483636608247135,2.2058104464734463,2.812350586949435,15.239428890778283,0.0,6.104362307174642,1828.8382874103902,33.229658415652494,1.0
5.123346634597505,-0.8411009580755162,1.8181753155834213,8.759207839271292,1.096434762278522,8.120372546598587,985.1466735778555,33.12246616860169,0.0
4.586,0.137,2.08,8.622,0.76,7.94,1035.63,33.75,0.0
4.545,-0.183,2.24,9.415,2.03,6.86,1042.2,32.38,0.0
4.43764886775201,-0.80270337933426,1.8551072152092767,7.561156561284713,1.4478641855340229,5.614652781115819,997.0960591107589,32.58374919668345,0.0
4.465,-0.519,1.896,7.863,0.0,6.96,1007.28,32.5,0.0
4.72347559102823,0.24555338167823754,2.066529456019367,9.28351528567129,2.125839187511523,5.552669505726948,1027.5257689949426,32.55915475145754,0.0
2.86233482449554,0.2910154359374128,1.8989862065715806,4.991220965477343,0.0,5.743584047056822,719.4320818871942,33.9932339915996,1.0
4.347184941426564,-0.30320638525137017,2.062069526390466,8.309768425259984,0.02068906051938209,6.039170078170341,985.5646051192946,32.4927648534793,0.0
4.695,-0.189,2.139,9.707,0.3,7.4,1116.26,33.38,0.0
3.0254496539337024,-0.21062292313981795,2.0151213636925926,5.592125627612987,0.0,4.021714990262451,688.6499588708563,34.57851669273802,1.0
4.523306788023241,0.5194913906215101,2.2436695690780724,9.656996710750722,0.7500271343780215,6.857473053038431,1053.5442106019516,32.436915997374626,0.0
2.9179582127273345,-0.1972693512074646,2.0349021826171265,5.74495931762623,0.0,3.99911457290121,678.9578877030101,34.55875856062086,1.0
4.592,-0.518,1.863,8.156,0.69,4.17,896.48,33.06,0.0
5.645845180515943,2.1942847117658424,2.821187606687785,15.370299729392233,0.0,6.045463188380787,1845.1602639240825,33.23074320199995,1.0
2.9505764122183034,-0.2661245053858611,2.034433105653779,5.54049528621522,0.0,4.000077003127012,645.413956189928,34.559511414439754,1.0
5.677285475989095,2.1603502339846536,2.8195529874449403,14.991207027994443,0.0,6.026354019962817,1813.0958120265227,33.250267090393315,1.0
2.9295171473864237,0.3186526956541939,1.900298510746443,4.9262521113827615,0.0,5.714269846480746,710.3380165807356,34.00137069228642,1.0
2.880958422026293,0.3298449938603171,1.909127565618697,5.217893476429253,0.0,5.725101921060507,726.801926676142,33.989897363710575,1.0
4.081395624505717,-0.5073089645331808,1.8602367050037256,7.00442927086093,0.3559799351672572,5.5707053741859625,901.4299636300425,32.50147078401877,0.0
2.9594962292106266,-0.2452257086355536,2.0341433563806177,5.797087742154016,0.0,3.980291274642055,677.7922911887517,34.555569869265874,1.0
4.526253911248055,0.003998252923977938,2.085581517636884,8.913325242201703,0.8631322905611205,6.683584797967793,1020.3418598925851,32.8097290479433,0.0
5.710120841202236,2.142511844740938,2.805474322736613,15.305398392097757,0.0,6.059751229277204,1826.800979821448,33.22873754602064,1.0
4.529,-0.44,2.009,8.507,0.54,6.91,1029.44,32.69,0.0
4.752953744784754,0.02974958550954368,2.1685027295298007,9.829299094559703,0.9026672068484297,4.7486859895573765,986.5736421866093,33.796770150133845,0.0
4.405,-0.277,1.961,7.464,2.25,6.88,964.56,32.44,0.0
4.497,-0.258,1.921,8.389,2.28,6.5,989.26,32.38,0.0
5.67899601248849,2.1855954653262533,2.8084900404099664,15.401340694203949,0.0,6.091712099848893,1808.7268625921781,33.23886473233963,1.0
4.283450922390258,-0.34579696423701484,2.040498697621955,8.236010054936614,0.9407093722192085,6.816175746630336,973.4575093971677,32.45236816940807,0.0
4.646,-0.178,2.292,10.492,1.11,5.3,1039.49,33.75,0.0
4.169734822683099,8.029005171768594,3.560990263924824,13.96437075165878,2.4816526951039886,4.253924370733883,1153.707474670009,32.43122924999236,0.0
5.768438656902189,2.156688313556978,2.808542354228798,15.25295648594365,0.0,6.074206497434804,1827.8386459217515,33.25302913510852,1.0
2.928540070305188,-0.2120328038248461,2.0332359495165813,5.680469107369525,0.0,3.961063518251927,673.9415163957611,34.55726995778175,1.0
5.6922623231321,2.1813412176274567,2.80160215129929,15.381594507415544,0.0,6.080699020492315,1814.3717604774095,33.2582322654264,1.0
2.938581361006229,-0.22884495216080594,2.036390099048623,6.078330138878155,0.0,3.9809759281925996,674.6386929623184,34.544131278217044,1.0
4.570588269623178,-0.6851377283204878,1.8820506463385949,7.914120966141843,0.6564182555127536,5.5354571416386475,1033.3570983472928,32.56865862267597,0.0
5.699525767567593,2.1766558385431978,2.807784549066409,15.39094349026362,0.0,6.122243562794038,1820.0529177665942,33.265917601388814,1.0
2.921820836618996,0.29120348304656496,1.9245852860314938,4.883647884169206,0.0,5.681043494227918,720.4977505606926,34.0000199353868,1.0
2.8350945073520544,0.31893473858737775,1.8963453408105306,5.22899325214754,0.0,5.692473574649683,704.9562501819865,33.99963386848025,1.0
2.9236734474605997,-0.21459689220979214,2.042373058731548,5.7271117553677096,0.0,3.992766043253306,682.360707529129,34.55498200764027,1.0
5.665427352859442,2.1904900738571844,2.8053190508851142,15.338700692395099,0.0,6.072541325267747,1824.7437640590686,33.251794393318036,1.0
2.9632061473265914,-0.22731948266041027,2.0184535314619456,5.854719068296029,0.0,4.021308435675417,667.1663803526876,34.553352373603836,1.0
2.9343277551699956,-0.2709189101961125,2.0260193542835294,5.79608502897227,0.0,4.004486807030342,691.4340119871814,34.56643037782679,1.0
4.58,-0.991,1.831,7.544,1.05,7.21,1035.12,32.44,0.0
4.153,-0.455,1.7,6.567,1.8,8.77,943.83,32.5,0.0
4.350554563063092,-0.3662867154093945,1.6619639719491441,5.941655487544168,0.22667090227296355,6.903261190749243,832.3921343722722,33.25369797789009,0.0
4.57244997458429,0.2006001666949886,2.0881654312084943,8.645840563931566,0.7726671196323416,7.957099204560476,1036.937326819054,33.767343392975775,0.0
2.9800648028369503,-0.21286626182724197,2.0236440642806786,5.829771996090543,0.0,3.984493143865195,687.8099406067522,34.56232984006204,1.0
5.719347090976643,2.1599515380649796,2.806744442246108,15.36764626443048,0.0,6.068650521619525,1827.3701434602467,33.246664548960126,1.0
2.928218604750069,-0.21738948850238554,2.0324031302441057,5.850676873381482,0.0,4.020368272746969,673.8458662093424,34.5498633097057,1.0
2.8197244116054327,0.3120225525715611,1.9061609527412118,5.111068712777847,0.0,5.7337229099279154,707.8761377854097,34.0148064091388,1.0
4.558,-0.64,1.987,8.611,0.83,5.14,1045.2,32.38,0.0
2.883113508728328,0.30326134078076233,1.918757512918849,5.342605651041235,0.0,5.730761796484031,711.1469185159373,34.001308915878795,1.0
5.5674519667011175,-0.740503281034614,1.7392415941968562,8.27760728382237,1.0520251863562358,8.106676533587061,996.2739802686139,33.248974454644944,0.0
4.479753448472482,-0.43237258649578125,2.001499252027426,8.416016422486011,0.29395498636322365,7.158552617750037,1034.5898888407278,33.5565525974231,0.0
2.865136095103978,0.31727696542562156,1.9071407833014122,5.242072478647955,0.0,5.719391018577895,723.0146454295702,33.96009457608848,1.0
5.109085430212083,-0.8813493526796368,1.821337280046904,8.7612091301313,1.117953855827293,8.109879248781631,982.90567517878,33.111444633610745,0.0
4.715,-0.75,1.995,9.001,1.05,5.64,1096.27,32.56,0.0
4.141,-0.193,2.108,8.265,0.43,5.23,925.54,32.44,0.0
4.717,0.31,2.158,9.207,0.4,7.28,823.45,33.25,0.0
4.626560321554609,-0.152558918109999,2.044195336235476,8.594768487513848,1.2739003569322427,5.847294109592308,1026.293765318402,32.37436329679204,0.0
4.536,-0.222,2.078,8.94,0.36,7.31,991.99,33.81,0.0
5.678937448699604,2.174026579882141,2.8089212156274743,15.370679023872809,0.0,6.07211505292788,1812.90294782447,33.26068802583308,1.0
4.57,-0.262,2.158,9.379,0.63,6.8,1074.28,32.31,0.0
4.232500610040519,0.10353703282454088,2.050568456530461,7.817127973369067,0.0,3.8158359269286244,662.0140189958423,33.20784525908551,0.0
4.084,-0.513,1.867,6.995,0.36,5.55,899.9,32.5,0.0
4.959872971254798,1.051301705637764,2.468296107377514,11.755236655733192,0.3139811519058426,6.456484918525618,1149.963867650025,33.82946746696719,0.0
5.700926032636753,2.1269503768765348,2.8063412002150945,15.267349779605498,0.0,6.068621554765123,1819.1274298590579,33.247821893923785,1.0
5.724532159725831,2.2122683497543245,2.7969295710328756,15.259469628742364,0.0,6.090348233160877,1823.749568273095,33.24579412659837,1.0
5.726003410430875,2.1691050885746543,2.8124665645373206,15.367125741098155,0.0,6.038804478659029,1829.2936209761253,33.253886885252385,1.0
5.704459484844162,2.162905924387845,2.807382259544103,15.350059048665118,0.0,6.065274443059418,1813.2324055462966,33.250113933277255,1.0
4.61276388201239,-0.7207862801224995,1.889011518372906,8.221163745228264,0.48381362659957927,6.532905712713567,1097.7527779889413,32.56275669624795,0.0
2.842132758944586,0.2585509570361921,1.9078207358915829,5.019954501271716,0.0,5.731055018843941,721.5138388838939,33.97818075123783,1.0
5.712554782220816,2.2001326113462656,2.8009602450874533,15.324102798122958,0.0,6.049623965157086,1825.7276992147833,33.268732602858435,1.0
5.760607146716818,2.1766917278018747,2.7977797164946594,15.34085144412004,0.0,6.048568635443245,1813.3000679450124,33.23759756134424,1.0
4.491321085855828,-0.6131766237270261,1.9101054459165039,7.892556054949976,0.7659393648360063,6.7729556752757425,997.2450869178483,32.314788930467195,0.0
5.697841336995215,2.1603884347748417,2.8108858422548986,15.395417395267813,0.0,6.068310343619967,1850.0485121655518,33.2623029432618,1.0
4.535041581273439,0.25523163404166477,2.0441341889463653,8.581657923040215,0.7727454650015962,6.602695957080345,1036.9192085507132,32.43334728377256,0.0
5.232445132934862,-0.6886739941846349,1.6855132850552454,8.376989159481974,1.212230191810049,7.639521475294374,1069.3174064467146,32.94431245671305,0.0
4.623,-0.189,2.045,8.579,1.27,5.84,1028.11,32.38,0.0
2.844261768073654,0.2938732081111393,1.9016963915516463,4.894677750749852,0.0,5.718631429813162,735.3956729621029,33.99728059067701,1.0
4.501556896361075,-0.5770878426682585,1.8828385616854544,8.168034021787168,2.12701910840524,6.88491243051484,1042.3669015048495,32.3890822267563,0.0
4.2838398376809055,-0.35194121914752213,2.0322358730914445,8.234649452507607,0.9307980016965034,6.872226962909423,973.7867787692444,32.449913051697465,0.0
2.838687708151723,0.30763033811756446,1.9027242797823267,5.167916200883022,0.0,5.746318227800227,719.3666279486562,34.01527796595093,1.0
5.697745291431755,2.1775806981971173,2.8053946408689097,15.156692636547916,0.0,6.0541558778586,1811.0676250926253,33.241142045714355,1.0
4.499932342226971,-0.29491701405944976,2.0052350601264957,8.160674563530755,0.5046430811263587,6.30092907812398,1024.8974135682254,32.29657016984096,0.0
2.8216430668988033,0.30667536431709425,1.9003340574678278,5.016409574564503,0.0,5.73853703927145,729.7127450240414,34.01486326141771,1.0
4.448749172264189,0.16056770735214512,2.0475797181137927,8.283523317555913,1.27189969125594,7.496454431383326,990.0136428573255,32.370423512156364,0.0
2.960391637547993,-0.2522243778018957,2.011644404276275,5.7281159961445836,0.0,3.9855597001872427,701.2059501689971,34.57368202613512,1.0
4.315673304162171,-0.32203448385742395,2.055215499379399,8.37878723026123,0.42956496731269034,6.596253802878616,1107.142788228806,32.36823060917668,0.0
5.12113863447745,-0.8607976031690132,1.8263588058449192,8.785741656305131,1.1147421319244242,8.132683032896157,982.5579103129724,33.11121510594063,0.0
4.789,-0.309,2.0,9.075,0.68,7.97,1086.3,32.56,0.0
3.929,-0.569,1.868,6.88,0.18,6.0,887.9,32.44,0.0
2.911229799938279,-0.24474656448433707,2.0394634135021152,5.791688679726164,0.0,4.000445779415333,667.6586497906013,34.572336804076464,1.0
4.527126900160736,-0.1931191776527458,2.076055889003271,8.951854850143615,0.3543068533252443,7.270778758707725,988.7610397355174,33.80747156655842,0.0
2.95564416135584,-0.22181197804705755,2.039730537609261,5.76203963929131,0.0,3.966952344363194,675.5944330277049,34.56493831619455,1.0
4.76,-0.333,2.01,8.613,0.55,7.72,1136.32,32.75,0.0
4.62923975553562,0.07192330885417546,2.1562536480593035,9.265927953816645,1.0807692122482964,6.321161558686199,973.6702205145842,33.31215150336263,0.0
2.914805207481081,-0.2072936330748178,2.018043369614405,5.643597093114019,0.0,3.9836762833023704,677.6927413270877,34.58047840070408,1.0
4.748,0.013,2.174,9.86,0.91,4.76,989.59,33.81,0.0
4.461234651517654,-0.24707772941323708,2.0939365540342743,8.898753401501661,0.3462630789898079,4.880257159580303,964.3029590187649,33.29479826673988,0.0
2.9325078542462353,0.3331258304809608,1.9089697745448064,5.004198749993661,0.0,5.724009651382174,714.1034306923625,34.006366880413026,1.0
2.902657206743902,-0.19997402885028426,2.025209940987847,5.865942639418935,0.0,3.977272843863131,666.4248776473966,34.55054760113167,1.0
4.11,-0.422,1.873,7.239,0.69,5.3,942.84,33.5,0.0
4.728239668178937,-0.7273116909486868,1.914114221305886,8.427095364339692,1.8348130774463687,6.257094250284906,1163.1670780500524,32.56273332590711,0.0
2.946206985163111,-0.23879013255381276,2.034394921240158,5.781611264728715,0.0,3.928535245053631,678.301239506424,34.56131351033212,1.0
2.8904128789504,0.27135775903983894,1.9268645581146504,5.079911815700623,0.0,5.730025150296044,716.5157512404853,33.99846455355509,1.0
4.468,0.628,2.26,9.452,0.81,6.89,1017.84,32.44,0.0
5.697108221521983,2.1974727096885323,2.8016919571151635,15.410691162309352,0.0,6.079275685623676,1834.6101558127702,33.24271102144115,1.0
4.2895501859078315,-0.03265984889288867,2.1420121702420576,8.550983426754424,0.006357748262941803,7.036252257859683,1112.97116584844,32.379556924813286,0.0
5.7175666228446245,2.1507027876670164,2.802142309014081,14.989382513705904,0.0,6.06926963740644,1837.788856056371,33.26659631032191,1.0
5.788360872230801,2.1653914817819935,2.812269830118731,15.304292497364514,0.0,6.059979148173922,1839.4694747994554,33.25859559931614,1.0
4.344,-0.154,2.165,8.728,0.81,7.8,1037.05,32.38,0.0
2.950364671326445,-0.21527214630020172,2.0427474006377717,5.749528766725874,0.0,3.9598010260657337,655.632891392187,34.562702202686744,1.0
5.291,-0.307,1.885,9.029,0.95,6.65,1053.45,33.38,0.0
2.8457153743928028,0.33999523347027966,1.9175979421122311,5.101876141626131,0.0,5.745609298838906,711.0071515257126,34.004736916917736,1.0
4.397869948031177,-0.014822011022881974,2.094145448673668,8.192704519227766,0.34530757471696805,6.475472995577938,997.3844228054056,32.36708968642136,0.0
4.528,-0.259,2.235,9.934,0.34,6.22,969.17,32.44,0.0
5.733388351214664,2.1246166095497476,2.821741380962484,15.416754972558037,0.0,6.062804586306953,1818.7318105700178,33.2504544456815,1.0
2.969005521557114,-0.23127046114527708,2.020305467488963,5.740690497217377,0.0,3.953432476668034,679.1335943688123,34.57702782310465,1.0
2.912425228723925,-0.23834327102456596,2.0307033357022855,5.779873332102726,0.0,3.9902992004544844,689.1145700473362,34.555924420012275,1.0
5.707094574196088,2.1583469252119585,2.8084292564332487,15.03989671534109,0.0,6.092843564713075,1830.1538239928923,33.26338455337301,1.0
5.659171760420014,2.1717982965582343,2.8058790381717054,15.358665222214245,0.0,6.063839684538438,1824.9119275772362,33.23281720993915,1.0
5.723892902235943,2.2233257557437356,2.7989982321376417,15.206575156216472,0.0,6.025344112747108,1827.9354622607693,33.24121826558831,1.0
4.627710445868763,-0.19909718028986131,2.0512882533536962,8.586951596146816,1.2755443722524025,5.802808426827189,1028.0440168700493,32.38611331872992,0.0
2.8979179111654427,0.2919620881797742,1.9170150920009748,4.973394797121396,0.0,5.697718068389921,708.4732034133752,33.98754866645061,1.0
2.95806670456184,-0.2287779701153768,2.018605844507797,5.916466155180581,0.0,3.9844119971851018,689.7194523694383,34.55330179861632,1.0
