RMS,Kurtosis,CrestFactor,P2P,CurrentAmp,DominantFreq,SpectralEnergy,Temp,Label
5.707,2.174,2.807,15.253,0.0,6.07,1822.42,33.25,1.0
2.867,0.303,1.909,5.071,0.0,5.73,718.03,34.0,1.0
2.943,-0.236,2.028,5.78,0.0,3.99,677.54,34.56,1.0
3.0467900572402886,-0.24556863431663184,2.053702131095257,5.843421685770293,0.0,4.026683609422819,685.24204072942,34.550703092372885,1.0
5.7271355144158225,2.1951628815805084,2.8116454133754507,15.27241480710982,0.0,6.073247182297812,1799.7563957752482,33.24262389862388,1.0
2.9822908378620077,-0.22162598923543475,2.0257143326991693,5.746357606280432,0.0,3.9949637305874743,682.1202241380674,34.55852691363631,1.0
2.895417749336411,-0.21678076408332644,2.0391953131036757,5.540475499251249,0.0,4.011589144095565,670.1261718935096,34.54557137283831,1.0
5.682026784309331,2.1712381952543875,2.815170916294528,15.28198721962453,0.0,6.027969778436392,1819.4289118287713,33.245725262667996,1.0
5.715202693196579,2.1529975012849403,2.8032120550230433,14.99502649802899,0.0,6.068479372722962,1838.020343355029,33.25383874810795,1.0
2.9183879105136787,-0.22538799825155853,2.043466251342828,5.707697807919182,0.0,3.9678387121505976,687.9778600408372,34.56059736701274,1.0
2.924972002938316,0.3001979195963728,1.9064601652465005,4.965495965690526,0.0,5.736552959308732,713.3599818950888,33.990929232328696,1.0
2.9500289868628977,-0.21433106264281873,2.0207940091324916,5.727320390260392,0.0,4.01010280762885,687.2958482966,34.57861721099667,1.0
2.946262488546247,-0.29407882763928006,2.036022296794349,5.799454321378667,0.0,3.9490198444718634,666.118648196802,34.57152539784586,1.0
2.895426018384166,-0.21933514172666277,2.0466243157438804,5.83152833514616,0.0,3.9896441999558427,692.3537076399398,34.558340628581526,1.0
2.9047820950273606,-0.19043909825601496,2.0276135284520147,5.9565417803967495,0.0,3.9983206544306027,687.3207487202487,34.54452454744055,1.0
5.670993925363467,2.1593729028958544,2.8195366686297865,15.370178347873608,0.0,6.059494847545764,1828.5391284852303,33.25134407136989,1.0
2.9505764122183034,-0.2661245053858611,2.034433105653779,5.54049528621522,0.0,4.000077003127012,645.413956189928,34.559511414439754,1.0
2.9098171702578592,0.2726339385651007,1.9019538394452913,5.183273825730855,0.0,5.703993189446541,701.9398918701519,33.99375039255559,1.0
5.7239759605001215,2.181324975373859,2.810557805405506,15.030427642197749,0.0,6.063778001104992,1830.190174679234,33.245830797350656,1.0
2.859651736810381,0.2908784722314058,1.903533281411377,5.114217951692573,0.0,5.733365811424946,723.5072000289292,34.00804335270765,1.0
2.9047504316534054,0.28044715413256177,1.9052909935970297,5.127148755998996,0.0,5.721298724362369,706.6180764855812,33.9955044566323,1.0
2.921820836618996,0.29120348304656496,1.9245852860314938,4.883647884169206,0.0,5.681043494227918,720.4977505606926,34.0000199353868,1.0
2.915650866141546,0.36337253135928704,1.9104314486590523,5.090647500235628,0.0,5.724745485976376,689.4370659703468,34.00149839402409,1.0
5.706805911772195,2.1921442704113425,2.7894935430262953,15.320351092708444,0.0,6.052597737797843,1817.08151580882,33.24811602955859,1.0
5.673430000390145,2.1765753033262003,2.8036875300169903,15.034299349301607,0.0,6.07137179241357,1806.9347334193092,33.26971716712719,1.0
2.8350945073520544,0.31893473858737775,1.8963453408105306,5.22899325214754,0.0,5.692473574649683,704.9562501819865,33.99963386848025,1.0
2.8630307925257235,0.3145751116476849,1.9141170854608636,5.2364150980635555,0.0,5.739034252165708,720.692168145474,34.01198658265623,1.0
5.705928760317564,2.165413597663674,2.8053584600078576,15.189202668493431,0.0,6.088878588583292,1807.9364467594526,33.245699135639754,1.0
5.750970698765026,2.190413350989305,2.8108823359492607,15.369575625975752,0.0,6.060261898415959,1844.0022701524067,33.25627102641069,1.0
5.692368586021488,2.1297240667340223,2.8051787357716367,15.067134749534091,0.0,6.091597160803434,1834.228584000706,33.25782325104142,1.0
2.9353874022778284,-0.24753076100398988,2.024179829972763,5.661767629750307,0.0,4.012490533835276,696.8380236455181,34.557383421233915,1.0
2.9652415168207513,-0.23892547494984895,2.0317109486581773,5.662335066298889,0.0,3.9704366530964137,677.7665602935448,34.55369521310598,1.0
2.951718945475777,-0.2638583955472803,2.0138917034015122,5.892993131917383,0.0,4.029535115377692,693.7436162082934,34.593884570147345,1.0
2.8601244180865146,0.3129323551196863,1.9073907784284796,5.2243717009380095,0.0,5.702892729577252,729.3810926056972,33.99090886188382,1.0
2.9327422387094644,-0.2509917642268984,2.0201473748408665,5.767731303017437,0.0,3.9790729045539024,695.1925006478028,34.55135765404758,1.0
2.8469876472236675,0.31398315685216244,1.913579093121994,5.038338948491144,0.0,5.710318602611252,718.6406789473047,34.018231821921006,1.0
2.940236349322909,0.3097446591332472,1.8994012779530272,5.007818438069344,0.0,5.705969086314771,704.1848606639171,33.98583012695236,1.0
2.910111401612498,-0.2574528673456079,2.0224738865606495,5.726679202277238,0.0,3.9709386214902938,680.5034519801873,34.560329267695344,1.0
2.8970848954747437,0.3200614766603703,1.9112634138628297,4.940329132374616,0.0,5.76436537479645,733.2460869359562,34.02491343768786,1.0
2.931227502515342,-0.22013553248378626,2.0407507461455814,5.785488219554313,0.0,3.9661861169298427,665.7392874767428,34.59553333759476,1.0
2.984714406760647,-0.22132654321688175,2.0240157351542187,5.856905002706692,0.0,3.990936292468864,695.1002845165267,34.54357156710292,1.0
5.699023066566065,2.1784537738790735,2.8086350638580413,15.094486192375024,0.0,6.031374218514784,1810.141128918111,33.2426134185409,1.0
2.963931813039209,-0.2388979481851345,2.023691597228853,5.804182175839387,0.0,3.984073594164683,678.9111100746142,34.56481765363352,1.0
5.673260791911996,2.1351992108797853,2.7931833278799805,15.025090978071004,0.0,6.029864057065622,1819.8978730837634,33.26147160719182,1.0
2.969005521557114,-0.23127046114527708,2.020305467488963,5.740690497217377,0.0,3.953432476668034,679.1335943688123,34.57702782310465,1.0
2.9290030873689927,-0.22773417355814873,2.029021917891209,5.6065811372575975,0.0,4.003396003087208,688.049888306821,34.59134369487586,1.0
5.7067480856457395,2.1923427143056595,2.795957928627146,15.257185728092647,0.0,6.044004075799664,1828.6817582075641,33.257782399886196,1.0
5.743350585207866,2.1892159383783327,2.8010977508984682,15.213854416346171,0.0,6.075653318422344,1812.8814451563253,33.25048878762827,1.0
2.890169759068597,-0.21282290287919123,2.022781594424145,5.731449530720158,0.0,4.0098541214948895,685.1112699749233,34.558168343941524,1.0
2.842917436044159,0.22965700472164774,1.9053079492504206,5.209301747992146,0.0,5.739742404997761,726.4196638048744,33.994535155249054,1.0
5.690251839291191,2.1539615451028435,2.8190880901684805,15.219509104982796,0.0,6.033080823620577,1807.8094352183336,33.21724978974742,1.0
2.8803298668087667,0.2987833816707402,1.89463491676372,5.205183855537627,0.0,5.769722549869575,724.7821624698971,34.00252597030639,1.0
2.9357506503734534,0.3427615433621792,1.9102716044728927,5.234337415607478,0.0,5.747394462024364,701.0457194483533,33.982297615441965,1.0
2.846013771854245,0.2957069419526815,1.91577706301635,5.106642256723401,0.0,5.712263597822405,733.5780642251793,33.99445474466168,1.0
5.720082439747193,2.1961808297427607,2.822693298000088,15.20973495990542,0.0,6.056351116640667,1823.3528995643358,33.27076030556307,1.0
2.8693493319593193,0.2899763066553568,1.895707383691904,5.051781109144926,0.0,5.736030826785356,716.9332148343145,34.005102741269624,1.0
5.68845073275039,2.166232898553459,2.8227464284066723,15.300328435306659,0.0,6.06486046652346,1829.0079501206312,33.24401291126121,1.0
2.89512009439423,0.28659054911414183,1.9014132733784488,5.127556775983926,0.0,5.726045089511786,717.2672714911859,34.00801265079524,1.0
2.9374565071804932,-0.22555344046758236,2.020047645662287,5.711996094609626,0.0,3.9882527849634637,676.8111046096615,34.55625089975661,1.0
2.9148030899720356,-0.20336356586810728,2.0293281372788297,5.8356505987231735,0.0,4.014502007161934,675.2934503796254,34.54306076825259,1.0
5.71602633403286,2.235373145085793,2.812860417558101,15.08718760743875,0.0,6.080319548688793,1818.1206747726967,33.244791619152934,1.0
2.919355578760689,-0.21126183233181986,2.006562319935209,5.695702787432157,0.0,3.987596895604851,679.5954024923739,34.55758286878514,1.0
2.9894017791921934,-0.24231016027502078,2.0211799292087353,5.616222778913411,0.0,4.018392310500224,673.648851543716,34.56276403075392,1.0
2.911865182004517,0.31424971842572164,1.9132173105941954,5.089630756325562,0.0,5.763801493700418,711.3823870170818,33.993662014924276,1.0
5.7483636608247135,2.2058104464734463,2.812350586949435,15.239428890778283,0.0,6.104362307174642,1828.8382874103902,33.229658415652494,1.0
2.8553079723058765,0.28681323191967867,1.8975848374433257,5.045988571426411,0.0,5.728919726830703,711.1556509473581,33.987809131266424,1.0
2.8813096157233913,0.2626299998893209,1.901908782921771,5.154334283731271,0.0,5.741291908446112,701.5740347137847,33.98372120180357,1.0
2.9013823165285193,0.33099855300794195,1.8964045593943222,5.076069362884621,0.0,5.717004595126469,695.0504132507948,34.022152384386295,1.0
2.7934552111731383,0.2757857822889488,1.8926253797806625,5.283844975213338,0.0,5.7792335028679425,716.7183818731543,34.00296976324689,1.0
2.8705496572674165,0.28662587800608263,1.9214967932943883,5.141037819281814,0.0,5.756230177836034,741.4976118207205,33.97897796599979,1.0
2.8582802933258495,0.310231737301037,1.911358483667877,5.206138770783382,0.0,5.72383916224722,708.2247045745265,34.00697460047212,1.0
2.817119965122759,0.2987356195685572,1.9189229061480098,4.998192691591279,0.0,5.714418059464115,692.7471197999837,34.00732532644378,1.0
5.6861705871113175,2.2468089315058446,2.798949228126305,15.280567915460654,0.0,6.060818743034939,1817.213937011157,33.25017838205144,1.0
2.959922502488181,-0.26366460895992777,2.0248640133936084,5.78408289930057,0.0,3.997003089111404,663.6556336649041,34.57514797804049,1.0
2.8335267297268736,0.2880499343136358,1.9114469401873388,4.947947175518324,0.0,5.72732830288078,702.1920667393414,34.002834136868024,1.0
2.8791189977385176,0.28687520167786346,1.9074584626547333,5.094146647949056,0.0,5.760884258305213,715.4423653828551,34.010465205749306,1.0
2.86233482449554,0.2910154359374128,1.8989862065715806,4.991220965477343,0.0,5.743584047056822,719.4320818871942,33.9932339915996,1.0
2.910704400844468,0.3150735814939823,1.9090759068245902,5.186478589450641,0.0,5.7186699619680645,705.7996153654905,33.99041009693655,1.0
2.8747246742065506,0.31257488446659176,1.9187629637973678,5.031636643682136,0.0,5.727794349148117,693.237852330977,34.00975633406186,1.0
2.8905408093908442,0.27408477870041226,1.9166817347654272,5.042875873598066,0.0,5.678584171548852,744.0524975870442,33.9932580031515,1.0
2.9040459612936744,-0.2771084457187663,2.000500671398946,5.779962921174849,0.0,4.029530917983245,676.623210888419,34.57349111199367,1.0
2.890310114218236,-0.25527255763497764,2.026241735037289,5.685412137120457,0.0,3.9606136360659696,685.9839242112331,34.56824375430759,1.0
2.8216430668988033,0.30667536431709425,1.9003340574678278,5.016409574564503,0.0,5.73853703927145,729.7127450240414,34.01486326141771,1.0
2.921127060500689,-0.2094797275059215,2.031979596002824,5.793567913727813,0.0,3.9927092617643547,670.032572252116,34.54666777346106,1.0
5.68803399903921,2.1436390003834602,2.8154849071146053,15.217526867362084,0.0,6.059774734394475,1829.8755406221726,33.22962386186498,1.0
2.8348616243324543,0.28582502504528023,1.9080223715745919,4.978591423195991,0.0,5.707363104825865,701.8989792554155,33.98249794075196,1.0
5.6640473040387205,2.164098561967773,2.7865210433869647,15.253042708565525,0.0,6.059622906863836,1834.2495541815067,33.25137453402962,1.0
5.6981127930209565,2.1635183574346875,2.8231656382976413,15.384120912744446,0.0,6.062940425273411,1825.2884536414244,33.25817975401857,1.0
2.875387232798687,0.332295285329912,1.8945132536939047,4.9416064601867244,0.0,5.738600470923349,715.394468735108,34.0020569740587,1.0
2.9347307149058657,-0.24059334412996458,2.051756293688304,5.830003728033686,0.0,4.007381356899498,678.6896780829246,34.54916877825642,1.0
5.69290577808222,2.222171792156798,2.807523417887468,15.050525201020829,0.0,6.055280162302409,1793.457600608693,33.27771988477318,1.0
2.895458516590221,0.30375014151683466,1.9245759286876258,5.141916353017879,0.0,5.735342798073475,731.8937770256495,33.9915531070601,1.0
5.637592512319523,2.1986459782101573,2.805056850320178,15.308965896161247,0.0,6.116114660153055,1827.7605057872645,33.285217891932525,1.0
5.647846150463553,2.1957727179784556,2.819042772263317,15.076994065544957,0.0,6.056900160406579,1822.24741455891,33.23701337246083,1.0
5.750623977548323,2.178818066483638,2.8086245151010303,15.061841752506014,0.0,6.110943224149632,1835.7170353942727,33.25016264007698,1.0
5.707094574196088,2.1583469252119585,2.8084292564332487,15.03989671534109,0.0,6.092843564713075,1830.1538239928923,33.26338455337301,1.0
2.969286751392307,-0.21850506138359804,2.024540934999327,5.630401483278731,0.0,4.007875934853983,654.7717121874247,34.55304611576512,1.0
5.738093416579729,2.1519330847985607,2.805246927721632,15.09322993650338,0.0,6.052401437511264,1790.8499074052309,33.24990661112861,1.0
5.732107670681154,2.155774882089715,2.8067493061216156,15.359813215322808,0.0,6.043350013855893,1812.8596290518594,33.23639936845433,1.0
5.724892327313661,2.199101429886532,2.809332574183719,15.301553941412898,0.0,6.057789106266255,1814.3522728498317,33.260808411191924,1.0
2.9660482786959403,-0.21038770460902284,2.0352960967793727,5.853258762280874,0.0,3.968963814845169,666.7952789428091,34.56765548834492,1.0
5.7330708609153165,2.172245627678697,2.8065602379789185,15.47413206604178,0.0,6.0682552295001635,1820.8718816716948,33.251098300641274,1.0
5.726647898596137,2.209669612011284,2.798042491230212,15.145693170424044,0.0,6.074391063823721,1830.4165401800585,33.25282456546212,1.0
2.8895242576245783,-0.21915378292359444,2.031247251130174,5.4845922920948835,0.0,3.949455599197092,691.3638942350943,34.55933395270459,1.0
2.9343277551699956,-0.2709189101961125,2.0260193542835294,5.79608502897227,0.0,4.004486807030342,691.4340119871814,34.56643037782679,1.0
2.952335939877636,-0.22831491622136224,2.041148479560421,6.03501162156113,0.0,3.999862323866038,691.6731040970417,34.509757849511566,1.0
5.69489919320952,2.1863393806331155,2.7918750330160025,15.35084946069113,0.0,6.071841038754435,1836.8969307171844,33.231416691989075,1.0
2.896132435203961,-0.2108406511505324,2.0314446460508226,5.777201510271483,0.0,3.984926214555333,674.9447490980951,34.56881388371952,1.0
2.9562015933306345,-0.25238616945594317,2.0152588691544673,5.828070004226229,0.0,3.9702278687012815,674.1077605702079,34.58239920721221,1.0
5.704360142689194,2.152247844764358,2.8137349533539595,15.337897399776129,0.0,6.047964480840322,1833.9057911069553,33.245689760818266,1.0
2.935446867524857,-0.18467455569543448,2.0462305825488056,5.866766474881825,0.0,4.000304979442227,678.1693990585983,34.554972532071666,1.0
5.700903367785766,2.175713810934896,2.7990801919683514,15.21070357292371,0.0,6.058688182936531,1818.6450629384187,33.260470334123745,1.0
2.8860694048368347,0.3140720011486137,1.9194981586595115,4.794161167540023,0.0,5.6934130655216535,707.3161040432527,34.00541783841274,1.0
3.001376206081048,-0.2059134312864657,2.018288878312268,5.74836375964663,0.0,4.015899688781354,677.8143773837803,34.55175620580513,1.0
2.913873561958396,0.2770614525225429,1.9127027058108295,5.024626666269363,0.0,5.720579846232614,731.6014090020302,34.0100412504754,1.0
5.7494372613376745,2.173497237280631,2.8097952336893,15.47424334649336,0.0,6.042396839885338,1820.132620610554,33.23686260616746,1.0
2.9399722998694426,-0.2142355146367354,2.0111988911262184,5.796627244416465,0.0,3.9721890172632306,681.3704826391362,34.54467993097178,1.0
5.716721696295789,2.191231766552003,2.8139138021915424,15.233298412043215,0.0,6.0577784785422795,1802.9923703569248,33.23828225008848,1.0
2.84779267688016,0.2891010293951742,1.9145343791706504,4.982288353089922,0.0,5.728957544899464,708.8181287698513,34.00503502268073,1.0
5.686545469247524,2.1613596957685774,2.816066864254425,15.298670280969368,0.0,6.072271618252625,1795.73633854069,33.24381002865564,1.0
2.9385060392364157,-0.20006222612391636,2.0406797663020253,5.766983380209068,0.0,3.999141495063832,687.3964031742522,34.568114851676945,1.0
2.968356731307951,-0.24477553693215368,2.017261745830807,5.871482119793815,0.0,3.9699719529396025,679.5339197772596,34.56410963309744,1.0
2.8542630654687544,0.28547767468412244,1.9118136241190855,5.037093731747463,0.0,5.737503539424398,718.9022532839987,33.98928329626288,1.0
5.7175666228446245,2.1507027876670164,2.802142309014081,14.989382513705904,0.0,6.06926963740644,1837.788856056371,33.26659631032191,1.0
2.9000652266160665,-0.19808669089657377,2.021334847418495,5.75797386149232,0.0,3.978203206473953,689.3793312680334,34.569372173824156,1.0
2.864197097417293,0.2687317656802228,1.9101721881901734,4.885725592253029,0.0,5.74724905788983,726.2677365333772,33.999055457578194,1.0
2.95806670456184,-0.2287779701153768,2.018605844507797,5.916466155180581,0.0,3.9844119971851018,689.7194523694383,34.55330179861632,1.0
2.950708389358291,-0.2223769924252104,2.0139805302547757,5.519644065003407,0.0,3.9534798486254714,688.6143312062027,34.55863441649126,1.0
5.757645062869614,2.203254888362115,2.8165094229075676,15.154254706522924,0.0,6.0755989483238215,1821.493251935561,33.2414127377113,1.0
2.938581361006229,-0.22884495216080594,2.036390099048623,6.078330138878155,0.0,3.9809759281925996,674.6386929623184,34.544131278217044,1.0
5.659171760420014,2.1717982965582343,2.8058790381717054,15.358665222214245,0.0,6.063839684538438,1824.9119275772362,33.23281720993915,1.0
2.9467726629374287,-0.27051563052079947,2.0468957705632733,5.748690750930349,0.0,3.992460452685263,674.7547383594228,34.567782275970686,1.0
2.859462622880873,0.33103577191085104,1.9016396059855114,5.285942729277211,0.0,5.7081489334529225,715.0460290022238,33.99033579711123,1.0
2.9399010061811373,-0.29510737491157574,2.0243254170973377,5.720854898843036,0.0,3.999475514972415,689.851414101503,34.55674224534866,1.0
5.747079307077566,2.1756931890801265,2.792047908543247,15.345438082846048,0.0,6.048195706596477,1799.8442599729924,33.24752448844946,1.0
5.719328106501888,2.1435360961033236,2.806892327848512,15.38866439696903,0.0,6.081237619536684,1799.2704899273413,33.24614024541308,1.0
2.866120137204219,0.30688287553360843,1.9090403908820477,5.193696302447069,0.0,5.7239356989753185,699.7706936501942,33.99715729849913,1.0
2.919367125714629,-0.26280306284979577,2.0056705267437964,5.851465163238617,0.0,3.9930685996774797,671.3540302855304,34.5648478703441,1.0
2.9165078192610725,-0.25409293079377915,2.017988787836246,5.818289399822455,0.0,4.00090241877592,680.1029272151684,34.55953198705371,1.0
2.8678207055188385,0.29278561676104575,1.9192002058776776,5.021011510844651,0.0,5.757541966620253,706.7873867760942,34.02042019629208,1.0
2.9257191075809224,-0.2690334633712464,2.0288664037234705,5.91154051397892,0.0,3.9867154586389204,670.4218243654199,34.567683753243784,1.0
2.9388681066781186,-0.30093766334681926,2.013004367856297,5.730608080259004,0.0,4.059492922221173,675.1730705307428,34.552101011131974,1.0
5.683760480546609,2.1585121355859775,2.804198706868286,15.264155844228155,0.0,6.064459671432349,1838.244705380134,33.242515292028884,1.0
2.9527064007754653,-0.26062832275866343,2.023036140580808,6.0020169190050545,0.0,3.981558241902644,681.7691784046156,34.563681310338936,1.0
2.9119039132504643,-0.21778517190321514,2.0030077473640655,5.879600983520347,0.0,4.026689415419501,685.1842322953094,34.579851324417525,1.0
2.8207780606396136,0.31875187966700413,1.905304172857029,5.147673539883784,0.0,5.7456924887893335,732.0975327015593,34.00724926592975,1.0
2.8365033549247087,0.31345749753589186,1.9013908354193585,4.981099468852556,0.0,5.7403272841239605,737.4198075109585,33.98673998995307,1.0
5.6512322917360684,2.185717311699051,2.806885650474342,15.20702330848563,0.0,6.072530151710884,1825.7924391126376,33.26041298818632,1.0
2.9530793460897713,-0.1965402017861288,2.0200771829906152,5.882809288254483,0.0,3.9997285015352078,672.3750157989912,34.556265695957315,1.0
2.9382746469358776,-0.23433808897757177,2.022043825659733,5.604328690652464,0.0,4.0079749933812865,668.7737265543547,34.56538521128923,1.0
2.9702940897465395,-0.23000564057753137,2.0129555762223093,5.8627177029860045,0.0,4.031504433641074,677.1960392484303,34.56550885107718,1.0
5.713874648901917,2.178414124465833,2.793605461762045,15.35148424270373,0.0,6.039823679264249,1815.4126031176786,33.27323543759955,1.0
5.711622102856747,2.1411271417603763,2.799376968233492,15.181503190545833,0.0,6.095942715187875,1825.569933725658,33.21709927791144,1.0
2.885451810389773,0.3056089158348206,1.90539025107944,5.208031799363287,0.0,5.696399823596467,722.883804879446,33.98031050529472,1.0
5.726003410430875,2.1691050885746543,2.8124665645373206,15.367125741098155,0.0,6.038804478659029,1829.2936209761253,33.253886885252385,1.0
2.9987780471473746,-0.2466360688387232,2.0230049999526516,5.7010032997311955,0.0,3.966533550765008,663.4166817386326,34.5644263781558,1.0
2.9407909428023515,-0.20553866252552258,2.0196475219498655,5.754981217734233,0.0,3.956943901093264,681.6265837986574,34.55528497380582,1.0
5.7007748498099104,2.20045315999704,2.8065605843996733,15.380256338875286,0.0,6.0738382978723795,1832.1814128797162,33.230151450861584,1.0
2.8794910475414364,-0.22141045353421807,2.02384606148814,5.594334683016501,0.0,3.9831710282534383,693.8829817211916,34.559755491097725,1.0
2.9517031507606366,-0.2288150818780188,2.030401418039917,5.7164174432278445,0.0,4.014850217734651,669.4950073177025,34.550661527987835,1.0
5.754444531181862,2.2137061732947507,2.804891566754167,15.258734894975802,0.0,6.0901422103294305,1819.1649201390812,33.27518415300562,1.0
5.749693197007728,2.147660085515342,2.80844201567011,15.16902940593993,0.0,6.060602338559989,1822.317581021978,33.28076387654564,1.0
2.9689491051367005,-0.1898111610626809,2.0167867855480823,5.795741141439679,0.0,3.9615039873485367,686.2857787888528,34.57820779797153,1.0
2.9736983251887126,-0.21619497055209605,2.024286054667331,5.787118969369909,0.0,3.9938288321167166,661.1034648345573,34.54284619869428,1.0
2.9027531765747696,-0.2195981251582244,2.0287654585572557,5.822956523088217,0.0,4.000537614042097,672.0605855012975,34.54236301817478,1.0
2.8902658528906082,0.29330536708494126,1.9128846107864848,4.849511786900604,0.0,5.748683623033895,723.7991418631581,33.99772725993785,1.0
2.8931003906012736,0.33238679240167834,1.9081380011513702,5.02719920425095,0.0,5.772015138503431,721.8484864378923,33.99577473154779,1.0
2.841067368106302,0.3045340721243217,1.906098159375188,5.154367018021799,0.0,5.704488330177052,734.314127283534,33.98488270432098,1.0
5.711627223374924,2.1820661409298343,2.804929549414447,15.298850605253213,0.0,6.047478111330376,1794.0453664950355,33.24321505609196,1.0
2.879127370139201,0.33146373392050477,1.911782139594824,4.928635475297455,0.0,5.716273214583733,731.600198786625,34.01275130589104,1.0
5.746086609456327,2.1997723822542254,2.800026462753238,15.226884059704991,0.0,6.100501703581455,1839.996930742366,33.25578022428126,1.0
5.707317397346028,2.1907710345586553,2.814089061764549,15.152230871019464,0.0,6.086044878298348,1827.3036234548686,33.24839113024078,1.0
2.8479686749655553,0.3012783488021647,1.9272524611058173,4.947358145004631,0.0,5.759055777956429,722.2739481370113,34.004668435136935,1.0
2.8608150889526587,0.33061608181374663,1.907453770612335,5.2306240087231135,0.0,5.755887733146137,706.7318047834278,33.98772753290106,1.0
2.8844688808534342,0.3724498145052491,1.9050575600558923,5.121766024453595,0.0,5.755043447667161,693.4555051482191,33.981220284939184,1.0
2.9757791165204948,-0.2551318503432967,2.01898891995583,5.688483675816857,0.0,3.9851908426521985,648.8342006367612,34.56109040596667,1.0
2.8717352153461815,0.3212229578837713,1.9158059372079554,5.27411458371573,0.0,5.6858006014289675,702.466962943525,33.982554265436306,1.0
2.968165476966692,-0.25698161274263215,2.0330222475942565,5.689496914174039,0.0,4.026231033402958,667.9992618714637,34.537697880079186,1.0
5.682725009425068,2.1510123204634026,2.813887144626351,15.244089275711323,0.0,6.07207382012404,1841.5407051167804,33.25801665118357,1.0
2.9663118668732724,-0.23026868769344067,2.032384519795116,5.80391596092157,0.0,4.001687476861598,686.7094198861226,34.543831440601366,1.0
2.8442915843646626,0.3156324232304815,1.9085889537952556,5.308264218796909,0.0,5.736883266149698,719.9730831257175,34.0360835014577,1.0
5.674440567452532,2.1543030461116603,2.8137927637064033,15.383512974608726,0.0,6.07632042807658,1816.7985745124026,33.2538504878783,1.0
5.658900502187934,2.1735718695413317,2.793276211692571,15.193315820415737,0.0,6.062826475862395,1848.8437500663672,33.251400323368166,1.0
5.693554662817613,2.1521347505459905,2.797759070704092,15.260252966614484,0.0,6.080550764063602,1822.9366800945425,33.26541785500474,1.0
2.95564416135584,-0.22181197804705755,2.039730537609261,5.76203963929131,0.0,3.966952344363194,675.5944330277049,34.56493831619455,1.0
2.8701620905707954,0.2965746070803722,1.9149019559436187,5.274098802657,0.0,5.734598511813523,743.7615904862282,33.99742329368763,1.0
5.73136170244062,2.153951250572343,2.798212114600051,15.31970370509126,0.0,6.093415312897424,1818.2419507083362,33.25657769830161,1.0
5.722984895530788,2.1640139860416934,2.80760444190352,15.404022136494532,0.0,6.080797213996912,1853.442575718078,33.263844202315276,1.0
5.679442776129441,2.1753737543564178,2.815212076478346,15.26735044662823,0.0,6.0741484830647465,1809.031081892734,33.23378094562621,1.0
2.912483148664376,-0.25006604443445907,2.0338210299090584,6.039871901598808,0.0,4.005762743902036,692.7434213731876,34.556434330030015,1.0
2.9494045150939114,-0.2576673056238349,2.01791031760446,5.682192540844854,0.0,4.025181219437515,679.0488684727553,34.56463361481808,1.0
2.8583356192567604,0.2515143098296412,1.9150344737431215,4.913129340379995,0.0,5.731873297283921,721.1673215634285,33.9992446222237,1.0
2.984993037700336,-0.2205903483301464,2.0255478467044497,5.678053918106286,0.0,3.9978489971920976,682.6991444740195,34.55867691228077,1.0
5.738951060297911,2.1366367470552095,2.8031803134595004,15.304959177724154,0.0,6.060153034318392,1798.926206531758,33.24698075560241,1.0
2.88580839692441,0.32259454243710556,1.9186823069557544,5.1227709032997915,0.0,5.699657420819762,717.3083059428604,33.99990956592595,1.0
5.6936531600178,2.146213648323878,2.8063289194745518,15.402091040076678,0.0,6.066246460170386,1811.7000637126855,33.26101291893386,1.0
5.622392703735289,2.19051076091338,2.8128180293495677,15.216051844453533,0.0,6.074399986670815,1824.1878878362224,33.23818668188735,1.0
2.954568943436923,-0.2358220953594381,2.035869885370889,5.923484641743865,0.0,4.016282758050334,657.3966840440579,34.52807475699486,1.0
2.8348467916014,0.3084642111735284,1.9085639566605415,4.8689125666082615,0.0,5.715569253024029,728.3143211187956,34.007504334986024,1.0
2.9209467014995787,-0.16791438285765797,2.0230571620380955,5.765151128634587,0.0,3.9831422104964753,690.725663180842,34.549916403309155,1.0
2.911126237108068,-0.1895927784550153,2.0296643869498503,5.6547270189865735,0.0,3.9911279472924726,698.5960895064757,34.57731380423861,1.0
2.8998042109814124,0.3167010753411772,1.9110370890676738,4.971187166962647,0.0,5.755278452104089,722.0360388843244,34.00551269561422,1.0
5.702622400615356,2.1974222977527513,2.7974348508992697,15.421057934359078,0.0,6.073210762259078,1839.0125543197182,33.24304658510139,1.0
5.7396249229011085,2.181561736524201,2.8222856929640394,15.15309054954915,0.0,6.041505333777265,1825.490350156246,33.264301005545256,1.0
2.881927215056667,0.2903321081422899,1.91104292583186,5.069305749844631,0.0,5.740736548568104,730.0293609591675,34.02005600918397,1.0
5.689126598927569,2.1683119171482277,2.7929060816966436,15.381675761981171,0.0,6.079912119668649,1811.3980796103504,33.23976768122396,1.0
2.88487420267958,0.29736026494523365,1.905671205136738,4.945468886589162,0.0,5.749914607669941,695.4696636191974,33.99842399950591,1.0
2.8655395974319946,0.27703275923651377,1.907822485718879,4.911579347663752,0.0,5.6865886463810105,717.4130657785928,34.00818071138196,1.0
2.9778288031788693,-0.2523141950648873,2.0186027347115316,5.907557524913786,0.0,3.970610268737246,665.2094217089992,34.56673619344347,1.0
2.8613699930949004,0.26954177646145716,1.9298872037933275,5.269623939694057,0.0,5.778629781120569,722.4141168206473,33.99640909809826,1.0
2.904673932818674,-0.24161177222558214,2.0227397578313453,5.905724345997603,0.0,3.9999853622493475,675.4550858882657,34.52544767195094,1.0
5.729392780048475,2.1685635211138745,2.81020675244352,15.153752973607444,0.0,6.085381234089225,1806.0810890528708,33.220897313257126,1.0
5.722327683664433,2.187234176195842,2.793627888740196,15.328187182563008,0.0,6.020961028897448,1825.2902942264768,33.243542231236674,1.0
5.672238010220426,2.161284920377687,2.8052934700948686,15.288721929687933,0.0,6.061751440020636,1802.5456308015807,33.24216372330751,1.0
5.70638057549817,2.163639021408904,2.8113749565472537,15.074246074049753,0.0,6.0682985115228085,1802.2775944960413,33.24121851762709,1.0
2.914805207481081,-0.2072936330748178,2.018043369614405,5.643597093114019,0.0,3.9836762833023704,677.6927413270877,34.58047840070408,1.0
5.694145907739342,2.196841872811599,2.8178510390859666,15.380884359953223,0.0,6.076416424707488,1821.930186465993,33.25995528507285,1.0
2.835102938684141,0.26099001172208297,1.8893246390715077,5.224334061678052,0.0,5.746792346431716,737.4361540414072,33.999932550279695,1.0
2.826160525385647,0.29776906511590895,1.9068383750042637,5.251993318950907,0.0,5.727541239467652,706.1934850447057,33.973868219575216,1.0
2.904301937851251,0.29400257590660644,1.9037053066526035,5.020581186198039,0.0,5.74339652017135,736.1810115584642,34.01264228890647,1.0
2.907401344024782,-0.28626138675956514,2.0178781362970737,5.626593037631154,0.0,3.987939701496523,667.3378143430876,34.5605981545888,1.0
5.763031611690188,2.169081041273929,2.802336863773857,15.092986155782764,0.0,6.051422501039585,1832.646693152637,33.26380666991366,1.0
5.718297494710638,2.1933960006806075,2.8112754777698714,15.14986260006486,0.0,6.059960809334295,1808.4041203612107,33.26212404137087,1.0
5.679506564844865,2.1778556691538777,2.7928031762047034,15.276995027595436,0.0,6.095980256077964,1829.7802772757075,33.24892552751424,1.0
2.9108254259418715,-0.22044071197430434,2.0327135952319333,5.659428048918056,0.0,3.9852973695109877,668.2033782279241,34.53478978991328,1.0
2.894958670505329,0.3293985082306064,1.8973798027318571,5.100450587292785,0.0,5.698849589113854,719.0469006094336,33.981774970981576,1.0
2.8662272682688377,0.3113221459973264,1.9060652888595995,5.084445398123986,0.0,5.705839890648124,686.8514880140707,34.00661735150439,1.0
5.715206776214405,2.1605441442038638,2.8082344396716326,15.290904852751147,0.0,6.04422209188228,1813.6913461810354,33.260895904257076,1.0
2.8982192321930063,0.2953151172628324,1.9028397467325593,5.19791877111591,0.0,5.708904085619385,719.5121808892189,34.00083978600495,1.0
2.892595162163271,0.2878723993192673,1.9081900938672878,5.067144938325204,0.0,5.7549401563572316,706.4447549746726,34.00365201938482,1.0
2.912580658797791,-0.21293100664230802,2.0329541877947324,6.071303299705361,0.0,3.974257415454583,681.308666934994,34.54859804939494,1.0
2.898995524593782,-0.20955191911715593,2.0335234686404045,5.605293130555713,0.0,4.000554789522089,665.2341317948539,34.55514131432186,1.0
2.9144061705092503,-0.25398376932506034,2.03634857539388,5.841430261069997,0.0,3.968725578316295,685.3988222208603,34.56968561532782,1.0
2.8890147763680143,-0.2348893923995109,2.007834288324565,5.620438997038085,0.0,3.9857049509174987,682.2784263280579,34.55427766564541,1.0
5.687795318435841,2.188695053119966,2.803556577549413,15.392275900095752,0.0,6.0646018716478025,1817.5772119245091,33.247399712587885,1.0
2.9741296796168086,-0.22182691258062665,2.0222705025817005,5.884394087385437,0.0,3.9787683824412063,695.9283666340826,34.56816545901937,1.0
2.8242835836982856,0.3171535954407391,1.8899242714085631,5.207217781282668,0.0,5.737450793069471,716.2695791992796,33.998642571397966,1.0
5.694143181505344,2.2181892723994987,2.7932728903346424,15.237744516413773,0.0,6.063825207586848,1816.9512616061222,33.26695285154667,1.0
2.8457153743928028,0.33999523347027966,1.9175979421122311,5.101876141626131,0.0,5.745609298838906,711.0071515257126,34.004736916917736,1.0
2.8681254159700886,0.3232619792151276,1.9040616371862844,5.161266965823922,0.0,5.730453806086457,681.906202954804,33.98710829679497,1.0
2.857096523106963,0.30137254963026505,1.894277845085436,5.241414617240312,0.0,5.723319032974753,723.4564068198202,34.011248850695836,1.0
2.9542751549647503,-0.23323135760728217,2.0137190419066764,5.758626674177226,0.0,3.979569877802197,652.6741768570145,34.560007020540866,1.0
2.8754807335978976,-0.2188365686658098,2.0178330058943015,5.710888277903287,0.0,3.9618818887865928,707.6298683160294,34.5692815877207,1.0
5.678505363459344,2.1730865935190766,2.805744132892466,15.386665017400311,0.0,6.0441875689061675,1802.0177268364257,33.25905254596692,1.0
5.776120803721062,2.192518780753819,2.801446403003914,15.215535550437796,0.0,6.036470668430775,1818.670227791864,33.23437725116752,1.0
2.9466990259911237,-0.21263783720136178,2.0355333699936824,5.846368999166363,0.0,3.974800219475583,680.397923528957,34.56846418673658,1.0
2.8248985499722017,0.3129684995022366,1.9349816958861694,5.101720784902674,0.0,5.708497180349285,719.237997445157,33.98558830267152,1.0
5.781577016027038,2.1284689547760887,2.804309352891477,15.278719893297273,0.0,6.021487095981174,1816.3540298005278,33.24506505237351,1.0
2.946594419585136,-0.19226439695457795,2.0240075072018278,5.784262930706651,0.0,3.982267751856624,679.2601312799524,34.57408654328802,1.0
2.9232230879392267,-0.21090007233218971,2.030817654208727,5.839049660401586,0.0,3.9699946198440865,664.880855222125,34.55350370732773,1.0
2.8881815029570683,-0.18161829252334602,2.0420888812052365,5.883695683436447,0.0,4.046315034083132,688.0259520902137,34.5451320758743,1.0
2.8929969133870714,0.28759207002328313,1.9169706212546802,5.217834507660949,0.0,5.709757559547868,726.0980908980997,33.97698343683774,1.0
2.986276600685382,-0.2531717615570388,2.0162571636351534,5.888333014959181,0.0,3.994022465966356,686.9723919408715,34.54754322611576,1.0
2.912207006175506,-0.16511298539032918,2.0345759653382034,5.597961496214477,0.0,4.007033876690816,680.9926826497018,34.524266925743085,1.0
2.8888568585451866,-0.2283961038528134,2.005431656639117,5.834003238420618,0.0,4.010748804813863,665.6328752820551,34.55970906085882,1.0
2.9127860773972145,-0.21149516116005795,2.0208572841774464,5.798191862087675,0.0,4.009508510175324,690.4959466164718,34.55225233875495,1.0
5.7326761180247425,2.149228605561338,2.8114055414757133,15.207050030719403,0.0,6.060168248442183,1823.8040725533788,33.24843815595204,1.0
5.747980314407236,2.219784740910433,2.799198957879194,15.193333740629784,0.0,6.057521672425165,1823.1915329461813,33.211426176227604,1.0
2.9347965127441134,-0.21400272116599595,2.034012273576928,5.776809014116817,0.0,4.042080343408704,684.1084508675119,34.54678455654925,1.0
2.8489803752623852,0.29230946533002505,1.9161287076959266,5.07577551388291,0.0,5.747069202386376,700.5464081833804,34.016393733727604,1.0
5.7364083270567,2.1771922056037423,2.8263769441622344,15.398705588546562,0.0,6.072360711177734,1824.9418194146106,33.24618751846558,1.0
2.9297829156827833,-0.2388398846259524,2.031422782352878,5.744972491497925,0.0,4.018446337885029,684.6450271419213,34.53852739362952,1.0
5.683710215566697,2.1751097411560734,2.8111202077877833,15.419656458493996,0.0,6.078349435708356,1832.0446680628447,33.24595415535887,1.0
5.654504834885692,2.1569533658412765,2.82106461894399,15.33219397424627,0.0,6.052639252549356,1834.5739884699244,33.25227527416207,1.0
2.860527043056896,0.3432939664922676,1.9039381399045396,5.05435116124535,0.0,5.740085355016354,733.7396774791117,33.999988828133915,1.0
2.914957083697615,-0.23283693783187656,2.034469583948147,5.713552141898786,0.0,3.9959363211880072,677.7350429124018,34.55881994373267,1.0
2.9176352928466875,-0.2517164413167738,2.0230711936783976,5.886449729627373,0.0,3.9789632055769624,678.8820168119283,34.58545597304808,1.0
2.842132758944586,0.2585509570361921,1.9078207358915829,5.019954501271716,0.0,5.731055018843941,721.5138388838939,33.97818075123783,1.0
2.9000185323257774,0.2773531157909891,1.900743165597756,4.900989301139964,0.0,5.753506026473706,691.8275164571482,33.998989870849314,1.0
2.938890013040171,-0.24676602467445755,2.0243029742000984,5.871813600048164,0.0,4.021450787987756,681.7130089114075,34.55326325190974,1.0
3.0116202868385376,-0.22628527542977306,2.028518873053714,5.600548276076222,0.0,4.000631395273524,677.5900859231978,34.5389359999815,1.0
2.8458922756401828,0.3154978547772912,1.9043937052676416,5.031015288195209,0.0,5.727747884428812,710.7232341611663,33.971792380039865,1.0
5.7399663214435135,2.1590650953549906,2.7981890910619454,15.15370325019257,0.0,6.1428805467950305,1831.9018539909835,33.22605860114991,1.0
5.721040697938677,2.1671955710903608,2.8092848869659925,15.237618066452887,0.0,6.078028380592044,1816.4033521320653,33.232154549957365,1.0
2.823390162623409,0.286651655747785,1.9318570057844706,5.110789400402339,0.0,5.749470765442773,712.0436113936415,33.99964072479807,1.0
5.677285475989095,2.1603502339846536,2.8195529874449403,14.991207027994443,0.0,6.026354019962817,1813.0958120265227,33.250267090393315,1.0
2.850745477354258,0.29349901380956067,1.9214816227908809,4.941371203232614,0.0,5.69129570269987,703.9151979640947,33.991176040424264,1.0
5.67552923027146,2.1642256373240674,2.8294689166908555,15.117952298472138,0.0,6.08055721917752,1849.7987859322527,33.23667622197651,1.0
5.687343590463793,2.1550094640079545,2.7958005993690134,15.14931498027053,0.0,6.044256085964462,1816.4923835510347,33.226457471694516,1.0
2.9157583994079403,-0.26939782556404857,2.033004409115121,5.850391889867002,0.0,3.989997624553822,689.8604491672463,34.5776879317565,1.0
2.9501693324343776,-0.24003306629940405,2.0214525875586795,6.037609218761347,0.0,4.01913449210916,691.6908799223081,34.55758996529775,1.0
5.7005375669187925,2.1380237385598932,2.8076625608002015,15.229866267050664,0.0,6.044217312665655,1807.524868612206,33.22964257061683,1.0
5.684282736004273,2.162017326709715,2.814846098691841,15.417588735253373,0.0,6.093455147497339,1840.5049063929896,33.247214569414304,1.0
2.914556374502654,-0.19892782457763003,2.02767051313757,5.83095653759768,0.0,4.013402537539166,681.5062477467915,34.56253376023774,1.0
2.969002400763711,-0.19516672044048355,2.0160224311212582,5.592729170827674,0.0,3.9859013356735176,675.4264930452485,34.55957258026735,1.0
2.9736723591740595,-0.21328237099654893,2.0249485960787856,5.793067232611248,0.0,3.99575051994469,652.0302005776042,34.56081078006384,1.0
2.857095309576474,0.3042726592932068,1.9159720920418306,5.122532619329223,0.0,5.749688176156802,719.7219579149315,33.9921226893298,1.0
5.741789631216178,2.198935388166518,2.8041704100106895,15.39717155828323,0.0,6.0919758295558335,1829.3359932981705,33.25801371132675,1.0
2.9187571678253437,-0.24458948951314444,2.026431412667746,5.773717980125235,0.0,4.003261358825421,683.1977897925129,34.548256823256516,1.0
5.769303274346969,2.173852904075183,2.8050599602364525,15.41967857713333,0.0,6.071625947303536,1826.9139960426207,33.2487870727439,1.0
2.8629939058827447,0.3123812550745721,1.8998518666917144,4.931968712928277,0.0,5.710144921639028,730.0152441110944,34.01850374924807,1.0
2.8505875567116044,0.31101025067986604,1.8855899922472101,5.068622904796821,0.0,5.740724356144861,689.8064303759733,34.02170295147322,1.0
2.9350071946931466,-0.2288503088609688,2.016895037223598,5.63068489577609,0.0,3.9935250357319108,682.0653965398993,34.561236220838225,1.0
2.8469115977757418,0.3021477265043831,1.9062047784779512,5.030515814121462,0.0,5.716702806011175,709.5184550152861,34.023140027212214,1.0
5.723892902235943,2.2233257557437356,2.7989982321376417,15.206575156216472,0.0,6.025344112747108,1827.9354622607693,33.24121826558831,1.0
2.991001147212316,-0.2299559592103861,2.0401772411198844,5.730681724650355,0.0,4.004410115346179,675.8224763815388,34.552431769180885,1.0
5.734745259023987,2.195208936175004,2.802665785836247,15.318816653848554,0.0,6.061681048545833,1823.7351027514917,33.24729940998985,1.0
5.678937448699604,2.174026579882141,2.8089212156274743,15.370679023872809,0.0,6.07211505292788,1812.90294782447,33.26068802583308,1.0
2.854312784597395,0.26453332907750493,1.9054816418315523,5.259489074686775,0.0,5.712627558228829,728.6851036599169,34.01163375806912,1.0
2.8617353777458434,0.3024264677405853,1.9036540946832416,4.953060607011202,0.0,5.705037468492778,715.5674806341369,34.00408737373573,1.0
2.878496568410221,0.26887260390479895,1.9123696711413847,5.248759099657997,0.0,5.781438300107209,750.3156483575698,34.00991723978631,1.0
2.868082452850276,0.3260780747762008,1.8939606979690335,5.031175292313264,0.0,5.73609375918615,720.9837798793246,34.002728663444714,1.0
2.9035771698983774,0.3072064211158264,1.91790042114285,4.9980302869829325,0.0,5.730669724004784,709.7716976906938,34.00514009626595,1.0
3.006770592576679,-0.26248130585875756,2.0251340486845693,5.827775063020666,0.0,3.9991270528300173,675.7083507979635,34.55685538222957,1.0
5.711898055365658,2.163325446464224,2.822118504466173,15.33333271970738,0.0,6.079874102998332,1812.635879218084,33.23929587758653,1.0
5.676776785221796,2.1419272283430044,2.823249416688916,15.298092080325404,0.0,6.069937779998502,1809.6977529041164,33.251257827770566,1.0
5.679311763265723,2.1661494820361114,2.811962112759684,15.12970048342872,0.0,6.111888490199723,1824.7895691539593,33.24153077330232,1.0
5.7241904862720805,2.189457705086938,2.8069980945114126,15.218167130989729,0.0,6.082458387285529,1829.5614356411836,33.25532529250786,1.0
2.8498773862512703,0.28401334285872637,1.904421710653421,5.129798369339018,0.0,5.741401024752102,730.0335814377551,34.00511041807087,1.0
5.681770748096005,2.154666419682425,2.8269930140125963,15.235467538509607,0.0,6.065120772294556,1832.8377092777914,33.2439886835405,1.0
2.865573885739385,-0.22977035195644882,2.040613931561297,5.863921998851471,0.0,3.9621838610674094,698.9140359436539,34.548405643045456,1.0
2.9927085903694572,-0.22561620328091525,2.0243879317416718,5.828554684857651,0.0,3.9799173110117034,672.6047765191186,34.5312836498975,1.0
5.693793137957141,2.1496046252236654,2.8001441861657774,15.411462230383208,0.0,6.115846412846651,1830.8782134171151,33.24173711562666,1.0
5.687324761967422,2.1542348127656745,2.7969774359596347,15.294388034467744,0.0,6.06128194141451,1807.73294330377,33.26226415929243,1.0
2.883299822436149,-0.19885824036891497,2.0344570458577977,5.667860800960239,0.0,4.005414303594517,685.1445933946125,34.569032481101324,1.0
2.920558839339097,-0.20113352637131537,2.0444459551864806,5.924923592143253,0.0,3.9961023152575255,683.627349372444,34.56318802051041,1.0
2.8450016183095093,0.2832604890010131,1.9199603871095368,5.01443527524763,0.0,5.739310364318303,730.2494140119436,33.997372045128614,1.0
2.9386915184693274,-0.26594019454154655,2.0273029547155486,5.714909338074835,0.0,3.9990537563181663,673.8770943709455,34.548825594103455,1.0
2.8445531965929804,0.3147738752616082,1.927862796943582,5.163239097564042,0.0,5.740114474755393,702.6033357471633,34.011725986903805,1.0
2.8091223895290325,0.30209638044734194,1.9102029753784198,5.18073822417371,0.0,5.73462464646858,716.6392807556388,33.991332428781895,1.0
2.8863658625987654,0.27629442788250574,1.901441341321601,5.010293532783886,0.0,5.706622545216669,727.8591953244472,34.00139894634732,1.0
2.8818471109910773,0.33487164292458294,1.9068117868662224,5.007999902877574,0.0,5.758713751974592,728.7318423677128,34.01006976090129,1.0
2.9122470790713173,0.2966672106091237,1.8920781712894534,5.178497271922062,0.0,5.733363365745526,724.075239278184,33.998970729325855,1.0
5.755104612231304,2.1691457207163842,2.8122168351197168,15.448585948258264,0.0,6.058631154107852,1830.661565236576,33.24158290048123,1.0
2.9057496725237506,-0.2444546375161188,2.0371020121105747,5.932159577419639,0.0,3.995156236900393,659.5782116329812,34.55718893260021,1.0
2.899756916084426,0.3317929768932737,1.9072619790559187,5.249593871986228,0.0,5.708844186032744,704.2134101013407,34.02174311810766,1.0
2.950142383605988,-0.21329904610281739,2.024942828658425,5.784646979246711,0.0,3.984949840422944,685.408881202014,34.57916956156267,1.0
2.930903104737332,-0.2092248642691897,2.02424141999524,5.889740228348295,0.0,3.9898240363745097,670.9674671732959,34.56801673600504,1.0
2.9006774856229858,0.2722356809493467,1.9133639925798713,5.20559742689444,0.0,5.702728479375505,723.3157944804431,34.00635163693993,1.0
5.676164962727314,2.1972145083019683,2.818032068915765,15.255103324378249,0.0,6.0810025822692175,1812.4659046112315,33.26199206736527,1.0
2.8696419904153894,0.35440731511290485,1.9206341216689715,5.162682745177964,0.0,5.724262880357632,739.7478110920038,33.99485269697549,1.0
5.7339580387717755,2.198133254491079,2.823492968877978,15.247931711272468,0.0,6.074317610052711,1803.3987716510744,33.26172709517635,1.0
2.946206985163111,-0.23879013255381276,2.034394921240158,5.781611264728715,0.0,3.928535245053631,678.301239506424,34.56131351033212,1.0
5.684770580189176,2.143076569999063,2.795785475947687,15.063666310078556,0.0,6.043062292348415,1798.8729195375956,33.252104733231015,1.0
5.71746638728141,2.167079063442086,2.8153427907298427,15.226266021287946,0.0,6.057300947305068,1821.7781474753108,33.242575890395884,1.0
5.671447479500531,2.151852155596033,2.8003608317224216,15.158224920803308,0.0,6.045841681166925,1813.2335940848936,33.2551800619821,1.0
2.942638294906914,-0.24033295447113662,2.0379041525196095,5.818982553720816,0.0,4.021459462589179,678.1586245406704,34.55919384318899,1.0
2.911229799938279,-0.24474656448433707,2.0394634135021152,5.791688679726164,0.0,4.000445779415333,667.6586497906013,34.572336804076464,1.0
5.656541486998943,2.179128247098328,2.795405250800129,15.350130423767784,0.0,6.1111429323889785,1843.1733482970963,33.272563656921605,1.0
5.7118057292708055,2.1742167898906324,2.8124674123764883,15.349793825166442,0.0,6.054428761550776,1856.5670383772572,33.26281754445917,1.0
2.8468959418509447,0.30585931984576836,1.9341510391041559,5.029779998430382,0.0,5.721257055188769,732.4889620814158,34.001333589698795,1.0
5.687790310286925,2.1908630543673016,2.7857469384230114,15.357720687736219,0.0,6.078121544036997,1837.0275810187777,33.2596578083312,1.0
2.85903338588769,0.29341727122136274,1.9082615323783532,5.081653152881913,0.0,5.697459777668162,710.1512361429866,34.011417909886504,1.0
5.762353156580119,2.170461818214303,2.815784663277969,15.371169121986037,0.0,6.067272334195439,1828.058289165945,33.252511200528645,1.0
2.9240135798483244,0.3046577648414734,1.9210870824124708,5.134395554870452,0.0,5.7405801131830305,709.8421856770638,34.019290846601514,1.0
2.9611826248934956,-0.2615634349022371,2.0303190765820447,5.945548587565901,0.0,3.988510931831803,686.5853261375246,34.57331362542791,1.0
5.729117084793258,2.1711211579307346,2.7990437117862594,15.13688985348158,0.0,6.087179485253677,1815.963471630895,33.27731247364819,1.0
5.688544135538896,2.182617816623384,2.788948701311472,15.201407155481792,0.0,6.063919806501375,1830.2931983004569,33.23964907521297,1.0
5.676302881428392,2.1545780098822584,2.7984685704306393,15.03756295161727,0.0,6.042885351466255,1822.2238764132876,33.26133364856452,1.0
5.673186789965707,2.199277110963869,2.806005199684353,15.316614224615922,0.0,6.0797303181078926,1826.1564310835215,33.24778498813037,1.0
2.8384912565807436,0.30969412388728274,1.9141240082230553,4.7932946865619375,0.0,5.704538426024732,710.0204399177901,34.016467051952645,1.0
5.6930014317925774,2.1727355519980285,2.8075483881243337,15.380989233299863,0.0,6.0397927024409155,1829.3343482194928,33.26445388142781,1.0
2.9321823288625652,-0.24306041440049048,2.031207037218318,5.85567375822586,0.0,3.947533956097371,664.7434981757068,34.56116515948246,1.0
2.934378810773701,-0.24181841381558877,2.021702731421232,5.818680975974914,0.0,4.014448231793214,666.2774999214764,34.55145993502218,1.0
5.721217636591048,2.1619976672103998,2.8005812572304714,15.359747185779323,0.0,6.059409543000059,1815.4935088173531,33.23904711415154,1.0
2.9406627243741323,-0.23433696089453737,2.024312058212442,5.833403718250057,0.0,4.027994205589134,685.9351863954786,34.53381395193341,1.0
5.767947596844508,2.1481626419932858,2.789541204290331,15.20375159752604,0.0,6.031111835409974,1803.7307112635563,33.26122023906142,1.0
5.662991269964604,2.1405597523016557,2.790984805476713,15.368858421457082,0.0,6.0590551363053695,1852.324843714619,33.25003924095108,1.0
2.975618571565707,-0.23433246967556723,2.0186350769193657,5.777560274878467,0.0,3.9728417731531818,685.4076991705189,34.549874973590896,1.0
5.657322225052407,2.1165915874942343,2.808956623073171,15.095961478062472,0.0,6.021437586351771,1830.7109104508163,33.25346610135279,1.0
2.9313006735054157,-0.20871144264653543,2.036295806193973,5.825883625160052,0.0,4.005261468584074,696.3236342857526,34.55487583697047,1.0
2.8631405357841913,0.29643348050351237,1.9122003786912485,5.15932998540943,0.0,5.702807123085152,714.2558975894173,33.98986724099282,1.0
5.709395040856216,2.213729146406292,2.8071782779114525,15.410274749006065,0.0,6.113911452655988,1826.0994281885337,33.27099650682967,1.0
2.883113508728328,0.30326134078076233,1.918757512918849,5.342605651041235,0.0,5.730761796484031,711.1469185159373,34.001308915878795,1.0
2.9899958190951064,-0.23423756579346527,2.025269886419262,5.926611275122683,0.0,4.0351331491985025,679.4154898094737,34.56831623938346,1.0
2.913666529990009,0.3061421511050927,1.8902195795473102,5.057628375441465,0.0,5.789586606472277,715.3645764153734,34.00097692143717,1.0
2.846422438849145,0.31481721121080575,1.9163192993371998,5.209987046410323,0.0,5.740372183391855,719.2524477743774,33.9909729835131,1.0
2.9747512988806415,-0.21846693940605869,2.0343973625794853,5.852515890063249,0.0,3.9543192087689953,675.5897418593394,34.54376065449578,1.0
2.8952621924774276,0.2949963337531872,1.9158190467766765,5.0345561055962875,0.0,5.719187943323777,714.4007847595602,34.00174822481378,1.0
2.865136095103978,0.31727696542562156,1.9071407833014122,5.242072478647955,0.0,5.719391018577895,723.0146454295702,33.96009457608848,1.0
2.932255077779559,-0.23759732022055036,2.015686196665462,5.637681260841735,0.0,3.944807356609868,685.2174139536696,34.545286581118845,1.0
2.884228861238021,0.3262173857465943,1.904807745250234,5.022011376455091,0.0,5.731684577673054,725.1358214223795,34.010556251154306,1.0
2.968218117325321,-0.19277845362011575,2.031297186821489,5.669001128770624,0.0,3.9395052714506407,691.4488874161951,34.56261370424437,1.0
2.852275886723513,0.30537981441385315,1.9056587040101005,5.191811347822786,0.0,5.696474886370515,722.5556206329227,34.003936130789214,1.0
2.933068559577033,-0.24486823345127917,2.018179177377226,5.868119705698116,0.0,3.997461190775091,677.3200298410014,34.558327087969744,1.0
2.9734817110154155,-0.23870785641577966,2.0271804682854944,5.7801340723350645,0.0,4.012281807459899,675.6651802558208,34.55298283556186,1.0
2.806105190453944,0.2931593411350359,1.892220650119015,4.908896673791213,0.0,5.729736140021109,726.2218218371886,33.988712224359574,1.0
2.810298817321304,0.2970996109833703,1.904652150923388,5.134833042087265,0.0,5.730104653183099,709.7999181204688,34.00320149237298,1.0
2.8986347012873828,0.275055831912904,1.8932044586976473,5.046156695035728,0.0,5.695115934941559,719.2541057975368,33.9844901394658,1.0
5.742570247474246,2.208954769441982,2.808335099080249,15.139474097698672,0.0,6.0740141562028,1844.047136265879,33.23384050316024,1.0
5.750920634061255,2.1118366807672606,2.817097972028885,15.186703591933846,0.0,6.08520008469355,1821.204918142023,33.26008123228988,1.0
5.682839664254602,2.1807671537990445,2.793953082289619,15.193905348689814,0.0,6.021934903248135,1826.4422403051292,33.24349306675422,1.0
2.9699239199039544,-0.23037737935116018,2.00635734352425,5.87101677169236,0.0,3.9520751131832323,666.3957378758474,34.54419594453599,1.0
2.8924292077959843,0.3196673556620286,1.919899158923953,5.1313894504084265,0.0,5.734526068467947,707.9499548650423,33.99045108476413,1.0
2.9137195861443312,-0.21443788575097583,2.0187571572250333,5.60943983649974,0.0,3.959226498508128,673.471339344461,34.54929734456886,1.0
5.7117312410625605,2.188830876342031,2.8111390005030583,15.42091489131386,0.0,6.070702458813645,1811.8722024435913,33.271189263637616,1.0
2.872303883732754,0.29309790435257566,1.905853874763175,5.307890688763171,0.0,5.740469091660182,712.0785162949792,33.98908198203145,1.0
2.96514765386624,-0.23435300740101606,2.0263827810678525,5.781632341355,0.0,3.9697925484268373,678.7407039796179,34.56531667812011,1.0
2.864891930333204,0.30595820337951524,1.916910745213367,5.249737000538967,0.0,5.705487432692896,694.9834893480049,34.021744153191584,1.0
2.958899510246259,-0.2810490060816894,2.0433499821900827,5.822949457022637,0.0,4.035565759118375,684.0012041231483,34.57536546068293,1.0
2.8197244116054327,0.3120225525715611,1.9061609527412118,5.111068712777847,0.0,5.7337229099279154,707.8761377854097,34.0148064091388,1.0
5.7258573570445535,2.187675587095351,2.7955200150478805,15.405703785211061,0.0,6.1111333133909005,1830.6252157101853,33.24422660774375,1.0
5.703470869085979,2.161318075082409,2.7949284040120825,15.221845154588237,0.0,6.077452883799023,1837.6934441884066,33.24737798543991,1.0
2.8585039999174757,0.3506277072084082,1.9205873487401741,5.16595074497625,0.0,5.716389416784784,720.2148785481037,33.987315865602056,1.0
2.9009776898593658,-0.24284992123781166,2.0355009823807793,5.849445514636573,0.0,4.003490851872064,669.5867074382717,34.5825840573304,1.0
5.657774698796486,2.174899120631825,2.7895441422683036,15.335758165275525,0.0,6.101000621894081,1818.5530342154075,33.256686958901426,1.0
5.788360872230801,2.1653914817819935,2.812269830118731,15.304292497364514,0.0,6.059979148173922,1839.4694747994554,33.25859559931614,1.0
5.717273574907339,2.1567398324878564,2.802543161383758,15.300221107111096,0.0,6.039765482808178,1813.2995090757015,33.269125203481074,1.0
2.879119385404408,0.3098513341234131,1.9074246426304007,5.143557365506318,0.0,5.750705859544615,727.4242639780765,33.98804371111886,1.0
2.866335682134054,0.325352310713791,1.898098055006413,5.162870840888,0.0,5.746316664881624,723.4498856056965,34.00264862612572,1.0
2.8967523734709943,-0.27674780975084917,2.0275566882993235,5.780996698757952,0.0,4.038511179041479,668.5862422684454,34.542571563087726,1.0
2.9459699593851703,-0.22121606466571736,2.0308410778524513,5.736458628532675,0.0,4.007872148412802,689.3417809261102,34.54240040091366,1.0
2.967243568824785,-0.22786714589705448,2.026217219136496,5.807167150206285,0.0,3.9725420424356805,680.6964208223582,34.55228151052217,1.0
2.8225944890033845,0.30851464976401066,1.9142634361926036,5.095861939116372,0.0,5.72117517537459,714.9917458073669,34.004330341890736,1.0
2.82269622698943,0.33457246113065353,1.8986752686817028,5.2551603195740615,0.0,5.709480483643758,715.7530602107928,33.96870181421153,1.0
2.9652460773654514,-0.23542512854796396,2.0207873736167086,5.747391098726998,0.0,3.966142501529289,688.1339725657768,34.5740855679268,1.0
2.9839146412890702,-0.25732411963335317,2.0202482871259035,5.688482313788213,0.0,3.9708374251413407,690.7531444775935,34.56742090171112,1.0
2.847841773700461,0.3089845581948008,1.9352964572750864,5.165593571271586,0.0,5.7428929267120665,713.6764687692947,34.00298428146989,1.0
2.8790284533223196,-0.217298230795348,2.0398029372541515,5.530403444012689,0.0,3.9522108510217127,655.886915554914,34.57643388630554,1.0
5.7158705571209865,2.165702996562094,2.7913862064797894,15.198140749616538,0.0,6.056971423963179,1839.428306921241,33.252940209446194,1.0
2.8500144923067436,0.30135298966357876,1.9053167110915117,4.970166001165534,0.0,5.699054994651994,678.2932208175166,33.99042781539305,1.0
2.9236734474605997,-0.21459689220979214,2.042373058731548,5.7271117553677096,0.0,3.992766043253306,682.360707529129,34.55498200764027,1.0
2.9171514492787205,0.27894875092621946,1.8938384169452798,5.018110527566579,0.0,5.731280763256052,733.3309979575228,34.00104165429941,1.0
5.699525767567593,2.1766558385431978,2.807784549066409,15.39094349026362,0.0,6.122243562794038,1820.0529177665942,33.265917601388814,1.0
2.8423335007043016,0.3249193239222082,1.919889754210995,5.1160745654724185,0.0,5.738526007053674,712.2310669326439,34.00334284783367,1.0
2.864510671531753,0.3200990454683787,1.9144009658525845,4.89022496216798,0.0,5.711005672405448,710.7656263624295,33.989214726638934,1.0
2.921700013774529,0.29829821405387735,1.906364243173547,5.217197521116755,0.0,5.72539429210584,727.2278060332291,33.99538429261515,1.0
2.8992356378537236,0.3005191878786939,1.9186306411772647,5.049870899996717,0.0,5.738418507490026,729.9081098735388,34.0124700796344,1.0
5.682674462516269,2.1454827268019465,2.7916677876292724,15.377938041346061,0.0,6.046574773485394,1818.2862523025092,33.268444610018236,1.0
2.9036483787956127,0.26989439757560013,1.9049887880072365,5.132079472483509,0.0,5.745546064324475,710.0065222624423,33.99424939455918,1.0
2.8185353994148046,0.3000459095992332,1.9103113987075926,4.933327638762473,0.0,5.7082863367925984,721.252694333831,33.999169889049256,1.0
2.9884761896505077,-0.22190054230023568,2.0473762830756295,5.839804957671298,0.0,4.018371453713709,685.7906027217422,34.553610502342686,1.0
2.8829031112209007,0.31780732028639014,1.8906600143027856,5.125216782973688,0.0,5.685167330842249,712.2725584657824,34.00416398172206,1.0
2.9437948515150123,-0.22914541657526719,2.0377605320585523,5.876065565178853,0.0,3.9693628553397495,681.3555016801322,34.577577843333884,1.0
5.694066806293188,2.1400059804283624,2.7965683758343545,15.147893826371313,0.0,6.0774237600720085,1816.701882156016,33.23608279162693,1.0
5.651056442742949,2.1737004724622686,2.7988792192594625,15.350286497146426,0.0,6.071253119362029,1828.4123199957592,33.252605232429744,1.0
5.701790945928864,2.1781036307004986,2.8027035414437145,15.23057941347354,0.0,6.075660294552193,1812.3422906027545,33.259989458045716,1.0
5.7249878115250254,2.1775671650831496,2.8154455530158686,15.228376144418448,0.0,6.086577287351035,1819.8934659803913,33.226750548014806,1.0
2.991379751617792,-0.23066455674011743,2.0295960043704713,5.758841856344887,0.0,3.968902197977739,675.0983482340575,34.55175963338462,1.0
2.91532467543993,0.2897920829841112,1.9075760657707124,5.150462754895719,0.0,5.7511083879236224,738.298719828703,34.004507167090054,1.0
5.705321887487349,2.205687752489713,2.8097342064911404,15.280384769543456,0.0,6.085456612302261,1818.8911216109725,33.23478975834546,1.0
2.8485865673382866,0.32790850715180947,1.908621806387292,5.122941700994848,0.0,5.770143912561996,733.2100185039584,34.014616890751455,1.0
2.9194787829563724,-0.23210109290921171,2.0185028751505456,5.68349649015741,0.0,3.9924192898986517,681.9962088773559,34.553309891370326,1.0
2.9050182105453124,-0.24197049420382732,2.037574805501683,5.787085913878323,0.0,3.9849002265466766,694.4728526613372,34.54774396995971,1.0
2.954276316881311,-0.23845882769453688,2.0344653731819378,5.6962360264425955,0.0,3.9707736732378884,669.5227545347808,34.57606315090331,1.0
5.657778200148157,2.169608687491114,2.7998293526495406,15.205908821525346,0.0,6.081616164709302,1832.2504098975314,33.23180774500893,1.0
2.8043574277296304,0.3292874313167472,1.8965707679624058,5.15600657367427,0.0,5.717179848353969,724.1472628462204,34.00342241616914,1.0
2.9325078542462353,0.3331258304809608,1.9089697745448064,5.004198749993661,0.0,5.724009651382174,714.1034306923625,34.006366880413026,1.0
2.930375339406698,0.2953438300589904,1.9062743798768815,4.914688952140264,0.0,5.7242506345486674,716.763761115101,34.001374916208476,1.0
2.913971141676256,-0.21244357267902628,2.020996968768419,5.867598316493023,0.0,3.974530969043372,678.5416206980748,34.53754573902079,1.0
5.745156115199362,2.146754692234452,2.8021531478954924,15.280620656017375,0.0,6.0366984104455215,1823.0161585850994,33.243975719451,1.0
2.952782184794782,-0.2412871945003717,2.0391794860739845,5.646971454714675,0.0,3.9646265850254796,688.7295772806814,34.57265777504759,1.0
2.9264355049641213,-0.22511709948591474,2.033956943521488,5.822759891490367,0.0,3.9622478210738947,671.3982056220183,34.55239237714868,1.0
2.844753794600784,0.3045192453299544,1.9050099578439357,5.028801276575627,0.0,5.732190107291649,735.5988447125508,34.006265658248495,1.0
2.922348472369894,-0.24754721255514617,2.023279152412299,5.746447280393886,0.0,3.997955667601982,679.4817233648695,34.571388279484445,1.0
2.855780517780504,0.3191817053407116,1.9134405395886558,4.883097521464739,0.0,5.72047359242392,701.3540589405203,34.01254424072071,1.0
5.685280146469101,2.1269665169066676,2.801363031410495,15.524226442566704,0.0,6.067268814520896,1817.3028163890622,33.24702310198323,1.0
2.933774288524003,0.31336358382079366,1.8973186916763218,5.075919317059218,0.0,5.709966495576449,703.5722850789624,34.01191568529997,1.0
5.7670735274945555,2.1688612648513548,2.790304012793269,15.161154834389595,0.0,6.062989175490523,1819.3904960151117,33.2543160580919,1.0
2.88056135285095,0.2612504161230986,1.9128882450884364,4.95506782423929,0.0,5.733002606295042,722.4613522921609,33.994830271471315,1.0
2.9614240039057003,-0.2548932595681169,2.0344782672647117,5.8331595645547685,0.0,4.006782410530237,681.801741620411,34.576358227351065,1.0
2.9800648028369503,-0.21286626182724197,2.0236440642806786,5.829771996090543,0.0,3.984493143865195,687.8099406067522,34.56232984006204,1.0
5.686924594391406,2.159317168690176,2.8140941466183573,15.446466824190647,0.0,6.055567645598191,1823.0003638382318,33.24483089103068,1.0
5.65871781449396,2.2295284755695133,2.787240594928052,15.230921893984778,0.0,6.064506122515246,1824.9312127059509,33.24484058317048,1.0
5.7441383354446405,2.2341486907371757,2.808159122717757,15.052613198521538,0.0,6.113090707561676,1828.1523321328523,33.2543641309652,1.0
2.8761880735572327,0.2806395817837814,1.9115147755328874,5.165881087685424,0.0,5.743614320689372,698.2295936657773,34.02632359099884,1.0
2.897652490632604,0.31557129529929684,1.9194358422751725,5.214117795456988,0.0,5.711370977969329,731.9760398723834,33.99295332527508,1.0
5.728995747911445,2.148188770009699,2.8090587176661552,15.429751261722444,0.0,6.104150406328843,1828.8805907494343,33.23531713652665,1.0
2.9148698319742428,-0.2760964006617144,2.022578809551645,5.935338685660249,0.0,4.014076376899486,671.1673862085223,34.587429967550186,1.0
2.8979179111654427,0.2919620881797742,1.9170150920009748,4.973394797121396,0.0,5.697718068389921,708.4732034133752,33.98754866645061,1.0
2.8833137773566855,0.26499821119890943,1.9205637198827443,5.06590221976022,0.0,5.774556566565361,715.4392460103206,33.99945138075623,1.0
2.858687831269758,0.31387109458013146,1.914173231328676,5.102414267864593,0.0,5.690132570980188,711.7087157499548,34.00612066123292,1.0
5.71576377538558,2.1664789203373207,2.792631171697027,15.250487385432328,0.0,6.109280362069548,1850.7603394596376,33.244939732820804,1.0
5.697918636526873,2.2351785806936317,2.810780340211802,15.3246263701671,0.0,6.077580797958225,1844.0196299688866,33.24609894559153,1.0
5.746979304025219,2.1619813561079986,2.800876169513801,15.141871389904232,0.0,6.085524948497941,1803.754549687339,33.23799283127822,1.0
5.671598950319877,2.199199283518464,2.809252587446436,15.215563861547391,0.0,6.099667941477536,1848.6044321763763,33.252254498013194,1.0
5.750470554975804,2.218405549862538,2.791583879043965,15.348070675534148,0.0,6.0574164154357835,1799.672383106791,33.25573704478285,1.0
2.948009007933719,-0.26835173927546685,2.0417612645176333,5.634278394010872,0.0,4.003291829627703,669.4762058269719,34.53105917762363,1.0
2.9430627132172744,-0.22718900394922048,2.0380438780374823,5.782469857855284,0.0,3.947243238376473,683.9180835380893,34.55545232466704,1.0
5.705192902992475,2.193584983499375,2.8034538975986583,15.151969904031738,0.0,6.061168790158942,1822.1281241233703,33.23018288044984,1.0
2.892327001637604,0.2851456865240531,1.9105481397598083,5.06030447472505,0.0,5.710779598934237,705.9215226222885,34.01841912658892,1.0
5.69558324608314,2.2030565995808757,2.79384846485639,15.409074944546715,0.0,6.087764491407391,1824.7287960263488,33.25883233610747,1.0
2.8835539876645737,-0.2648357747233835,2.0282029862450015,5.672184075393796,0.0,3.953373167771262,684.6533934636517,34.58242651137879,1.0
2.991412081596011,-0.24980086012004932,2.022082770937006,5.736975629834093,0.0,3.9823870115723796,683.5987266474473,34.56315459274535,1.0
2.8711256397741325,0.2851554768164436,1.933765480590004,4.969890546325702,0.0,5.75243828415665,714.8257033125525,33.987536511822086,1.0
2.9522454712615467,-0.24402899571472345,2.0373930272800607,5.990213358463019,0.0,3.9956770766691045,680.7887529852306,34.55765909701119,1.0
5.8068117158535415,2.159121439492504,2.8184922787055897,15.177934004728643,0.0,6.0680132124249155,1825.6916494453708,33.23632545782799,1.0
2.8791535025097277,0.2640418831338878,1.8965126492617668,5.044572975655931,0.0,5.739713168808095,719.4370846415358,34.01015434393792,1.0
5.719347090976643,2.1599515380649796,2.806744442246108,15.36764626443048,0.0,6.068650521619525,1827.3701434602467,33.246664548960126,1.0
5.683439511708418,2.1568986739109097,2.8120324028232186,15.45514376667987,0.0,6.096383437458847,1825.8867778181914,33.24895544373881,1.0
2.8669934190938484,0.33472064872034013,1.9124302525346677,5.155253222869204,0.0,5.673951100750635,700.6050653782168,34.00191035466898,1.0
5.702988343354188,2.1848411460246626,2.8094526265038713,15.250906410746229,0.0,6.091881352671843,1828.3889417502503,33.24238686168054,1.0
2.950364671326445,-0.21527214630020172,2.0427474006377717,5.749528766725874,0.0,3.9598010260657337,655.632891392187,34.562702202686744,1.0
5.676895761073121,2.1991810525402835,2.806400108714076,15.208215454923119,0.0,6.049630341435969,1828.4667440150183,33.233722708773584,1.0
2.8668514713919984,0.26683366011850196,1.8996479875318064,5.129328554196681,0.0,5.718528747332431,697.0920747342257,33.9946801136224,1.0
2.880958422026293,0.3298449938603171,1.909127565618697,5.217893476429253,0.0,5.725101921060507,726.801926676142,33.989897363710575,1.0
2.8589737856488346,0.3115957336593044,1.9333541581021074,5.0891434411336425,0.0,5.71358823682422,735.5961188286321,33.975336056705316,1.0
5.7056589082877105,2.129205719015583,2.792542891480682,15.14200758158272,0.0,6.055016740765247,1830.900270871728,33.25807489686011,1.0
2.8883843739504056,0.3294734466913459,1.908206124585481,5.114156899004022,0.0,5.682114591087462,723.199179056364,34.008827992474025,1.0
2.8475567354746762,0.282357343571895,1.9177665572754174,4.976673964823315,0.0,5.72135970009446,707.2631999684453,33.994840557937984,1.0
5.650654997992849,2.1715252250666,2.8070490140691793,15.27477700683302,0.0,6.064371807155617,1797.82787803072,33.24542606811258,1.0
2.982723457397887,-0.23045520828550328,2.008023451886851,5.465494060696245,0.0,4.019375774499225,668.9652270640423,34.56511112081385,1.0
5.754229618235752,2.243601185912017,2.8067148074256503,15.285476299820157,0.0,6.081017870131711,1820.2045568038247,33.2596541469859,1.0
2.879361294600028,0.26787789106448956,1.9138012059896894,5.099236920940932,0.0,5.72624020594752,721.2341088195907,33.98013179205338,1.0
2.858869719702572,0.28224865824286627,1.9097970982640586,5.158881788127698,0.0,5.738467122369127,710.0908231536035,34.00023174483054,1.0
5.70667703338443,2.150896955076707,2.8209171576641787,15.226221573794694,0.0,5.997522103552662,1846.7796362303277,33.26658823464386,1.0
2.9263901519232838,-0.25764764356752723,2.036856837358568,5.86613985009991,0.0,3.979915822582295,666.7159729995518,34.54740961572241,1.0
2.9405612977976285,0.3370115403576408,1.910242129766478,5.1399298358926675,0.0,5.7775345478865905,714.3028255233135,34.01296105786456,1.0
2.877901222396673,0.1997354080926539,1.9174997117761423,5.273476575901474,0.0,5.725210094560571,700.9262421379098,34.01126638398046,1.0
2.838687708151723,0.30763033811756446,1.9027242797823267,5.167916200883022,0.0,5.746318227800227,719.3666279486562,34.01527796595093,1.0
5.768438656902189,2.156688313556978,2.808542354228798,15.25295648594365,0.0,6.074206497434804,1827.8386459217515,33.25302913510852,1.0
2.885743697473648,0.2834863542757802,1.910235992286477,5.063949115703384,0.0,5.734264291456198,709.660549899263,33.99793401000343,1.0
2.8916014128926033,-0.26773366111113295,2.0241349550627574,5.804883920428751,0.0,3.999777796841757,706.2841560997816,34.55592760116049,1.0
2.8464649695753836,0.2965108532563264,1.884994130399966,5.143632507523625,0.0,5.7266351949624275,710.6747590060149,33.985167819778056,1.0
2.8775975156175053,0.2513084134184589,1.908079558679655,5.134084846920515,0.0,5.746234898397826,717.5663779185925,34.021724015163876,1.0
2.932808641215509,-0.21610905523284443,2.0245901473115584,5.55325035764761,0.0,3.984451388822911,661.7011125524245,34.55584063157712,1.0
2.849293969355975,0.3005671054356048,1.9217856007890008,5.258196031708938,0.0,5.757129127215947,713.6874345903819,34.009774185119255,1.0
5.663660862750019,2.1833493412296825,2.807273544757499,15.189412475232565,0.0,6.0662743840854185,1800.6973664864067,33.23816861788644,1.0
5.724532159725831,2.2122683497543245,2.7969295710328756,15.259469628742364,0.0,6.090348233160877,1823.749568273095,33.24579412659837,1.0
5.709616222299065,2.183812305338631,2.8205888199783984,15.263945018230865,0.0,6.077551801223491,1810.542079637855,33.24441203023115,1.0
2.9730732359854684,-0.2461274326312298,2.0038540316198046,5.641352694380192,0.0,4.021635120995231,674.420889526505,34.58812782770243,1.0
2.83062709739578,0.25926769892577656,1.8993021916557689,5.021472309689567,0.0,5.719721439777793,727.1555111256682,34.006218648209426,1.0
5.768799906999914,2.1659776770650256,2.799080847395716,15.287458375365789,0.0,6.066012037142771,1833.1972726833887,33.24925110252949,1.0
2.9611576695051984,-0.23869009753986253,2.0178524110071243,5.744389329862888,0.0,4.03155635170868,680.8412284717057,34.55041272960516,1.0
2.9119356436996426,0.3250020340541441,1.9118913952892758,4.991665361721919,0.0,5.746658511676077,717.543775256235,34.002481300601225,1.0
2.902657206743902,-0.19997402885028426,2.025209940987847,5.865942639418935,0.0,3.977272843863131,666.4248776473966,34.55054760113167,1.0
5.67465543232667,2.193072916553752,2.8231871645205415,15.339823720432554,0.0,6.0442313881038725,1823.8853699635963,33.25193275803848,1.0
5.684302879149768,2.201259986496903,2.8046644999819335,15.264209450837294,0.0,6.073666049325745,1812.5896566211525,33.263908845850814,1.0
5.672813741565937,2.152775900644914,2.803234655145424,15.198759691673294,0.0,6.057546678573839,1808.0973221201737,33.25966122892158,1.0
2.925945835645682,-0.2548842315537494,2.021228746827289,5.748657512013466,0.0,3.9534723904350084,674.6164828710093,34.540916160960556,1.0
2.9319015451685915,-0.21665256244428738,2.035586021995741,5.828701300070679,0.0,4.013683960948976,674.1297473239516,34.56396343958877,1.0
5.716908380055974,2.211892592773931,2.8073085426896673,15.402624898391467,0.0,6.081282563738029,1824.0580497662236,33.261255554425006,1.0
2.959460573241484,-0.22586841915944356,2.0382312978763095,5.825491987617809,0.0,4.0158916094085235,689.63644692699,34.56152868146812,1.0
5.707117440089394,2.1807283767391312,2.8026303307753455,15.222310287798095,0.0,6.0448103810333125,1795.6209121648264,33.2616789977223,1.0
5.735465019922963,2.18697506765246,2.8086361016832626,15.379207482845127,0.0,6.080099056145971,1827.2666189914582,33.24206764111057,1.0
2.847083750034373,0.29571888573947774,1.8969200557854435,4.936250038058296,0.0,5.715622792104696,747.9300860101752,33.97198413045974,1.0
2.9542237514987737,-0.22494910361442774,2.0208043571056424,5.728572213303965,0.0,4.023977354819567,670.5726982151746,34.572777745612555,1.0
5.726594580387263,2.1709920188166456,2.7816878652590638,15.27119977493266,0.0,6.084872347679578,1822.7617802375753,33.268022960496104,1.0
5.704459484844162,2.162905924387845,2.807382259544103,15.350059048665118,0.0,6.065274443059418,1813.2324055462966,33.250113933277255,1.0
2.9721624462151652,-0.22587883051103064,2.0266739492081487,5.880088857662817,0.0,4.009942362229637,680.3299430649525,34.54844247923142,1.0
2.8998554357439277,0.2978528848109351,1.8882005777720905,5.233291428732038,0.0,5.762133273359856,733.911270527799,33.99737783518273,1.0
2.8591266409369194,0.28425570214520496,1.9091831417022687,5.046623263289037,0.0,5.7287278706257245,744.0192432219778,33.97049554977123,1.0
5.749987396160338,2.164532399655719,2.818553477679485,15.273845737818942,0.0,6.063355930663043,1816.3486947123104,33.25088512829309,1.0
2.8806115966958146,-0.24978396817530277,2.0250825509938646,5.801538976963867,0.0,3.9829589294340715,657.3111960498305,34.57986890488424,1.0
2.8437897783374693,0.30558351530573025,1.9013837647381886,5.147213441733486,0.0,5.727306061787509,716.6014994201912,34.02948604377394,1.0
2.9014019972183323,-0.22397062015811578,2.023990601678547,6.0146504928777045,0.0,3.9719383562243427,655.4061966184058,34.557957898558605,1.0
2.900153567679733,-0.25077335325407596,2.0397418485218983,5.638525799829549,0.0,3.99153899944951,663.2762404343619,34.556962021197045,1.0
5.705115387382631,2.1944755777158647,2.79737326483478,15.315915907628954,0.0,6.040037765394619,1818.3379517090445,33.26412836469847,1.0
2.805725298472141,0.22968703672903348,1.914155320881048,4.957188800324193,0.0,5.758191292628067,703.7641711973779,34.016215356987544,1.0
5.666584373609672,2.1781510659371888,2.815705461988384,15.401918178400262,0.0,6.090123382956699,1840.655526853513,33.2489510822568,1.0
2.8815724050662874,0.3512573326752715,1.8968035882532417,5.050459865461751,0.0,5.708410594684227,707.2259829834431,33.98358193909533,1.0
2.901588747205173,0.3232301918770827,1.906338571528071,5.204092522996391,0.0,5.714442286548945,716.7416462241881,33.99516166837973,1.0
2.821888555674817,0.2889381046174005,1.9009992384244976,4.861656859792697,0.0,5.733608652666466,717.5517366501631,34.01568866636147,1.0
2.8722556350665727,0.3056716174489598,1.918336217123947,4.9574187843959265,0.0,5.736546513499488,702.3582438919038,34.00501081530094,1.0
2.884680454851959,0.31041988904731665,1.9063466345007525,5.026900534928714,0.0,5.725786870911933,716.761231153085,33.98803371626053,1.0
2.895253851527843,-0.21749645185043137,2.0106110395423076,5.882157488939478,0.0,4.017525881774289,691.9614452954155,34.56468795331202,1.0
5.708416117577588,2.1276547090260434,2.811252180960823,15.209067468075796,0.0,6.101766501017406,1839.1664199371974,33.238133051790705,1.0
2.93009446313248,-0.2474109177873461,2.0285044676896566,5.805074374857692,0.0,3.997198980397515,668.1611765541026,34.57437683763851,1.0
2.854944754868238,0.2823065582243717,1.921800846364541,5.067720941036836,0.0,5.699336343992324,710.1897546166714,33.995872910904296,1.0
5.739367617422791,2.1865508249213237,2.7987169183775267,15.182154451583724,0.0,6.044204950829531,1825.4178545588318,33.24641503388592,1.0
2.8239498044364115,0.2741780614635867,1.8925608228503803,4.961046845016141,0.0,5.737591928382817,723.2228414214414,34.00536826416421,1.0
5.67731503087479,2.206355166109181,2.8142761861151526,15.232225579041692,0.0,6.050873690166593,1820.2293402511848,33.23292866879169,1.0
2.906599890125713,-0.19178588050204093,2.0251750306563294,5.6604151599004995,0.0,3.9810337515711414,700.8330772295227,34.55309017423109,1.0
5.770272807542033,2.20649941397674,2.817267520062384,15.234864397430432,0.0,6.080796941516955,1811.898253167182,33.24395609589383,1.0
5.701768683210521,2.209075531558051,2.8070416062392094,15.400102829068635,0.0,6.0906036365821405,1826.0191075128046,33.250106120189415,1.0
5.72833712381213,2.1853478209216433,2.815567274238783,15.344701034234266,0.0,6.090399920523379,1808.7115664264268,33.267739367264134,1.0
5.7012299023497155,2.15003902815522,2.809239394275955,15.43720296162428,0.0,6.044796563684031,1815.0899511602452,33.24173289226054,1.0
5.723718208406557,2.1872799379929555,2.810311557787911,15.308601929546612,0.0,6.060333282871807,1829.274806208051,33.25514521123331,1.0
2.8618993481171358,0.2692867718636602,1.8927036870147955,5.0472562503713565,0.0,5.732675675371831,730.4602196704072,33.99469949626195,1.0
5.7390190179095475,2.148379167970855,2.7961430680314607,15.175992150338454,0.0,6.088058484885229,1824.7400386709521,33.25490912729627,1.0
5.668176459436424,2.15120654492657,2.803873953001096,15.266422795037085,0.0,6.0921545001621675,1823.2892201372551,33.246492589426,1.0
2.968790486689324,-0.27259867360224044,2.0220273445794286,5.783346170145584,0.0,3.9765808249433,680.1631941267357,34.559209137415095,1.0
5.699248069915097,2.1688223284548935,2.824771446450837,15.22543657354609,0.0,6.049073146293953,1814.2712644926992,33.25554859241662,1.0
2.927053533658218,-0.2397825460928339,2.0467148370369705,5.56947376590666,0.0,4.001999820891494,680.4442663436696,34.52499445154279,1.0
2.882239965305206,0.31425461027204665,1.91466428982555,5.046564609287826,0.0,5.7455165965857375,708.2634576850254,33.99457397637193,1.0
5.679509120892415,2.1485282442042264,2.810257246292821,15.212916502742168,0.0,6.073607970921054,1830.8426708859095,33.25697464751607,1.0
2.9330278306493316,-0.20800314466160752,2.038711575343905,6.028088213498977,0.0,3.9750705407223976,705.717986423822,34.56830060087561,1.0
2.980840647854406,-0.22778199657532577,2.0309404936667534,5.631810203839031,0.0,3.982442139071977,686.440129992714,34.57229210876424,1.0
2.9274594008974852,0.30094474883883726,1.9129146639678283,4.945318812217386,0.0,5.678137873945228,723.2807514248582,34.024509634641596,1.0
5.714262898808791,2.204137754635568,2.8047586797462722,15.027006159241534,0.0,6.077791224671045,1812.0045120908994,33.26958248157719,1.0
5.678973469246617,2.1961641053498546,2.8178936365474567,15.451643238954837,0.0,6.067765163546689,1826.1549742029852,33.23697131424058,1.0
2.9841267574907975,-0.24179334447196957,2.005532330951427,5.8090347122227675,0.0,3.999529085354889,672.707525588255,34.56559946054092,1.0
5.698911486262667,2.1505867049219107,2.803979591575946,15.09870548020752,0.0,6.079125139033548,1822.2499737491933,33.26154014942793,1.0
2.980014356716659,-0.19024638510346759,2.0340570226201184,5.752222942854577,0.0,4.0003972181476835,676.388810073165,34.55532887635955,1.0
5.708733229282097,2.1503671196506264,2.8070003249943056,15.195227039654718,0.0,6.058526394848622,1842.2882074557467,33.24499375115097,1.0
2.930218973851722,-0.2793285211979888,2.029228328787381,5.834504066522235,0.0,3.9975811430968697,682.1818824858567,34.5756078093547,1.0
5.686038672730643,2.192168651118714,2.8234423209797894,15.041387236851136,0.0,6.090270295527526,1816.3087532268612,33.24453979707476,1.0
2.9075464908117783,0.28803882050173063,1.9031423002127474,5.083214323759771,0.0,5.746026853206661,717.8828728751245,33.988150505877144,1.0
5.739052011152035,2.144249084602915,2.801522946054944,15.177876690149652,0.0,6.104698076054881,1838.4486871502274,33.241639419877636,1.0
5.67899601248849,2.1855954653262533,2.8084900404099664,15.401340694203949,0.0,6.091712099848893,1808.7268625921781,33.23886473233963,1.0
2.910542708617027,0.2783927049635832,1.8892376065363548,5.185329800404578,0.0,5.7364045435823865,739.2923312999859,34.01619069481202,1.0
5.699929489525006,2.2308664722861993,2.809135832238005,15.263830054534372,0.0,6.0805760648649665,1858.570856936832,33.24319767584698,1.0
2.8128306080960543,0.2596436012007629,1.912294447928791,5.11275591162676,0.0,5.699412998646486,712.0918413691969,33.979861103742174,1.0
5.722579588221328,2.1707841550627918,2.8066085548484456,15.3168811150179,0.0,6.070734928762671,1823.1956054605198,33.24992662181491,1.0
2.960391637547993,-0.2522243778018957,2.011644404276275,5.7281159961445836,0.0,3.9855597001872427,701.2059501689971,34.57368202613512,1.0
2.9632061473265914,-0.22731948266041027,2.0184535314619456,5.854719068296029,0.0,4.021308435675417,667.1663803526876,34.553352373603836,1.0
5.740982932171196,2.1818007073126333,2.8054834063487295,15.33825867381898,0.0,6.090909499698465,1823.645094593966,33.26454397463739,1.0
5.749004957753844,2.160112496546262,2.8164973156364295,15.125199974220697,0.0,6.052934314404403,1812.631555501531,33.23741614508498,1.0
5.695977161823358,2.192463191429373,2.8222682723486217,15.45136830053714,0.0,6.0163591653171045,1808.7813349641058,33.26172766792464,1.0
2.884681775756641,-0.21241633873376448,2.027503206450188,5.911476143508674,0.0,4.018423629608206,680.1654808557206,34.56577881252321,1.0
5.712554782220816,2.2001326113462656,2.8009602450874533,15.324102798122958,0.0,6.049623965157086,1825.7276992147833,33.268732602858435,1.0
2.9438173776880046,-0.2302514767885047,2.037785594577141,5.705260202031853,0.0,3.977340720325609,683.2499305584697,34.54802878036101,1.0
2.8154478223820827,0.30608208135126885,1.9215915880761578,5.167381524998344,0.0,5.743723338967993,718.8403299405886,34.002337105586264,1.0
2.9089665387350867,-0.20219191028072736,2.0397903621157467,5.737048001092646,0.0,4.000638509008293,679.056754462102,34.54012919590107,1.0
2.972802226174063,-0.23882415187163933,2.018682617823174,5.734445596432616,0.0,3.99697865690261,680.4391118273934,34.55628591353352,1.0
2.8902239683394537,0.2886628816547689,1.9135091324584022,5.1957865426475065,0.0,5.74231467631169,731.8259355988023,34.000201627396706,1.0
2.9229377446518585,-0.26567955316209957,2.0264808931942855,5.524708572216775,0.0,4.035551638440863,668.2087810017259,34.59690022517788,1.0
5.727817261846947,2.184577393339503,2.810542713596548,15.164177735713043,0.0,6.060991189614174,1821.2681182825297,33.23681117530968,1.0
5.687031349826422,2.1867881337976702,2.824431419634122,15.195168829865874,0.0,6.1092804696994545,1816.6496918713553,33.2545039206775,1.0
2.8960168618212405,-0.2649123703063168,2.046349772018958,5.78261891828618,0.0,4.002436403898002,690.7399301493698,34.543764193664636,1.0
5.70391306945475,2.1683933759720357,2.8004650620497906,15.455554873701956,0.0,6.107951902882739,1793.7626364221067,33.268701805107966,1.0
2.9427192066248464,-0.23227374496264042,2.0216395951371364,5.736472207064646,0.0,3.9493112451109207,685.2100692911811,34.57739532606839,1.0
5.728662719648093,2.1765449637151777,2.812683376471772,15.292524733614995,0.0,6.081764511589344,1833.109005371454,33.221356865354586,1.0
5.704086794655527,2.160557903854231,2.807869962718563,15.392034571923853,0.0,6.072624343162168,1814.5454760867367,33.27762621149199,1.0
2.97929621730175,-0.2163286161539156,2.0116425010705106,5.6626673115212975,0.0,3.9838938005440983,704.9525891787549,34.57008418846482,1.0
5.688224098913191,2.185855306958469,2.788224410729602,15.267724965994644,0.0,6.054309414791382,1835.0869314867919,33.245566870799756,1.0
2.95019435735403,-0.2653275390114886,2.04249360207445,5.869519554684142,0.0,4.0491850898871204,670.2979443616199,34.56733794102447,1.0
5.70354191830555,2.1959184016512876,2.809487056468323,15.201629388786115,0.0,6.0796860964053066,1829.1799923363244,33.24361495892543,1.0
5.658928523744002,2.153618200994528,2.7990380126719416,15.260855785157151,0.0,6.0582587515193795,1810.1397437935545,33.25416160584256,1.0
2.867266972588631,0.26002695079095894,1.905406164656771,4.985326043514684,0.0,5.735839055813342,707.1256774640284,34.002468423271765,1.0
2.855954008870579,0.2777263852243839,1.9045264697897206,4.955949191231096,0.0,5.761943612365482,714.7662355841736,33.988937584384644,1.0
2.925516718355716,-0.2231946690629144,2.0422335462739993,5.737909195190441,0.0,4.005337924193564,683.6724157292641,34.588453150795964,1.0
2.9271424521936202,0.31738074013480466,1.9092703776197313,4.98981313167309,0.0,5.715165550484655,723.9488685111777,33.98350315955277,1.0
3.01283150499235,-0.21855619128300174,2.0427583843316817,5.953386709635885,0.0,4.00051109131042,646.2058303783824,34.57104299838574,1.0
2.8585725478082775,0.28431069712983326,1.909342426881123,5.056448516332981,0.0,5.693583699562652,732.3619931081435,33.99238510152276,1.0
5.740711924945686,2.117913626416936,2.7856362945531568,15.4102875459633,0.0,6.07228303407124,1814.8463856429573,33.265971498965655,1.0
2.916871156517026,-0.24222835660803782,2.03373009000384,5.89718977863451,0.0,3.9738124257902023,689.5656877134128,34.5866535018368,1.0
2.949522297640043,-0.21086427961503987,2.0224758934261113,5.695046111572059,0.0,3.9782077423938396,665.128948464633,34.56354544762166,1.0
5.72615809134928,2.192149380364837,2.82597310114013,15.199655131775557,0.0,6.058976066830935,1834.8524590634504,33.26265586143469,1.0
2.9148597035843826,-0.2387025680503156,2.034136176253727,5.8255177816150105,0.0,4.005336490929822,694.121845349753,34.55983627043424,1.0
2.987405087977821,-0.2038689891525774,2.0068667283406314,5.992550003616374,0.0,4.011036025305373,672.9218926368536,34.55495026891265,1.0
2.872038322619826,0.2672948295711783,1.912043019451978,4.954539407669056,0.0,5.710065239535335,722.9567193224431,33.98940090328213,1.0
2.9664682472260853,-0.2426028042622375,2.031829585107595,5.915832073900527,0.0,4.0220852941660965,662.0287632593411,34.567239110269284,1.0
5.6676680658049605,2.148654638893224,2.8071624209772437,15.18156996147138,0.0,6.027718349236327,1807.3999075367879,33.26313944701289,1.0
2.7853734641787966,0.2498779948273936,1.9174545781793526,4.918864691674813,0.0,5.7470219712839725,695.2055786937028,34.01493065646048,1.0
2.8868004298242953,0.3467417292840371,1.90103523539199,5.009961253486127,0.0,5.735765143309699,718.054612462578,33.994088086489775,1.0
5.710249389412067,2.1874274383563854,2.8156155813691983,15.27256918505643,0.0,6.058390773584993,1824.0877922868801,33.25877345458994,1.0
5.671269186153195,2.151076593275059,2.8101650181348776,15.102073196728417,0.0,6.048252522747162,1830.4147957544285,33.25321949680483,1.0
2.8714586005323133,0.32654519473730653,1.8943270474441807,5.104643225450924,0.0,5.719933274935022,722.2943797923747,34.001566344542766,1.0
2.9481576929236417,-0.272476955002505,2.027570586514968,5.935151676373557,0.0,3.9666295667677955,700.9153465621714,34.56107234921351,1.0
2.8990580139112936,0.3620888439344902,1.901158832461423,4.832122177503617,0.0,5.7186248125978905,703.9268575420367,33.99591580481213,1.0
5.676680763712411,2.136157765060537,2.8102995370912986,15.245136140793845,0.0,6.051679098004377,1823.4528659172454,33.23623360435754,1.0
2.8387457221872925,0.3399188646743553,1.9033965361610352,5.070263295567712,0.0,5.7337433947375755,737.5213836179496,33.99386491380636,1.0
5.697423886380052,2.2134183152676354,2.8194446944151608,15.270880606755183,0.0,6.062910388990347,1795.3859261217683,33.23442758893821,1.0
2.8153660208362123,0.3185097560030641,1.9167340390955918,4.994201466299573,0.0,5.710281713003107,739.8493705528057,34.00406170213608,1.0
2.9586692512739434,-0.2574533406855582,2.0270743727218132,5.5548085297484215,0.0,3.981542888601377,683.2044599738258,34.579961128389094,1.0
2.831002901534944,0.33000790809012587,1.9139706875252258,5.093735629072387,0.0,5.767696329804364,708.7356619957256,33.999505380723605,1.0
2.81112024654486,0.30550860546682096,1.8936578697230395,5.112119785813439,0.0,5.731112607726843,700.6689903971202,33.99383119550476,1.0
5.733388351214664,2.1246166095497476,2.821741380962484,15.416754972558037,0.0,6.062804586306953,1818.7318105700178,33.2504544456815,1.0
5.712311669861339,2.1759951244644467,2.8186366331130492,15.139288771017005,0.0,6.082502795367572,1816.023414424536,33.26523168131414,1.0
5.7347257066996145,2.2145609293754043,2.803785234021274,15.183519228122236,0.0,6.0872631179488055,1817.1498634485654,33.25270708423363,1.0
2.85830851671989,0.3107498915114024,1.901242370244743,4.983227907268311,0.0,5.716775623890703,721.5508260367372,34.00747538917857,1.0
2.946868457943975,-0.2039139505079245,2.0190195279001917,5.963330044582519,0.0,4.037092469285458,676.0347627662385,34.58532199661128,1.0
5.680991808658267,2.1644508558758524,2.8117852009858133,15.203032315843855,0.0,6.061560955142961,1836.054122218997,33.262640133831624,1.0
5.70299094701119,2.155100681610518,2.807180920450514,15.265010107475016,0.0,6.077097052157511,1806.969913900091,33.236257346852014,1.0
2.804039879079742,0.2805967272204817,1.9060378644219444,5.022169978942209,0.0,5.75874958894536,726.8572275885289,34.018831214833774,1.0
5.768832988312113,2.131260581658542,2.8133346702249837,15.278738436330352,0.0,6.060608803381629,1794.6996008966619,33.228736911190936,1.0
2.9475488473457037,-0.22372953940876902,2.0254662216048485,5.829450204134927,0.0,3.9668331454478234,679.2140472231264,34.557530241099165,1.0
2.9421215810959396,-0.23442845096689802,2.0232159813432036,5.656214047796563,0.0,3.979406972616887,685.4190893090689,34.57447291182187,1.0
5.6718356862948065,2.145184593105292,2.800437636422533,15.159749894487645,0.0,6.05296617692354,1805.6488135812456,33.249319851410576,1.0
5.75807342312969,2.1762406124353397,2.8140310610912493,15.27878541926639,0.0,6.059296585662337,1808.9787489894231,33.250539446752576,1.0
2.882880085089542,0.3162369953905639,1.9009149057417836,4.991783783220352,0.0,5.749523213388428,713.1380070770256,33.989265929232786,1.0
2.982820025801714,-0.24845359822402693,2.0198911880014725,5.834739571782887,0.0,3.9883637840534005,672.9226115652484,34.5432854595162,1.0
2.9383680616085317,-0.22185075070459676,2.021813151996562,5.745192588511536,0.0,4.036724968310179,671.3537544924078,34.54666778068162,1.0
5.761331865989192,2.1890897812935073,2.805402415389206,15.110263867315288,0.0,6.044358051517386,1810.212309623408,33.27187031588559,1.0
2.893690258170952,0.30978116916900234,1.9127498367331661,5.046477136985218,0.0,5.759704474849364,713.5096114642378,34.044001390029614,1.0
2.9823767671805395,-0.25117812453525196,2.0315640546240306,5.618906018826975,0.0,4.02594086865603,667.8026430022045,34.57434414008084,1.0
2.9990026676373307,-0.20235694362368445,2.0288713354051633,5.769581779022476,0.0,4.026802517820467,690.1579494151446,34.563371489373274,1.0
2.845639837115487,0.31156743931310915,1.9160049565080706,4.913427223788469,0.0,5.741065897830047,722.6825696997549,33.98887281499286,1.0
2.847462440572293,0.30704469502313814,1.9046962541404426,5.255455383181166,0.0,5.727114279053333,749.8883812204692,33.97597855140829,1.0
2.895182084690931,-0.2310770006183475,2.016910985017666,5.876650079975908,0.0,3.985737799090568,647.886652287812,34.539518531485264,1.0
2.932533431293126,-0.2533201904019391,2.015602585327345,5.8697865633562625,0.0,3.9616430863058536,677.4572976265332,34.558986229765665,1.0
2.8403144855968145,0.26933656625454455,1.891535324144221,5.043428161869634,0.0,5.702274897348811,746.0217439672703,34.00569175258178,1.0
2.98799583563034,-0.22640470529406803,2.035046728214877,5.817694640912308,0.0,3.9831979578970964,692.4689068929706,34.57878845824196,1.0
5.623913372963775,2.1459967813130914,2.804708660630184,15.269555081167184,0.0,6.082875933861028,1804.623115207045,33.234313026512275,1.0
5.73366606460234,2.192785109730857,2.8107087377365927,15.027944280576559,0.0,6.076045289463699,1796.1666228244064,33.238897329858176,1.0
2.8729280501040373,0.2942530339541782,1.910891709332618,5.230069996444539,0.0,5.6728571443987,706.1824931709232,34.00422714313888,1.0
2.881259645690916,0.27158285923849323,1.8996413791568458,5.053583469491133,0.0,5.7024415320068895,749.8807998598967,34.00727291338712,1.0
2.8806895379540287,0.3169804346887098,1.9080508118874304,5.082827159958222,0.0,5.698407008592363,736.5738385809184,33.986087861781954,1.0
5.771903800427519,2.169547607010494,2.8082133012389283,15.211925471725397,0.0,6.058015944730608,1832.6064053896582,33.23927189357005,1.0
3.0069370200322565,-0.2128203418215909,2.0373834147788275,5.817224003065841,0.0,4.026442643566249,638.6998397528126,34.53164303377323,1.0
5.6650200025659245,2.2052382995623048,2.8224018181371737,15.146426268019377,0.0,6.073145176666182,1832.4887065447929,33.23928999216056,1.0
2.926828534962464,-0.2000488858404928,2.027310260711604,5.7568499479018085,0.0,3.960516819717424,686.0794984828223,34.56544606628423,1.0
5.690567028675639,2.1692801116512714,2.817297016219457,15.302814174805755,0.0,6.032934719910521,1834.1057548810275,33.238212619700725,1.0
2.95491810535429,-0.20279762089226447,2.03110085192722,5.930570830232545,0.0,3.9558160110247638,660.1943095855008,34.538992206595104,1.0
5.725507708301405,2.251419275294103,2.7974895883975086,15.19486033484784,0.0,6.022851013248066,1833.0845791741938,33.2492690317593,1.0
2.847165253789358,0.30844602365575174,1.912891836577668,5.549724976402186,0.0,5.720529301387881,739.5839352174586,34.01349002009406,1.0
5.741469128631313,2.212429184850888,2.81215270310068,15.141452574003985,0.0,6.077977145662178,1802.4740959087662,33.251708905552725,1.0
2.9605154992099756,-0.28114970908772907,2.036157525112932,5.570136592788513,0.0,4.002510584638205,689.7248367712858,34.58738368894546,1.0
5.706450370489514,2.185525050839639,2.8155899612905415,15.27039346372227,0.0,6.041785234285584,1831.8780416673667,33.25186693148438,1.0
5.67013438980673,2.1088195317663834,2.8133137597673734,15.094257461730711,0.0,6.081217214534656,1810.2011036109147,33.24020158104742,1.0
5.7626092049983395,2.140594834541774,2.8009007788426916,15.188132524686738,0.0,6.0704071797966845,1845.6537989755452,33.265754432014226,1.0
2.86266199647748,0.2944486804417076,1.9137477301585069,5.045175677170549,0.0,5.693263156205854,715.0133841357394,34.02221708383584,1.0
5.711835856267905,2.1920165583231492,2.8113472432744095,15.128641845115657,0.0,6.050025345690294,1819.1585579151374,33.25804574726096,1.0
2.818369178367314,0.28773895496304036,1.9019226166490473,5.175457656830889,0.0,5.735478050852255,726.9641420562226,34.005403440333744,1.0
2.8904128789504,0.27135775903983894,1.9268645581146504,5.079911815700623,0.0,5.730025150296044,716.5157512404853,33.99846455355509,1.0
5.692707218358886,2.1387205451931575,2.796934547180723,15.22924765253749,0.0,6.067283716568992,1820.1288490727263,33.251253359206714,1.0
5.697108221521983,2.1974727096885323,2.8016919571151635,15.410691162309352,0.0,6.079275685623676,1834.6101558127702,33.24271102144115,1.0
5.760531544565133,2.1713573961869024,2.816809517320768,15.007892724314663,0.0,6.068235316500167,1815.4772119511185,33.263679891076784,1.0
2.9205874572663615,-0.24073877192721582,2.0146590261393578,5.838868847725575,0.0,4.0038528549346255,693.6245461227473,34.561714589996015,1.0
5.683942218461837,2.1634172226582304,2.803786616733255,15.144777880121127,0.0,6.050216883726422,1843.3108587365036,33.23663394797991,1.0
2.8886397351092623,0.2979723012776944,1.9192972814865459,5.0987735543034995,0.0,5.742826896501862,726.466916570882,34.00301830408949,1.0
5.702114950220272,2.161372000512951,2.818125424082553,15.200441895349742,0.0,6.076598585731879,1809.785343114102,33.226355812577225,1.0
2.968250067905033,-0.2213496048500561,2.015112120215358,5.9082702368176205,0.0,3.9351306311148457,682.1467925493561,34.571172814276,1.0
5.675022861641707,2.1509961509885978,2.8058260346761497,15.328078141940459,0.0,6.123312855503889,1832.6385295440907,33.249608184253866,1.0
2.9295575655779476,-0.23279548023339558,2.0243528351591107,5.991463107648297,0.0,3.977128879508092,675.6986405362359,34.55761257424568,1.0
2.93329733131572,-0.22732070637022772,2.0213866536177445,5.586528587316334,0.0,4.038917436968681,690.5228644737989,34.55639982342627,1.0
5.782895360294377,2.18274492948771,2.8022289766939874,15.30626614535656,0.0,6.0332071232442654,1810.0720871131318,33.25329011691455,1.0
2.870454354975747,0.301239148337548,1.8979113567369323,5.073678600154637,0.0,5.742279934012162,703.5083405445425,33.989763611684864,1.0
2.990903648177147,-0.21960345185078223,2.012589736457377,5.829660914465966,0.0,3.969087562196524,654.0015986055652,34.561370010459896,1.0
5.736502777452826,2.188778508325205,2.8004651434227026,15.336415326252746,0.0,6.061159767379481,1836.6538267776596,33.25069687638137,1.0
5.684909233502799,2.159489329244152,2.815432806617879,15.298512818534194,0.0,6.0849454948229225,1811.5702885701323,33.26757572499065,1.0
2.821796148699829,0.3201598359604805,1.906522091094803,5.0090177470379365,0.0,5.713702903318701,715.4066009815427,33.98152685742589,1.0
2.934470125113971,-0.20288729669144978,2.017161733023742,5.799902450933676,0.0,4.016351515063594,679.1612330824826,34.57938649985162,1.0
2.989918143725331,-0.21798564102093637,2.0374680265039187,5.5744161922249535,0.0,3.9609262347642606,657.2543260791318,34.56530318127633,1.0
5.697745291431755,2.1775806981971173,2.8053946408689097,15.156692636547916,0.0,6.0541558778586,1811.0676250926253,33.241142045714355,1.0
5.695192720618894,2.1484921782087865,2.7944998479473777,15.208797291490317,0.0,6.063076828592307,1821.68180620269,33.245325020657646,1.0
2.8967203961461854,0.3442594045885644,1.8925683891757998,5.039238078061501,0.0,5.719015640317119,708.2187362911419,33.99398165963151,1.0
2.8700923879016256,0.3406898315025567,1.901619129764684,5.169571801026899,0.0,5.712746469727771,738.9401162081174,33.99438590115399,1.0
2.9325996733479722,-0.24792026426859703,2.0291610837177285,5.7313179756071895,0.0,3.9804454143099464,669.0296651380811,34.53869119564832,1.0
2.9190768658199975,-0.3015335620836552,2.038972344122894,5.627942504646721,0.0,3.9973874168459886,689.5843433601015,34.558306921888324,1.0
5.736157641197531,2.175434103817961,2.7979296468709034,15.3207042536389,0.0,6.0489484909859925,1809.1369815153416,33.2493483460123,1.0
2.9457070426327028,-0.23152603319050682,2.0236400374809658,5.723416591295151,0.0,4.0262322927267835,676.4077869791614,34.57292510328346,1.0
2.863232121756557,0.3340326767740135,1.9140963034216287,4.874774694619941,0.0,5.725808105138482,738.5677727963475,34.01818806419253,1.0
2.8506189677727147,0.3349824489528597,1.9223512842256318,5.27273284668602,0.0,5.675391524906182,726.4528508522279,33.97801428708238,1.0
5.689775785611034,2.2084878813171,2.818409555644465,15.117153189676461,0.0,6.0591363248340855,1841.304088503029,33.23882838092209,1.0
2.8547283839786557,0.3252762805305168,1.9138828648968176,4.836642215631872,0.0,5.734545631893472,737.4837061375548,34.00356208985077,1.0
2.8473817058542363,0.3110601309819568,1.8943925445844356,4.958997789584012,0.0,5.689353439233212,712.8016892267823,34.007288950340936,1.0
2.881414576447966,0.34909992110386057,1.906262375870049,5.117782153004325,0.0,5.683923787014794,725.0968158972887,33.99982554789228,1.0
2.8936091330958886,0.31356906997845624,1.9123891825021713,5.184292898384666,0.0,5.712829979065479,738.1258921573143,34.00641984074151,1.0
5.746198390094154,2.109961819877406,2.7932315151567755,15.390026097011411,0.0,6.081154131986266,1826.772437155012,33.24129895074666,1.0
5.742589900730236,2.170201856998428,2.790360279124938,15.482981127796693,0.0,6.061764462823225,1817.9069589540206,33.264272508093825,1.0
2.967478560467832,-0.1797363984420367,2.0302078217768615,5.725302379057356,0.0,3.982095789724286,678.4970125868357,34.55828808866946,1.0
2.881279636537675,0.3253023489546092,1.9109552583249403,5.085847661773556,0.0,5.714114313935804,721.0385819400993,33.994190008914906,1.0
2.912425228723925,-0.23834327102456596,2.0307033357022855,5.779873332102726,0.0,3.9902992004544844,689.1145700473362,34.555924420012275,1.0
5.645845180515943,2.1942847117658424,2.821187606687785,15.370299729392233,0.0,6.045463188380787,1845.1602639240825,33.23074320199995,1.0
5.697701585074487,2.175950935734184,2.7919200497699403,15.096574570983849,0.0,6.071696411453415,1825.356924559448,33.22793538270853,1.0
5.7163510069259225,2.1554383271261357,2.8132414063492344,15.41345550182522,0.0,6.108047029390606,1814.886428124231,33.27233785846976,1.0
5.676876961100182,2.2188124878455353,2.810517197596993,15.247252061569801,0.0,6.084192560673744,1822.1528372180826,33.24205497252637,1.0
5.713242518264405,2.187271152890147,2.8062712898312694,15.303905148571754,0.0,6.062605033280064,1832.7467403250703,33.242815617772386,1.0
5.664561688362512,2.1490454871146465,2.8241454902207885,15.334843238601735,0.0,6.047982308272557,1836.8303377295792,33.271015063770754,1.0
5.704919551454381,2.1815292458870683,2.8206239139980243,15.332531473377006,0.0,6.061279693403965,1836.1176342676179,33.2420839906652,1.0
2.838227381969939,0.281470060763379,1.9055201903215064,5.076860111046787,0.0,5.7284516165703705,724.7439334269723,34.00154296401935,1.0
2.9402883015858574,-0.26732867988001524,2.028590581960087,5.654652573382739,0.0,3.9986820210493823,670.2314959985403,34.5430389669903,1.0
5.696201659352672,2.1795496901627565,2.8038584884728364,15.253214546701777,0.0,6.06653271519187,1832.4418206965336,33.2453818604201,1.0
2.896872299258616,0.2745554952046754,1.906865807479542,4.977025281323516,0.0,5.731266525691698,728.2205580718053,34.00606277320449,1.0
2.80674263901215,0.2711491363329454,1.8996805074241925,4.978063753928167,0.0,5.710814849583695,712.8977132188066,33.99260099400059,1.0
2.913229914697767,-0.2342534835263807,2.0218443890714477,5.842498124150282,0.0,3.9520711616135253,686.6043128328031,34.59023675703043,1.0
5.64513179100273,2.1546192268683697,2.798930851527285,15.216070470040497,0.0,6.07152268215411,1820.5495339308827,33.24051656451243,1.0
2.9006479090927955,-0.20372341661322352,2.0371738420129017,5.865776673046496,0.0,4.008307290377376,674.7423137558317,34.557304058975596,1.0
5.738236667467501,2.165118718318884,2.825840091579646,15.067507684520805,0.0,6.093496190977453,1793.7560578115495,33.24528112381505,1.0
2.876618332144071,0.2720261811463592,1.9164889118912685,5.073683102254902,0.0,5.743672774944,706.2732180207487,34.01774534478161,1.0
2.8370895179240843,0.2925041264341699,1.9038971423766988,5.113193328276974,0.0,5.722512450911228,724.9050696105089,33.98915339212894,1.0
2.8197615604266466,0.28732911981120346,1.913002840196844,5.148676544608354,0.0,5.688305071111767,722.2638873267566,34.02117211364907,1.0
2.8351621072558686,0.2766811182707343,1.9073510490484515,5.1685175247434225,0.0,5.731965111667302,715.1433148521025,33.99827565248997,1.0
2.9546691523314057,-0.2691985954553109,2.0168472387087046,5.65613960184861,0.0,3.968517743779411,675.8357769851484,34.561984536246094,1.0
5.744134438708954,2.186948483167845,2.799369395381425,15.162707701799865,0.0,6.102681892911595,1848.422454516094,33.223732264986566,1.0
5.717576150277491,2.1824394738861947,2.7953487411206925,15.22746111548973,0.0,6.064749257832984,1817.5718019398034,33.24312450786234,1.0
2.9179582127273345,-0.1972693512074646,2.0349021826171265,5.74495931762623,0.0,3.99911457290121,678.9578877030101,34.55875856062086,1.0
5.704654309374272,2.192021025770556,2.80460873939711,15.400790123329278,0.0,6.047740387788312,1795.6944124348736,33.26484918383765,1.0
2.9295171473864237,0.3186526956541939,1.900298510746443,4.9262521113827615,0.0,5.714269846480746,710.3380165807356,34.00137069228642,1.0
5.671583794694492,2.159518489668156,2.8214422159524997,15.419194392299067,0.0,6.044481444660593,1827.320510085153,33.23568622552838,1.0
2.8448383414682272,0.2899472756053873,1.9062617905038541,4.976451879095022,0.0,5.74401481346351,733.6312785271653,34.01812071370007,1.0
2.937240109346471,-0.23905340703638084,2.02974273413768,5.896262871963179,0.0,3.9817510370768967,684.1664721892037,34.54525765063387,1.0
5.674697302449664,2.1356397645644165,2.8163855151386006,15.076798491630829,0.0,6.078816441779981,1831.2693884307378,33.27245211198894,1.0
2.9822932386737855,-0.2347598341683698,2.0361195400956746,5.925323643258527,0.0,4.026506206870412,672.8149612075715,34.56498617529464,1.0
5.688612538521006,2.1921045510046406,2.8009962398672315,15.186137204577664,0.0,6.0801363092105065,1820.384747540682,33.24945331417645,1.0
2.8335778492905095,0.3014916331335522,1.89174931886757,5.01299676551189,0.0,5.734997065667033,721.62422927429,33.99913210916498,1.0
2.9260285644207635,-0.21338703901976808,2.045471312710763,5.797697309217147,0.0,4.06367170401549,650.1908522202341,34.578219185536874,1.0
5.691063180059991,2.2035862617619775,2.8075469676159446,15.297410063739118,0.0,6.030970307793382,1848.6072162222697,33.235571722886675,1.0
2.911236794632062,0.27332577451895523,1.884486203302839,5.082807995120615,0.0,5.759523711414956,701.1663530259345,34.000438204757536,1.0
2.9401061433841122,-0.23937618462861998,2.0345396013283494,5.66040749557051,0.0,3.964953364073874,671.7456748908103,34.523953523445456,1.0
2.8900222966621065,-0.2452452320574423,2.0348094872683684,5.956362780388175,0.0,4.001633178110475,670.5772549964468,34.54155600146207,1.0
5.695677211860311,2.201116741951722,2.806006481285106,15.321215011869258,0.0,6.052284596249937,1831.615016156076,33.26179932645711,1.0
5.705878574813622,2.188934586971605,2.793099968965282,15.227669324482903,0.0,6.046031252421199,1823.925813699355,33.25223645121276,1.0
5.665742320936701,2.2045603317280746,2.8240846202405874,15.217963628175351,0.0,6.032057388724278,1807.4578138709142,33.2484400649183,1.0
2.836575874191896,0.30440882385811974,1.9051365093371555,5.339827376884134,0.0,5.717315197855028,725.6220462102644,34.00817769162959,1.0
5.67754360974011,2.1778659179890347,2.797565208865888,15.212524798940617,0.0,6.073114967976464,1847.2575828787699,33.23751456431518,1.0
2.943651694997074,-0.22863438146518994,2.041244944083382,5.789786871874107,0.0,4.050036290542503,697.7576656875875,34.554308467789646,1.0
2.957524878373462,-0.2821931374576274,2.038359975073498,5.857140954322169,0.0,3.9690053202377333,667.9141879994526,34.52664884956923,1.0
5.683578393369678,2.174630671310322,2.811971622713215,15.301611841530322,0.0,6.103385796438326,1805.9420266107313,33.26029676216876,1.0
5.7066687265072735,2.1889558784326324,2.7920726966532046,15.179246449563735,0.0,6.098691686475824,1824.787691907416,33.25429041941941,1.0
3.0254496539337024,-0.21062292313981795,2.0151213636925926,5.592125627612987,0.0,4.021714990262451,688.6499588708563,34.57851669273802,1.0
2.882426579077168,0.34771025014491636,1.9258142986245774,4.819996736441919,0.0,5.7296681483110135,709.8712854459965,33.99432466174702,1.0
5.705826205806458,2.157673182728874,2.8193443667969666,15.099057039060467,0.0,6.03295353662061,1824.4315933093767,33.258429177815486,1.0
5.753847095739968,2.1928539220879757,2.7983138122022324,15.252394721812498,0.0,6.079664536570972,1840.7407208736406,33.27260924328142,1.0
2.95720021127528,-0.227643210347162,2.0300503542433894,5.835988578346225,0.0,3.9650758891608406,691.1238215417882,34.566490447402934,1.0
5.7036988734461405,2.168151157586411,2.8073911454384697,14.958812551221909,0.0,6.047361721645708,1836.3379215200362,33.270543619358996,1.0
2.867567383415873,0.26640689707173576,1.8930971257630103,5.1073924583636305,0.0,5.758994273995348,707.0207952337529,34.00989412947777,1.0
2.8868773514495016,-0.25527221250776455,2.016560515928115,5.808420287821006,0.0,3.967653737819241,670.3875573352225,34.55252654373995,1.0
5.6822145110723605,2.142313710565994,2.8016882842475854,15.21229545816057,0.0,6.07502454788965,1804.7931401448996,33.238740811526554,1.0
2.954201518442356,-0.19949391862804292,2.0277404248528135,5.68557954117295,0.0,3.9799636949077546,682.1503290449632,34.577372340434316,1.0
5.715382300420058,2.177971240468218,2.806774385817231,15.310541633796296,0.0,6.071433741512954,1805.0798701214567,33.238108070195395,1.0
5.7047543513842145,2.196402435625929,2.8147252971961736,15.215277742060259,0.0,6.0581960053705854,1810.0705622328358,33.264485065662434,1.0
5.706996579167792,2.1610953055623483,2.820376425166572,15.365493725627971,0.0,6.043560587746004,1830.545374629509,33.26923062481372,1.0
2.898385234456561,0.31897494721815994,1.904694891505967,5.05976282516419,0.0,5.746329963237771,709.8595927607093,33.988028898863114,1.0
2.8310102230709995,0.3091769029168633,1.9101245361246042,4.908722903576607,0.0,5.7151922509511435,689.6242190527328,33.992014750770586,1.0
2.8799314877347775,-0.23117547137341954,2.028754648101801,5.657065147589261,0.0,3.9995927459273504,675.9684894798628,34.544932227214666,1.0
5.724114766106421,2.1793701523202116,2.8131864774725504,15.225901565887572,0.0,6.058889932440324,1828.291479078239,33.24995122160139,1.0
5.682809069886259,2.1464018221091434,2.793402830687807,15.50981674228785,0.0,6.040295888148745,1825.6557327278726,33.2468666718607,1.0
2.8576453868149274,0.2834924711355426,1.914155860741777,5.14405494885874,0.0,5.759099792516183,729.1537226887014,33.98612588869691,1.0
5.703992030664516,2.1782950470347755,2.8078095647453623,15.239317389865228,0.0,6.063002467072001,1822.1863372386192,33.234665385960994,1.0
2.8351702716059126,0.3112142457990645,1.9040850647981942,4.8429656173863505,0.0,5.732918756825351,725.8134485661949,34.021615085007255,1.0
5.752401736418644,2.1802262893752395,2.8074511039603505,15.680188849489236,0.0,6.059358794193245,1828.9571194521614,33.280207460767045,1.0
2.929578167133196,-0.2878796004840932,2.0214925656905827,5.572303737034658,0.0,3.9847550921997072,676.9259198035862,34.55685994799309,1.0
5.6922623231321,2.1813412176274567,2.80160215129929,15.381594507415544,0.0,6.080699020492315,1814.3717604774095,33.2582322654264,1.0
5.734415037211108,2.1725565849381936,2.8012562136873633,15.140790848499368,0.0,6.071807364809151,1829.0534955344044,33.26418013015605,1.0
2.8233354650883826,0.28417256273417757,1.9048973714565411,5.037012653794387,0.0,5.7619005141886035,721.1070692337842,33.988389348527804,1.0
5.679823845151829,2.2348487683773848,2.8188479492551823,15.322896042803372,0.0,6.046628278203751,1824.196004181674,33.2462316009993,1.0
5.67615288641181,2.189426587907668,2.8119029435441076,15.36227945575981,0.0,6.127246088775585,1817.8942566969044,33.264764612139125,1.0
2.8829788395451557,0.29626839185724485,1.9068084272061088,5.233174412163074,0.0,5.736109164604991,694.519229643444,34.00198400982165,1.0
2.942430295093345,-0.2480094480415467,2.040272929952168,5.7067377644778,0.0,3.9705087509616024,692.8428337399209,34.5569454701723,1.0
2.9656243190362197,-0.25808768676024674,2.051675600155638,5.794429401276062,0.0,4.012431890339026,663.253753838633,34.58695450082874,1.0
2.8600442329500493,0.3122781217516439,1.911144978544766,5.253041360150324,0.0,5.725241261573516,733.2513991674008,34.013298854903326,1.0
2.893472291708956,0.31257605521870846,1.9040650322374346,5.104931992412981,0.0,5.716470745969215,714.9424790630713,33.99724494015681,1.0
2.884190928626284,0.30853505486459903,1.9169321173330331,5.23495613504777,0.0,5.733885508681978,732.5035035608165,34.01305105592588,1.0
2.844261768073654,0.2938732081111393,1.9016963915516463,4.894677750749852,0.0,5.718631429813162,735.3956729621029,33.99728059067701,1.0
2.906823824801648,0.3110942187346266,1.9200672612177134,5.198616519735172,0.0,5.7745484205629936,730.9217286345223,34.01111315276641,1.0
2.9436744682007165,-0.2137680369798317,2.0297347840186846,5.80201147905495,0.0,4.0227503456297775,664.6133171892141,34.547055879617616,1.0
2.954816142095815,-0.2334366019766153,2.0294232576485167,5.8976057845531376,0.0,3.9786095957952448,686.5893682461747,34.561019379804165,1.0
2.8634767416359694,0.3041043587296032,1.899983972255253,4.94847187725886,0.0,5.718838075633554,725.3166680412498,33.97363937521477,1.0
5.691381845738395,2.197073970166898,2.79925091949215,15.281867646688315,0.0,6.058695071492313,1818.1556460708127,33.23579867277083,1.0
2.827192894622219,0.28594152289425273,1.9108644466525646,5.151110036109072,0.0,5.750314900150202,720.4184771088393,33.98008055268721,1.0
5.712017330008139,2.154910793585143,2.8114969832848047,15.283085615247247,0.0,6.078642103307708,1811.7484052393172,33.257054514576126,1.0
2.8515218594105276,0.27883193786810995,1.9222443280863732,5.01917075654425,0.0,5.742729329321385,720.0076223290774,33.99668374874178,1.0
2.875666662866843,0.3391200533850842,1.8975855995222441,5.25883511257007,0.0,5.700362846087049,708.9361667196328,33.99221612155511,1.0
2.9247079739345145,-0.2562761859667058,2.030067011234432,5.869415671917897,0.0,3.9755287902414,689.9343005330318,34.540629106491224,1.0
5.726094307736374,2.200067685128629,2.804938274024522,15.387240428614607,0.0,6.101200501600763,1816.1266510768537,33.23025432498133,1.0
5.702044316496768,2.150501118612375,2.821955155696821,15.265055474959574,0.0,6.022257844086962,1819.790431677932,33.26131029753731,1.0
2.9509457941725215,-0.2651422246627804,2.0211928248236055,5.593857409282352,0.0,4.008221540057265,672.4684183571694,34.56493938716561,1.0
2.938657821844683,-0.2496504970133057,2.019108091293255,5.891845808958738,0.0,3.9828794978405413,664.6206089143145,34.5342410655324,1.0
2.924724652807989,-0.2339199633130264,2.0235763077599627,5.7855166302192,0.0,3.9698923468608265,694.3182750245055,34.55392178001586,1.0
2.9230591085001087,-0.21811830536254043,2.033597593921966,5.657257991968999,0.0,3.9912166964400657,663.7083238166332,34.56471455581441,1.0
5.712953170246386,2.1423057456773944,2.8115870383270996,15.449516005668501,0.0,6.108611235839967,1822.1261286212361,33.24842678923004,1.0
5.713912291300486,2.1542899044316326,2.799655696841599,15.151890706550825,0.0,6.080833000278357,1818.4803647566391,33.250665155456865,1.0
2.851472845838644,0.3066953833679022,1.9098141088656646,5.057032509324857,0.0,5.718050654213397,731.560174742776,34.015666558704794,1.0
2.9036238176025373,0.3546219191025846,1.898831672586927,5.052519145958941,0.0,5.734080589172809,718.0720167745914,34.02192942649633,1.0
2.955029451623036,-0.30666338653509245,2.0311856116124734,5.654823218544136,0.0,3.982018494778997,681.3366009168008,34.54206664048714,1.0
2.900995699976371,-0.2642211155949116,2.0427055384085273,5.842619752882285,0.0,4.01962482731941,671.9755934412735,34.55123807311677,1.0
2.939150560766477,-0.24927313686821256,2.0251650145193048,5.882027288456469,0.0,4.013005733867806,679.9130682763029,34.58781023201087,1.0
2.9376043876011058,0.2975336838200166,1.9156811587026972,5.084811302716267,0.0,5.689712403652612,727.8912225586967,34.01551878871343,1.0
2.812453593440924,0.3347343398494483,1.9106981436130095,5.105824470617178,0.0,5.717037258260284,722.7289643809152,34.00932336156863,1.0
2.8544624309195803,0.29867408332847595,1.9087178722277653,5.15481473223845,0.0,5.754964149285708,713.233497706912,33.992948909267795,1.0
2.8062701125015375,0.28068105970032525,1.9138392095960375,5.078817820675646,0.0,5.710933280981309,728.2986741639909,34.01311314440617,1.0
2.9171473120588693,0.3571200509728576,1.9179910841834515,4.972626268986278,0.0,5.736317760633554,733.9624499648311,33.97981648001101,1.0
2.8269680738028367,0.31516396759857485,1.9141794283712,5.0537245269896065,0.0,5.728099897159658,737.1285482095558,33.98626595284164,1.0
2.8387417830517654,0.32566059996036906,1.922753005511854,5.057460465316103,0.0,5.742112023564225,715.4223176175492,33.994854597425565,1.0
3.0030712414106433,-0.28815270644908764,2.0221658191348486,5.931174675685896,0.0,3.937230897854969,686.1052406644139,34.573749087012736,1.0
2.9170145117761317,-0.23197082896199248,2.0169456142148876,5.928485382420199,0.0,4.010643782863173,687.7562439667389,34.544034204832776,1.0
2.8923137084857764,-0.19667143519768115,2.0054011863914827,5.811471651129588,0.0,3.9975240372121927,687.322597347935,34.578389669877836,1.0
2.9127499777997494,-0.20694138783456983,2.032218554805217,5.851793594052368,0.0,3.9601323926054106,695.4362542084406,34.57751895709706,1.0
2.860065708582063,0.3117247013942616,1.9220198413077034,5.2706748397678655,0.0,5.727943412051737,722.2775716148037,33.99849918497996,1.0
5.700926032636753,2.1269503768765348,2.8063412002150945,15.267349779605498,0.0,6.068621554765123,1819.1274298590579,33.247821893923785,1.0
2.8686873732179365,0.3308547687864142,1.92210168336896,5.100431619318506,0.0,5.7644785498664195,697.4451660478084,33.989722724988006,1.0
5.736018205894477,2.203860065749463,2.7915363833138396,15.283236359590289,0.0,6.03717480201186,1840.3352103667266,33.24442797685984,1.0
2.928540070305188,-0.2120328038248461,2.0332359495165813,5.680469107369525,0.0,3.961063518251927,673.9415163957611,34.55726995778175,1.0
2.8569007512310978,0.2733395949175388,1.9199365396147376,5.142270336911185,0.0,5.769117185171145,705.2553286265962,33.98468266672678,1.0
2.918759000102382,-0.20328256579247664,2.0127280660276723,5.564522035973295,0.0,3.968519988754526,680.2090830531864,34.53772186024937,1.0
2.9172924466806673,0.28801090428914744,1.9183534674215643,4.937643427505072,0.0,5.71025194242325,743.9492933821072,33.99668910045893,1.0
2.8940272226326162,-0.27072796370965685,2.021495790046641,5.719039135979794,0.0,3.978109036989715,688.3153409581453,34.58813212147649,1.0
5.7115565425669175,2.1799904881434036,2.803197193027956,15.08538557318135,0.0,6.065185135794306,1814.469286662194,33.2562934104679,1.0
5.681478114864627,2.1688443450736354,2.7907572866811567,15.401198359074,0.0,6.085186673563728,1816.046321384212,33.23036641644336,1.0
5.708669349793621,2.1829903838196807,2.81185915401471,15.25955374112303,0.0,6.069894835992694,1816.4892332687223,33.23848627934301,1.0
2.8770239563348055,0.30113074724792893,1.9254438213353582,4.9567882362609375,0.0,5.713263767004639,729.4324276239914,34.000344463249164,1.0
5.74712653212805,2.208295080831067,2.803297031883404,15.273427071521526,0.0,6.076185350075284,1809.9639985862307,33.24457270749627,1.0
2.8127876872896103,0.3240141601830589,1.9112280646525301,5.092798127671296,0.0,5.778646249116394,710.3365873492264,34.017604772206454,1.0
5.655292359558834,2.185260248234686,2.808618190248408,15.258399289586185,0.0,6.064769747051996,1822.3700316999398,33.22940422758535,1.0
5.75378628831635,2.182170840758243,2.7976204303921985,15.201046136939013,0.0,6.057068563567742,1834.4382049978144,33.271889257018785,1.0
2.8430655014374704,0.32243239972363014,1.8905168201707365,5.186500293359188,0.0,5.733923939106972,715.364066306778,33.98429212522144,1.0
2.9226648373643864,0.3528133920906426,1.8960307099875624,5.165341994670219,0.0,5.797701891030647,728.3067039791032,33.97517792537672,1.0
5.753737142253454,2.2260818368153155,2.8101971305579347,15.234796340100619,0.0,6.045650738653296,1817.3966486648983,33.23905611364569,1.0
2.8905803722369248,0.22953348870192664,1.9130485951579357,5.2665353379543705,0.0,5.772250857076373,722.8724583907651,34.00411644502868,1.0
5.7272048580417705,2.157795005205768,2.796572109806014,15.218743615971707,0.0,6.0533930569239685,1817.0091248413696,33.22903565763142,1.0
2.824199777211697,0.30064150234631354,1.9209207605254395,5.124444192726918,0.0,5.721861059205466,707.8821428491225,33.97964902506565,1.0
2.9248199152088903,-0.23191246734004253,2.019386796033319,5.565232839370664,0.0,3.9843233518811987,669.439535456492,34.54441603300841,1.0
2.9057073732314667,-0.21423068366885709,2.0304378697475314,5.785310512212252,0.0,3.9657876691911778,686.1893198079772,34.57512409226846,1.0
2.9717792659433453,-0.2210117203806442,2.0326115867259644,5.944651593925955,0.0,3.983772565290501,664.9464012416015,34.56119418351851,1.0
2.9555696096979562,-0.2554428699689367,2.0291019599519604,5.803428076586541,0.0,3.972474265879726,677.7522516049535,34.56557190705567,1.0
2.911051101273667,-0.21488657019859023,2.0105156600886676,5.865941414643611,0.0,3.9934707745527085,667.5628859516112,34.58131365548055,1.0
5.727111723659095,2.1634922698481622,2.8063867746744906,15.251672549207315,0.0,6.08705709978512,1838.0726792534608,33.24075393842367,1.0
2.933991100048653,-0.24084006800344387,2.0261227296347544,5.713247258585408,0.0,3.9660894043304147,686.5201763405543,34.57828575464038,1.0
2.943358328785302,-0.2388135916473179,2.0281503663972407,5.932775712934561,0.0,3.990434613597742,674.7361832799212,34.54093949528812,1.0
2.9947451621700485,-0.20677119621021306,2.043191176867734,5.807460960241685,0.0,3.9838008888162757,677.16297443407,34.56196446334114,1.0
2.912897574086933,-0.2789680044081169,2.0304498016415553,5.683913157720954,0.0,3.986499063251182,682.7254530331862,34.57413968148199,1.0
2.846413971276988,0.32674832634623374,1.9006928977155118,4.99116978265462,0.0,5.742732868863668,690.2988305937929,34.013631298607045,1.0
5.71999706816627,2.1936398893050217,2.8150235955231544,15.375574352147662,0.0,6.059286094583614,1812.6260215843474,33.246060602737614,1.0
2.928429954378093,-0.26046963763585235,2.0273762501879,5.801796027920686,0.0,3.966879663626861,679.4791277014416,34.562965639835156,1.0
2.9565691247304318,-0.23215727045969659,2.035116648388955,6.07719299738204,0.0,3.978669352517071,685.9023912311415,34.5660872142082,1.0
2.9237155200665192,-0.2409376929248762,2.0408963137126004,5.728316911173164,0.0,4.014668754333091,683.9642638894619,34.55481889749931,1.0
5.6539554008341195,2.1910319057852385,2.806106819537239,15.198267901691317,0.0,6.079582370312612,1821.4657648082068,33.25157152115349,1.0
2.8718972279625823,0.27169462328127747,1.9235240759458094,5.016955533843544,0.0,5.723444265784002,736.4180606802718,34.002564740693266,1.0
5.728324812344313,2.185279889828044,2.8020013065476226,15.305228000877854,0.0,6.099709756169441,1840.6709020318397,33.26539579059744,1.0
2.890577979250536,0.31383156357348796,1.9057950447228897,5.050489030867076,0.0,5.725180522330399,723.3351198983707,33.99833215862792,1.0
2.9540501115429727,-0.2472715223641121,2.0166853383389194,5.721860951926339,0.0,3.999132702386764,674.4081745109507,34.53638497694463,1.0
2.93191533991326,-0.19504741512853785,2.038724204169143,5.775027051748298,0.0,3.9903581965552894,662.2929063306811,34.56812238091591,1.0
5.682811532796183,2.168433701049539,2.8148801669103354,15.188773792491757,0.0,6.0585651494191515,1832.269674431696,33.25706181473417,1.0
5.710120841202236,2.142511844740938,2.805474322736613,15.305398392097757,0.0,6.059751229277204,1826.800979821448,33.22873754602064,1.0
2.835947528305053,0.321426644031428,1.9193518782026264,4.938856139666832,0.0,5.752492015896004,740.003448329404,33.9987056135888,1.0
2.8118310170462424,0.3205553183406067,1.897958181025026,4.932675918750412,0.0,5.733197239752663,737.2953295442395,33.99200858628466,1.0
5.727989899298613,2.1797390584029226,2.807295010941898,15.033759185228991,0.0,6.079096870785493,1814.6406240388967,33.25059926195116,1.0
2.8164898725474092,0.2660268925730592,1.9180741889880613,4.84906436656773,0.0,5.754431675059707,731.324569115284,34.002377039108566,1.0
5.724463964339765,2.1460146575009817,2.8164217691686884,15.143645075797531,0.0,6.05353278478509,1844.7607605832582,33.25292553730315,1.0
2.827138170818377,0.3310368195364293,1.8965772660220577,5.157060325095385,0.0,5.754351772684459,726.4683602284347,34.01616484860926,1.0
5.7529166912889265,2.1610411709523527,2.8028654263907495,15.252442427144823,0.0,6.072114522906224,1819.1370142725814,33.280792452322366,1.0
5.691280682592956,2.1467641135145,2.806897451221555,15.51028026572228,0.0,6.060778642566686,1819.5783493428016,33.253624861534995,1.0
5.665427352859442,2.1904900738571844,2.8053190508851142,15.338700692395099,0.0,6.072541325267747,1824.7437640590686,33.251794393318036,1.0
2.8678946895260036,0.3341638868466363,1.8964555084773622,5.128611033787354,0.0,5.738739099934553,722.63480346393,34.01381133963363,1.0
2.8309857698911105,0.2724904534033679,1.9217675324562207,5.221353662359654,0.0,5.720920644314535,718.6359877528023,33.994922701872206,1.0
2.8815989358963447,0.33959302686875437,1.897482664517743,5.134704074823714,0.0,5.708445322337683,710.2528210342931,34.00299062488063,1.0
5.760607146716818,2.1766917278018747,2.7977797164946594,15.34085144412004,0.0,6.048568635443245,1813.3000679450124,33.23759756134424,1.0
2.8572702841800806,0.337534289262893,1.9363941216002831,5.069313657688958,0.0,5.723701017232328,723.9931629560285,34.04416074390877,1.0
2.8579373184154413,0.3009998487546239,1.9119011627940805,4.930168129436475,0.0,5.746158152288121,732.5937678265688,34.00936341626751,1.0
5.731828042577234,2.165415258374998,2.8121864042177935,15.105809894948068,0.0,6.113785116114661,1831.5431538445655,33.253729688674376,1.0
2.9516669785855365,-0.2616669479131589,2.0344849727910015,5.719835716572304,0.0,3.992981038637844,661.5342877025744,34.56014331981449,1.0
5.710336169691487,2.180607193861753,2.811761835482568,15.182368942282121,0.0,6.08572189627859,1806.1051321877403,33.261484238025744,1.0
2.8766693558249132,0.264605824821371,1.9151563480935483,5.1322897271580254,0.0,5.7569779336818785,700.6988729827034,33.990974186862985,1.0
5.658136110081139,2.1940100448642537,2.804865170749396,15.351168616282028,0.0,6.086299818975718,1835.8334768814348,33.251691590878956,1.0
2.943653055714604,-0.23904065505910538,2.036863250847995,5.783040863814666,0.0,4.00995834954623,683.7316325492466,34.55126181081078,1.0
5.6813741654285215,2.178738455252619,2.8070096704156566,15.35556553904382,0.0,6.029622204534509,1820.8296572293295,33.274682746535554,1.0
2.853090544629959,0.30117315632642067,1.9126452408763512,4.878908388426475,0.0,5.721609297096575,705.5827418093904,33.97590640439149,1.0
2.9469288579595827,-0.23427642952638622,2.0358671215415938,6.024140828771003,0.0,3.973655896529054,671.6737070893686,34.56371231269907,1.0
2.8707240575041393,0.3035894994404625,1.9029571457940946,5.094251212360559,0.0,5.713524368799033,698.6169134337437,34.005673536759645,1.0
2.878645266137388,-0.22853102513306373,2.0167555702501367,5.781030306364994,0.0,4.005864843092646,681.8374132534396,34.54307653372275,1.0
2.9343406463596544,-0.24839256185465727,2.0135849867157143,5.666388058613776,0.0,3.981636251836522,683.9491325438789,34.572929753746365,1.0
5.669497164684933,2.144591829451743,2.827176618534411,15.47261284697382,0.0,6.055336417976407,1827.0704653413416,33.24682833216753,1.0
5.681101142957231,2.220466268358351,2.8020776276151134,15.218341198766781,0.0,6.095406123621129,1825.279748761732,33.241441758873165,1.0
2.8291125500479475,0.28775501642131623,1.9151495741531548,5.060921148206764,0.0,5.734029886659959,717.3836311062717,34.00304795270239,1.0
5.77872845076069,2.2040705389831556,2.804144062886644,15.299983794794706,0.0,6.058347604526834,1802.245560715371,33.240856597882804,1.0
5.727946200059806,2.1671834039638633,2.794236112861888,15.398797164909306,0.0,6.0843322752514,1823.7416992067472,33.25983742589172,1.0
2.913634847282593,-0.2336079605341389,2.029059990725704,5.7708806933384915,0.0,3.9734164058163746,716.5549353337356,34.56185277874159,1.0
5.712711759408938,2.1374970305257204,2.798078349339966,15.333291804922165,0.0,6.095702479511816,1797.4400762568714,33.23285022061697,1.0
3.0119192305156193,-0.24096294335263532,2.015827080452777,5.655027004041838,0.0,3.974180276454212,686.2049429200426,34.54603423614434,1.0
2.9506705542706375,-0.18569456497767997,2.0148074695667746,5.649523110398676,0.0,3.9888513517578916,653.1085257224146,34.54422322357005,1.0
3.0079967828290535,-0.28780577857601003,2.0456324108262356,5.684221857556935,0.0,3.9792936987121954,682.3386613088265,34.552352560556926,1.0
2.933131520882444,0.3024403539248493,1.9043314642351343,4.885432826923031,0.0,5.73626020498986,728.8073603059587,34.014623585950446,1.0
2.8404705819867546,0.29014473836259846,1.9037501117998024,5.140256736068684,0.0,5.718539627775648,717.070641585917,33.98157762366256,1.0
2.8195610887253952,0.29964889131255046,1.921174945908352,4.920339586847208,0.0,5.723286335160009,708.9197227773362,34.004118042544235,1.0
2.9632065965129066,-0.24409289119188218,2.0329366150081993,5.916664992234879,0.0,3.999714323549321,693.7381541895302,34.56904010125103,1.0
2.9249669905887408,0.30919208931669984,1.8927453279438005,5.235047353996627,0.0,5.73486001437191,729.3699488261171,33.99685419788566,1.0
2.8119538215124797,0.3245665673532648,1.915146616207918,5.067681685658,0.0,5.72508716300726,711.327977641804,33.99586393207895,1.0
5.717336500632809,2.217967249696711,2.803158321251618,15.152236080378827,0.0,6.059194177761208,1817.8971656511856,33.272828238877906,1.0
2.8780365751708907,0.29046836417918864,1.9149534910979515,5.181160378750814,0.0,5.774461884852467,734.5425520119417,33.999071788601235,1.0
2.835954422947567,0.3509461689603661,1.9133507503276845,4.693452191533729,0.0,5.742608759365241,727.0164972088972,34.014067969689535,1.0
2.948827338426828,-0.26277245718936687,2.0173986295944064,5.683684766222995,0.0,3.975452963669455,681.6609172835861,34.57820748146996,1.0
2.968605414736887,-0.2590725930408456,2.0176461050624144,5.851433058350713,0.0,3.9666597747395964,681.5286056581315,34.56532120423291,1.0
2.931242128980535,-0.2650021992293649,2.0401838118161706,5.774273283537998,0.0,3.9818563267157554,697.2224140526035,34.55296439867304,1.0
2.950309631663007,-0.2214872361842543,2.0381623767779313,5.830034831847697,0.0,4.0061473260435845,668.4673067816133,34.55073323735716,1.0
2.906324336526768,-0.268398037052552,2.0325710932867422,5.944013130578358,0.0,3.967413619659168,668.5955378679704,34.57722692257078,1.0
2.930172507868035,-0.2302515941916715,2.0223793415346574,5.657236893105071,0.0,3.9613311650798977,670.2818298768829,34.58005626363476,1.0
2.785164049093185,0.31641873095028394,1.9235987223222895,5.056550390909552,0.0,5.716275294728314,730.2601651086266,33.992365899232766,1.0
2.9162062857986264,-0.2859392243534683,2.0384769999850985,5.904192267804174,0.0,3.972047793250083,669.611230433622,34.576043757430774,1.0
2.984858204574345,-0.27319094634437396,2.036208060760019,5.842659424908271,0.0,3.988465236403735,674.2822514213555,34.53681179416033,1.0
5.725863699581251,2.1681632649149174,2.8046788270645613,15.281082742360363,0.0,6.054088923354316,1824.4660335694052,33.233615152972106,1.0
2.9231930899983256,0.3171065659628582,1.9137308214116562,5.069694418319333,0.0,5.736559301970387,732.8382645148954,34.000688058925405,1.0
2.8668961727485205,0.32180972744928626,1.901286770159838,4.993508087851649,0.0,5.717580683386461,726.3257391406761,33.996507367746034,1.0
2.8166670296118075,0.3125456072510896,1.899660420816738,5.137282915886373,0.0,5.7353609313722105,697.5601560489773,34.00126379013152,1.0
2.9552735201930367,-0.2562624704905642,2.0190958518309805,5.731860182550662,0.0,4.0186390882858,682.1447426636922,34.54961826668412,1.0
2.9559577562609674,-0.20905268867186003,2.0219501608036357,5.873091761344723,0.0,4.026145510425291,670.0163693880331,34.57724454774811,1.0
2.9386170382391943,-0.18470125510980223,2.0282189989806545,5.775716566684366,0.0,3.9852977536872642,672.0405919313943,34.5455906727154,1.0
5.723875088196601,2.1878043342593547,2.8064411938956013,15.224886478993868,0.0,6.047395135082527,1823.074298239183,33.271894275793976,1.0
2.932743222491466,-0.2479903224777356,2.045474117975583,5.6736232272792675,0.0,3.9995111121763425,688.2478571061288,34.586971185041726,1.0
5.697841336995215,2.1603884347748417,2.8108858422548986,15.395417395267813,0.0,6.068310343619967,1850.0485121655518,33.2623029432618,1.0
2.875751249509476,0.2711869624653234,1.9127991131681608,5.137513183711953,0.0,5.728261209111816,730.588879074975,33.99342414652522,1.0
2.932927372608436,-0.21843157743504502,2.0387784984515136,5.686370511046314,0.0,3.990846416581235,693.8910423173908,34.55016398952007,1.0
5.675529155998961,2.2052728830343877,2.7856101010731042,15.380140157164929,0.0,6.077311723789939,1818.7885713506096,33.250883513055165,1.0
5.797308359031775,2.1991518545683206,2.820081156429171,15.18215366833086,0.0,6.098236407173506,1820.2319881451251,33.26699426245548,1.0
2.893617745763025,-0.23627252107756377,2.0348373484049227,5.770820348258348,0.0,4.005937031861349,682.0999205256829,34.55440654862923,1.0
2.891008222473759,0.3336743306472095,1.9059076734674814,4.832377155862068,0.0,5.749377961009013,730.3863161194369,33.994178043287256,1.0
2.834367815802135,0.3111856963299571,1.9134008373804052,5.16012417730341,0.0,5.718494546178899,729.001187916697,33.978223823749005,1.0
2.874084170453293,0.33412488699489473,1.9021759239427907,5.069991249805368,0.0,5.696085978227443,711.5965904979332,34.00313539952059,1.0
5.666240128952228,2.2301213651763834,2.79677844967124,15.240614266865341,0.0,6.03000940356974,1845.943699901097,33.27893629113134,1.0
5.695492751085772,2.1614731284031263,2.8108000088922642,15.146321176109286,0.0,6.076390659272661,1830.3226587100883,33.26205529132041,1.0
5.741829427290379,2.194277724081401,2.818417718580003,15.330007086395558,0.0,6.054389863086825,1810.7113145338876,33.26874039644339,1.0
5.705075275884108,2.1592428197069307,2.8065488815913366,15.197665991495768,0.0,6.09144446588904,1841.747704022504,33.25866548354257,1.0
2.918591277500992,0.3107967250618658,1.90934493861893,4.9327175114599795,0.0,5.750459786699537,710.1962072061715,34.0303482787454,1.0
2.945967883142388,-0.17399980607436955,2.0232304780451025,5.672217113415803,0.0,4.019484343308885,682.0813182038479,34.55338022190784,1.0
5.6996795584659745,2.183842633558796,2.8203077006944164,15.18247090671673,0.0,6.039348863934419,1829.6847485893359,33.25413152752182,1.0
5.715713462047663,2.1881985075398536,2.8003717325331534,15.410971230069265,0.0,6.079525814079759,1818.5132863543374,33.260032974807466,1.0
2.8951138212184304,0.2830827508425982,1.9094136124556746,5.114734244427145,0.0,5.736955397000467,720.1851768588391,34.004543967899224,1.0
2.940743328490361,-0.2565972139953025,2.0234450533919013,5.676348411503747,0.0,3.9929960045169444,673.2802044404389,34.59197895147595,1.0
2.928218604750069,-0.21738948850238554,2.0324031302441057,5.850676873381482,0.0,4.020368272746969,673.8458662093424,34.5498633097057,1.0
2.893343938799741,0.30168039277648967,1.9193578853629891,4.839426919237837,0.0,5.735334536462513,715.2347761598998,33.99321840216437,1.0
2.919986939059341,0.3157618564763462,1.912913320731474,5.028487520518265,0.0,5.688303806372631,710.298327680577,34.003005588714444,1.0
2.956094850730988,-0.25068734092632855,2.0180531046013366,5.8300351178877,0.0,3.948452917362769,682.9424207003494,34.58671314343733,1.0
5.726945537232032,2.1974645321278508,2.7947912323662862,15.25623316292723,0.0,6.063359617945978,1803.0848164284625,33.24153663555976,1.0
2.899386877065431,-0.19121580542136238,2.0258029790727923,5.857844273162567,0.0,4.005098408158424,661.3297915086608,34.54853230800235,1.0
2.8573600115662456,0.3196455387369608,1.8949203467468265,5.247736107288865,0.0,5.709690802109475,716.1177236074171,33.998994001052104,1.0
5.676729282634002,2.1725150407993365,2.8212401002708543,15.219273344231679,0.0,6.073658527813496,1819.7999340406218,33.24454164977148,1.0
5.653493881543657,2.179870677104284,2.8043362033487793,15.196119258094505,0.0,6.064103491991827,1833.4270213849693,33.249153310308515,1.0
2.897859898538137,0.29397044112164217,1.9212158080384045,5.018259025910435,0.0,5.749173523488552,729.6913963596825,34.00618825533484,1.0
2.8846402438434042,0.3384565497759809,1.9048125178501563,4.848495746993095,0.0,5.733835022448108,715.5067339420369,34.00740560768286,1.0
2.867425034177608,0.2905850670564533,1.9107918904418257,5.1163012100700795,0.0,5.765911098399384,708.1005215434769,34.00316087809276,1.0
2.9159981583165506,-0.24318543833002101,2.0202721313709415,5.768567334240019,0.0,3.967960918071242,676.7490285365047,34.57111925946514,1.0
2.972426206821668,-0.26070373205903286,2.0478681629159055,6.011517287578996,0.0,3.9925187202470482,660.5077341418897,34.54636470514202,1.0
5.689023079178744,2.148273752371767,2.816971262284783,15.211893534109752,0.0,6.066945223306769,1841.9640148485717,33.23159914286091,1.0
2.8376865689712005,0.2881505284698052,1.9039251883449297,5.02933715443474,0.0,5.752478575396077,695.3288797947519,33.988878107735005,1.0
5.667329919531266,2.1404355944605666,2.7947841828467417,15.24801122252365,0.0,6.063385402455888,1824.670336709062,33.25129327584581,1.0
5.722693323221317,2.1908195319239394,2.7978157103942496,15.197963361761953,0.0,6.055235833347223,1812.6168427999653,33.21831191079721,1.0
5.665769135789923,2.1866483856219507,2.8154063149418294,15.429695439238115,0.0,6.035504109528331,1837.4317258969727,33.221678190593074,1.0
5.670918650391103,2.1485541968377957,2.7995176215857587,15.252967693761732,0.0,6.0231290813839715,1830.2257326845368,33.24880470054503,1.0
2.8741610519359373,0.2567294769338573,1.9232828025510134,5.257279902610838,0.0,5.711684182909373,735.2744588180414,34.000835507605906,1.0
5.71662445588065,2.151865307009508,2.796730435338347,15.33989679876327,0.0,6.068832465194195,1844.9010397563393,33.254587207011326,1.0
2.879465997933216,0.2923600621051452,1.917940523972979,5.104036028622494,0.0,5.728357528938361,702.0992176755677,34.01731200638744,1.0
2.8782801900884443,0.3001060291562996,1.901557753007763,5.135613041725715,0.0,5.71472594864379,716.51113783191,33.97702788246573,1.0
2.9686737928922518,-0.22880112500494182,2.028575529187758,5.804926139909896,0.0,3.976752447410179,671.8056362448622,34.573256828600776,1.0
2.9196936906283626,0.3298997954248365,1.920471503726224,5.042111000071457,0.0,5.716491304101866,699.6594086921222,33.991409161739924,1.0
2.9594962292106266,-0.2452257086355536,2.0341433563806177,5.797087742154016,0.0,3.980291274642055,677.7922911887517,34.555569869265874,1.0
2.870711762583444,0.32450878369066477,1.9158853318084954,4.948162804204989,0.0,5.734281090641917,719.5593490868727,34.0155138768041,1.0
2.9002808453265607,0.279379034940919,1.9183568200759418,5.116388384405009,0.0,5.729236264836637,727.9484701790482,33.96634104319374,1.0
2.903636021657176,0.2728525874415904,1.8966801455376634,4.933137262040865,0.0,5.719306488495566,686.7832610068122,33.99798398565521,1.0
