RMS,Kurtosis,CrestFactor,P2P,CurrentAmp,DominantFreq,SpectralEnergy,Temp,Label
4.845,1.864,2.612,12.291,1.39,2.91,982.74,32.44,0
4.177,8.045,3.557,13.971,2.48,4.26,1154.72,32.44,0
4.217,8.218,3.524,14.19,2.16,4.75,863.91,32.44,0
3.975,-0.935,1.672,6.05,0.51,5.73,907.06,32.44,0
4.095,-0.407,1.83,6.824,0.26,5.75,903.82,32.44,0
3.976,0.533,2.201,7.847,0.17,5.83,862.12,32.44,0
4.309,7.977,3.448,14.125,1.32,7.8,1229.91,32.44,0
4.177,-0.224,1.8,6.621,0.0,9.17,850.51,32.44,0
3.911,-0.438,1.769,6.255,0.89,6.6,854.17,32.44,0
5.093,2.071,2.917,14.398,0.25,3.37,1062.6,32.44,0
4.274,1.499,2.277,9.27,0.61,5.88,916.77,32.44,0
4.117,-0.195,1.917,7.191,0.37,6.68,937.26,32.5,0
4.122,-0.02,1.898,7.67,0.49,6.66,883.0,32.44,0
4.141,-0.193,2.108,8.265,0.43,5.23,925.54,32.44,0
4.143,0.486,2.184,8.443,0.27,5.43,901.3,32.5,0
4.268,-0.29,1.808,7.144,0.61,5.01,979.57,32.44,0
4.404,-0.353,1.82,7.829,0.87,7.52,994.99,32.44,0
4.371,18.848,4.36,18.517,1.75,7.38,942.46,32.44,0
4.146,0.769,2.163,8.627,0.63,6.1,918.62,32.44,0
4.574,0.637,2.128,9.126,0.83,5.09,1127.43,32.5,0
4.084,-0.513,1.867,6.995,0.36,5.55,899.9,32.5,0
3.929,-0.569,1.868,6.88,0.18,6.0,887.9,32.44,0
4.149,-0.272,1.961,7.855,0.99,7.09,884.5,32.44,0
4.181,-0.347,1.884,7.062,0.36,6.97,975.51,32.44,0
4.287,0.002,1.943,8.053,0.48,7.3,1030.11,32.44,0
3.943,-0.724,1.84,6.584,0.99,6.45,846.81,32.44,0
4.183,-0.372,1.816,6.873,0.37,6.94,903.41,32.44,0
4.108,-0.273,1.95,7.658,0.22,6.38,937.47,32.44,0
4.342,-0.251,1.851,7.669,0.69,5.38,1029.2,32.44,0
4.255,-0.318,1.841,7.509,0.64,6.15,903.81,32.5,0
5.392,0.914,2.755,13.876,0.26,5.13,1326.93,32.44,0
4.157,-0.318,1.924,7.795,0.77,5.09,975.66,32.5,0
4.146,-0.634,1.825,7.344,0.2,6.93,957.77,32.44,0
4.202,-0.426,1.917,7.615,0.9,5.52,953.97,32.44,0
4.153,-0.455,1.7,6.567,1.8,8.77,943.83,32.5,0
4.111,-0.317,2.091,8.443,0.44,5.96,1026.36,32.5,0
4.313,-0.781,1.895,7.265,0.46,7.37,1106.05,32.5,0
4.256,-0.712,1.835,7.108,0.35,5.86,944.98,32.5,0
4.192,0.524,2.221,8.74,0.99,6.78,1077.92,32.5,0
5.076,0.084,1.918,9.351,0.0,7.76,1413.51,32.5,0
4.235,-0.819,1.884,7.553,0.0,8.08,943.23,32.5,0
4.175,-0.673,1.922,7.336,0.91,5.53,905.04,32.5,0
4.126,-0.626,1.99,7.332,0.71,4.6,810.29,32.5,0
4.416,-0.885,1.681,6.889,0.29,7.33,927.13,32.44,0
4.114,-0.122,2.003,7.509,0.4,10.94,975.56,32.5,0
4.193,0.084,1.972,8.192,0.48,4.84,956.98,32.44,0
4.335,-0.342,1.909,7.568,2.52,6.16,962.17,32.38,0
4.337,-0.592,1.913,7.422,1.95,5.86,1011.32,32.38,0
4.191,-0.207,2.162,8.528,1.98,6.6,996.01,32.38,0
4.278,-0.094,2.091,8.499,0.22,7.84,1016.19,32.38,0
4.304,-0.285,2.053,8.386,0.43,6.59,1105.46,32.38,0
4.233,-0.366,1.995,7.738,0.0,5.95,975.1,32.44,0
4.403,-0.011,2.098,8.16,0.35,6.47,997.38,32.38,0
4.296,-0.063,2.139,8.546,0.0,7.04,1112.79,32.38,0
4.094,-0.025,2.035,7.892,1.93,6.64,930.85,32.38,0
4.306,-0.476,1.86,7.513,0.38,5.16,992.36,32.38,0
4.314,0.02,2.047,8.226,0.56,8.0,1063.64,32.38,0
4.307,-0.156,1.992,7.747,0.0,5.58,966.16,32.38,0
4.465,-0.12,2.154,9.012,0.5,6.4,996.47,32.38,0
4.261,0.398,2.284,8.898,1.68,5.12,954.7,32.38,0
5.643,0.21,2.633,14.056,1.01,7.67,1444.89,32.38,0
4.311,-0.275,1.947,7.781,2.16,6.1,1011.08,32.38,0
4.239,-0.245,1.995,7.925,0.72,6.91,1046.13,32.38,0
4.423,-0.3,1.884,7.978,0.61,5.76,952.28,32.38,0
4.209,-0.561,2.047,7.991,1.94,6.79,955.31,32.38,0
4.7,-0.659,1.982,8.681,0.49,7.2,1070.84,32.38,0
4.413,-0.247,2.057,8.478,1.39,7.68,1012.97,32.38,0
4.355,-0.069,1.982,7.95,3.14,7.17,1007.02,32.38,0
4.327,-0.085,2.176,8.89,1.88,6.5,997.8,32.38,0
4.425,-0.414,2.091,8.597,2.44,6.82,1122.25,32.38,0
4.199,-0.695,1.96,7.455,0.77,6.18,966.33,32.38,0
4.469,0.248,2.044,8.585,2.23,7.52,1031.03,32.38,0
4.444,0.108,1.982,8.026,0.81,5.89,996.03,32.38,0
4.305,-0.447,2.087,8.518,0.96,6.67,1027.12,32.38,0
4.54,0.169,2.205,9.583,1.59,5.81,1093.42,32.38,0
4.259,0.157,2.239,8.942,2.13,6.33,1000.86,32.38,0
4.919,-0.099,1.979,9.104,0.48,4.67,1194.32,32.38,0
4.218,0.0,2.257,8.913,0.64,8.02,1025.09,32.38,0
4.427,0.42,2.267,9.703,1.39,7.47,1139.59,32.38,0
4.132,-0.465,1.931,7.21,0.26,7.51,933.48,32.38,0
4.447,0.171,2.045,8.32,1.28,7.52,989.73,32.38,0
4.67,-0.306,2.006,8.351,2.37,5.58,1071.35,32.38,0
4.439,-0.457,2.084,8.771,1.74,7.79,1061.65,32.31,0
4.223,-0.253,2.165,8.521,0.51,6.17,974.11,32.38,0
4.612,-0.223,2.087,9.285,1.16,8.04,1192.11,32.38,0
4.409,-0.409,2.041,8.115,0.61,5.62,965.46,32.31,0
4.271,-0.093,2.273,9.321,0.0,7.28,1000.15,32.38,0
4.344,-0.154,2.165,8.728,0.81,7.8,1037.05,32.38,0
4.438,0.027,2.095,8.697,1.79,4.26,942.88,32.38,0
4.216,-0.212,2.175,8.779,0.3,7.88,1085.06,32.38,0
4.228,-0.305,2.159,7.91,1.7,6.13,1023.45,32.38,0
4.558,-0.64,1.987,8.611,0.83,5.14,1045.2,32.38,0
4.38,-0.443,2.009,8.272,1.9,7.59,1023.03,32.38,0
4.386,-0.056,1.987,7.861,0.67,7.06,949.54,32.38,0
4.382,-0.439,2.064,8.613,0.63,4.57,920.43,32.44,0
4.406,-0.262,2.014,8.354,2.6,6.82,939.81,32.44,0
4.484,0.094,2.114,8.129,0.2,6.22,989.03,32.44,0
4.468,-0.315,1.988,8.485,1.28,5.59,978.58,32.44,0
4.229,0.38,2.247,9.039,0.35,6.66,997.58,32.44,0
4.269,-0.632,1.94,7.807,0.82,6.27,934.77,32.44,0
4.231,-0.236,1.908,7.308,0.82,6.27,901.72,32.5,0
4.194,-0.4,2.076,8.214,0.58,6.61,1024.34,32.5,0
4.352,-0.287,2.065,8.323,0.0,6.04,983.42,32.5,0
4.118,0.031,2.075,7.648,0.34,5.83,907.46,32.44,0
4.335,0.206,2.176,8.683,0.59,6.26,922.86,32.5,0
4.494,-0.441,1.94,7.893,1.1,7.17,1002.47,32.44,0
4.502,0.266,2.295,10.002,1.32,5.97,1070.74,32.44,0
4.626,0.149,2.145,9.614,1.03,5.5,1079.0,32.44,0
4.264,-0.405,2.062,8.295,0.32,6.48,1025.93,32.44,0
4.605,0.192,2.271,9.883,0.91,7.91,1171.27,32.44,0
4.329,-0.146,2.168,8.799,0.92,6.5,1085.32,32.44,0
4.278,-0.359,2.034,8.237,0.93,6.86,974.24,32.44,0
4.405,-0.051,2.119,8.676,0.72,7.46,1201.77,32.44,0
4.356,-0.194,2.002,8.438,0.78,7.61,1021.1,32.44,0
4.48,-0.163,2.212,9.371,0.77,7.79,1105.89,32.44,0
4.427,0.028,2.262,9.628,0.84,6.18,1015.17,32.5,0
4.585,-0.043,2.156,9.232,0.2,6.15,1081.43,32.44,0
4.452,0.378,2.321,9.638,0.9,6.1,1117.38,32.44,0
4.541,-0.181,1.956,8.243,0.63,6.09,995.38,32.44,0
4.524,0.546,2.247,9.705,0.75,6.83,1052.66,32.44,0
4.364,0.231,2.137,8.741,0.6,7.43,1132.38,32.44,0
4.528,-0.259,2.235,9.934,0.34,6.22,969.17,32.44,0
4.402,-0.078,2.118,8.675,0.68,6.34,968.16,32.44,0
4.554,0.027,2.201,9.269,0.15,7.43,1136.21,32.44,0
4.552,0.352,2.26,9.912,0.54,6.12,1011.36,32.44,0
4.551,0.593,2.212,9.405,0.28,6.09,1048.94,32.44,0
4.71,0.067,2.172,9.346,0.68,6.19,1114.91,32.44,0
4.531,0.268,2.054,8.599,0.77,6.56,1035.38,32.44,0
4.512,-0.234,2.117,9.056,0.29,5.9,1066.65,32.44,0
4.665,-0.154,2.116,9.386,0.4,5.48,1060.01,32.44,0
4.468,0.628,2.26,9.452,0.81,6.89,1017.84,32.44,0
4.741,0.374,2.228,9.762,0.0,5.81,1113.49,32.44,0
4.445,0.554,2.25,9.536,2.57,6.82,1095.53,32.44,0
4.686,0.402,2.314,10.594,0.5,6.95,1108.08,32.44,0
4.516,0.615,2.489,10.919,0.57,6.81,1145.39,32.44,0
4.364,1.193,2.494,9.954,0.58,5.86,1008.86,32.38,0
4.53,-0.035,2.057,8.66,1.51,6.88,1017.84,32.44,0
4.521,-0.077,2.258,9.527,0.0,5.55,1056.08,32.44,0
4.66,0.116,2.203,9.979,0.39,7.06,1134.2,32.44,0
4.639,0.272,2.196,9.746,1.01,5.27,1030.08,32.44,0
4.427,-0.036,2.247,9.238,0.95,6.09,1036.87,32.44,0
4.682,-0.048,1.982,8.722,0.0,6.57,1091.21,32.44,0
4.364,0.135,2.204,8.711,2.25,6.76,963.67,32.44,0
4.435,-0.292,2.049,8.18,0.34,6.61,1005.45,32.38,0
4.735,1.191,2.279,9.786,4.1,5.53,1054.78,32.38,0
4.473,0.112,2.159,9.19,2.12,6.28,1015.57,32.44,0
4.756,-0.289,2.078,9.015,1.74,7.52,1193.97,32.38,0
4.468,-0.427,1.994,8.012,2.09,7.47,1029.49,32.38,0
4.607,-0.307,2.158,9.494,1.68,5.7,1007.62,32.38,0
4.499,0.262,2.073,8.362,1.76,5.18,1010.63,32.38,0
4.541,0.076,2.14,9.034,0.21,7.29,1009.34,32.38,0
4.509,-0.576,1.882,8.173,2.12,6.9,1040.69,32.38,0
4.421,-0.097,2.025,8.199,0.0,6.59,1041.03,32.31,0
4.423,-0.212,2.215,9.472,1.14,6.99,1016.43,32.31,0
4.464,-0.04,2.156,9.105,0.96,5.84,1048.64,32.38,0
4.558,-0.228,2.067,8.439,0.88,6.21,1075.74,32.38,0
4.501,-0.277,2.007,8.191,0.52,6.29,1027.24,32.31,0
4.438,-0.23,2.144,9.014,2.21,6.36,1025.37,32.38,0
4.495,-0.658,1.851,7.856,0.91,7.16,971.32,32.38,0
4.381,-0.893,1.808,7.316,0.82,5.96,1031.67,32.38,0
4.532,-0.351,1.982,7.997,1.49,6.72,1032.7,32.38,0
4.497,-0.258,1.921,8.389,2.28,6.5,989.26,32.38,0
4.459,-0.404,2.083,8.621,0.61,7.02,1043.81,32.31,0
4.574,-0.039,2.07,8.915,0.47,6.66,1001.12,32.31,0
4.476,-0.42,2.028,8.649,0.63,6.08,1016.56,32.31,0
4.668,-0.458,2.024,9.223,0.84,6.48,1048.43,32.31,0
4.57,-0.262,2.158,9.379,0.63,6.8,1074.28,32.31,0
4.556,-0.764,2.068,8.548,0.48,7.08,1019.6,32.31,0
4.627,-0.39,1.892,8.478,0.63,6.72,1065.6,32.31,0
4.64,-0.532,1.838,8.266,0.0,6.27,1034.72,32.31,0
4.528,-0.208,1.941,8.328,1.28,5.59,1043.66,32.31,0
4.669,-0.521,1.975,8.91,0.78,6.48,1091.26,32.31,0
4.588,-0.053,2.027,8.837,0.0,6.38,1017.14,32.31,0
4.49,-0.441,2.0,8.546,0.54,6.14,1004.35,32.31,0
4.738,-0.588,1.973,8.871,0.0,5.97,1080.98,32.31,0
4.385,-0.904,1.816,7.55,0.89,5.78,969.45,32.31,0
4.625,-0.724,2.036,8.715,0.86,5.83,1030.03,32.31,0
4.551,-0.657,1.963,8.283,1.0,6.47,1012.14,32.31,0
4.489,-0.649,1.904,7.87,0.76,6.78,996.65,32.31,0
4.605,-0.665,2.028,8.893,0.28,6.88,1092.93,32.31,0
4.362,-0.465,2.047,8.431,0.2,6.87,943.17,32.31,0
4.533,-0.716,1.834,7.9,0.91,5.75,978.6,32.31,0
4.453,-0.438,2.064,8.736,0.26,5.91,1008.85,32.31,0
4.536,-0.398,1.958,8.406,0.87,5.8,1041.04,32.31,0
4.562,0.364,2.426,10.616,1.33,5.18,1007.51,32.31,0
4.459,-0.412,1.953,8.119,0.16,6.9,992.36,32.38,0
4.765,-0.503,1.923,8.528,2.03,6.79,1041.67,32.38,0
4.545,-0.183,2.24,9.415,2.03,6.86,1042.2,32.38,0
4.739,-0.525,1.889,8.48,2.04,5.87,1005.87,32.38,0
4.623,-0.189,2.045,8.579,1.27,5.84,1028.11,32.38,0
4.746,0.275,2.435,11.084,2.58,5.19,1111.81,32.38,0
4.707,-0.326,2.016,8.528,0.92,7.07,1059.65,32.38,0
4.46,-0.372,2.127,9.276,0.76,6.02,982.65,32.38,0
5.654,1.246,2.628,14.179,0.58,3.53,1355.27,32.38,0
4.49,-0.437,1.95,8.319,0.22,6.05,952.28,32.38,0
4.567,-0.578,2.022,9.081,2.37,6.84,1037.62,32.38,0
4.462,-0.553,1.973,8.219,1.87,6.36,963.65,32.38,0
4.363,-0.496,1.945,7.637,2.5,5.33,930.9,32.38,0
4.538,0.029,2.01,8.722,2.02,4.67,946.48,32.44,0
4.4,-0.244,2.059,8.849,0.35,6.71,1022.13,32.44,0
4.637,-0.614,1.968,8.141,0.21,6.74,1009.27,32.38,0
4.405,-0.277,1.961,7.464,2.25,6.88,964.56,32.44,0
4.43,-0.667,1.853,7.643,0.6,6.95,1013.28,32.44,0
4.491,-0.525,1.9,7.544,0.3,5.75,989.57,32.44,0
4.393,-0.54,1.924,8.224,0.84,5.18,938.55,32.44,0
4.58,-0.991,1.831,7.544,1.05,7.21,1035.12,32.44,0
4.329,-0.604,1.992,7.816,0.77,7.3,973.98,32.5,0
4.682,-0.484,1.982,8.823,0.5,8.08,1162.05,32.5,0
4.618,-0.123,2.112,9.081,0.61,6.37,1060.74,32.44,0
4.472,-0.569,1.95,8.115,1.39,7.3,1008.3,32.5,0
4.614,0.148,2.029,8.453,0.29,6.36,993.67,32.5,0
4.617,-0.206,2.089,9.232,0.88,5.8,1050.67,32.5,0
4.526,-0.207,2.145,8.947,0.93,8.1,1071.21,32.5,0
4.558,0.165,2.288,10.033,1.09,6.47,1119.61,32.5,0
4.809,0.043,2.008,9.034,0.3,7.4,1129.42,32.5,0
4.688,0.299,2.326,10.257,0.82,7.12,1126.68,32.5,0
4.465,-0.519,1.896,7.863,0.0,6.96,1007.28,32.5,0
4.823,-0.152,2.083,9.484,0.3,6.43,1164.1,32.5,0
4.599,-0.24,1.98,8.583,0.0,6.36,1087.62,32.5,0
4.542,-0.328,2.182,9.666,1.06,6.79,1030.95,32.5,0
4.539,0.435,2.123,9.052,0.29,7.28,1025.14,32.56,0
4.797,3.083,3.098,14.259,0.39,5.03,991.6,32.5,0
4.686,-0.001,2.031,9.148,0.0,6.7,1071.72,32.56,0
4.554,-0.061,2.008,8.605,1.08,6.37,1027.2,32.5,0
4.733,-0.364,2.136,9.788,0.71,6.25,1042.51,32.56,0
4.732,-0.762,1.913,8.422,1.82,6.28,1162.65,32.56,0
4.46,-0.742,1.95,8.37,0.0,5.63,996.16,32.56,0
4.569,-0.734,1.742,6.992,0.84,5.81,980.46,32.56,0
4.639,-0.51,1.938,8.155,1.03,6.59,1032.94,32.56,0
4.446,-0.762,1.866,7.549,1.45,5.64,996.03,32.56,0
4.567,-0.659,1.881,7.899,0.65,5.48,1032.76,32.56,0
4.649,-0.937,1.872,7.935,0.99,5.85,1034.49,32.56,0
4.723,0.242,2.061,9.299,2.1,5.56,1028.5,32.56,0
4.612,-0.363,1.936,8.435,0.68,6.54,984.17,32.56,0
4.472,-0.577,1.909,8.024,0.3,7.12,1041.2,32.56,0
4.496,-0.651,1.953,8.249,0.34,6.59,1003.75,32.56,0
4.863,-0.846,1.829,8.117,0.66,7.42,1163.54,32.56,0
4.772,-0.656,1.884,8.388,0.61,7.81,1116.43,32.56,0
4.634,-0.535,1.827,8.112,0.2,6.62,1035.05,32.56,0
4.672,-0.676,1.863,8.254,0.77,6.48,1073.55,32.56,0
4.817,-0.763,1.868,8.574,0.46,7.19,1099.7,32.56,0
4.715,-0.75,1.995,9.001,1.05,5.64,1096.27,32.56,0
4.719,-0.768,1.812,7.83,0.38,6.3,1054.49,32.5,0
4.806,-0.735,1.807,7.995,0.37,6.69,1125.32,32.56,0
4.599,-0.486,2.012,8.634,0.78,6.94,1092.4,32.56,0
4.893,-0.691,1.89,8.853,0.91,6.18,1090.0,32.56,0
4.615,-0.699,1.889,8.266,0.48,6.53,1099.45,32.56,0
4.629,-0.509,1.877,7.995,0.99,7.14,1090.5,32.56,0
4.837,-0.506,1.939,8.824,0.47,6.74,1133.5,32.56,0
4.75,-0.56,2.006,8.989,1.05,7.08,1089.92,32.56,0
4.62,-0.453,1.973,8.675,1.05,6.12,1069.81,32.56,0
4.806,-0.028,2.042,9.23,0.0,6.0,1071.89,32.56,0
4.789,-0.309,2.0,9.075,0.68,7.97,1086.3,32.56,0
4.642,-0.58,1.969,8.798,1.33,6.25,1031.93,32.62,0
4.736,-0.555,1.881,8.142,1.79,6.33,1061.25,32.62,0
4.768,-0.575,1.964,8.939,0.2,6.91,1090.28,32.56,0
4.799,-0.302,2.04,9.451,2.02,5.74,1085.26,32.56,0
4.763,-0.259,2.119,9.297,0.85,5.49,1107.72,32.62,0
4.726,-0.581,1.812,8.154,1.54,6.61,1044.29,32.62,0
4.749,-0.567,2.069,9.085,0.0,6.18,1106.8,32.62,0
4.714,-0.723,1.882,7.998,1.86,7.71,1144.27,32.56,0
4.687,-0.835,1.893,8.131,0.73,6.72,1033.72,32.62,0
4.812,-0.705,1.779,7.681,2.08,5.67,1027.45,32.62,0
4.662,-0.263,1.897,8.506,1.3,5.77,1011.78,32.56,0
4.568,-0.506,1.982,8.13,0.98,8.25,1031.42,32.62,0
4.786,0.171,2.075,9.357,2.28,6.67,1048.57,32.62,0
4.896,0.234,1.988,8.882,2.48,9.48,1413.89,32.62,0
4.422,-0.103,2.002,8.493,0.53,5.98,778.02,32.62,0
4.708,-0.687,1.966,8.745,1.44,5.97,916.84,32.62,0
4.529,-0.44,2.009,8.507,0.54,6.91,1029.44,32.69,0
4.573,0.048,2.225,9.607,0.91,6.48,999.21,32.69,0
4.371,-0.728,1.911,7.756,0.29,6.69,957.95,32.69,0
4.347,-0.176,2.049,8.651,0.91,7.59,997.19,32.75,0
4.484,0.055,2.278,9.71,0.29,7.38,1052.93,32.75,0
4.531,0.061,2.16,9.388,0.68,5.4,1009.87,32.75,0
4.654,-0.736,1.929,8.269,0.7,5.89,1075.27,32.75,0
4.76,-0.333,2.01,8.613,0.55,7.72,1136.32,32.75,0
4.438,-0.573,1.867,8.163,0.85,6.07,1010.1,32.81,0
4.654,-0.972,1.901,7.941,0.86,6.7,1073.57,32.81,0
4.527,-0.009,2.076,8.911,0.86,6.68,1016.55,32.81,0
4.604,0.105,2.023,8.524,0.72,6.44,1007.81,32.81,0
5.012,0.011,2.036,9.83,0.72,6.69,1148.43,32.81,0
4.524,0.157,2.135,8.871,1.34,10.33,1058.55,32.88,0
5.099,-0.395,1.891,8.592,2.16,6.66,968.91,32.88,0
4.623,0.094,1.956,8.396,1.59,8.06,1027.26,32.88,0
3.316,-0.441,1.538,4.787,2.16,6.51,617.33,32.94,0
4.547,-1.309,1.647,6.863,0.71,9.81,945.73,32.88,0
4.915,-0.183,2.042,9.689,1.84,4.36,1057.58,32.94,0
4.399,-1.243,1.817,7.584,0.47,8.46,892.54,32.94,0
5.236,-0.709,1.682,8.373,1.22,7.65,1067.25,32.94,0
5.189,-0.324,1.691,7.812,0.0,7.32,980.69,32.94,0
4.869,-1.353,1.759,8.351,0.66,8.07,999.66,33.0,0
5.019,-0.379,2.124,10.295,0.57,10.35,1047.9,33.0,0
4.782,0.042,2.13,9.714,0.0,3.7,932.25,33.0,0
4.544,0.33,2.379,10.334,0.64,5.05,991.07,33.0,0
4.592,-0.518,1.863,8.156,0.69,4.17,896.48,33.06,0
4.558,0.397,2.035,8.819,1.08,7.88,946.17,33.0,0
4.462,-0.986,1.907,7.947,0.95,5.58,969.45,33.0,0
4.918,-1.0,1.843,8.728,0.0,5.84,984.54,33.06,0
4.017,-0.804,1.861,6.88,0.95,5.39,790.26,33.12,0
3.926,-0.701,1.824,6.942,0.58,5.25,704.84,33.06,0
4.408,0.115,2.07,8.258,1.03,3.87,752.85,33.06,0
4.504,1.118,2.451,10.652,0.91,6.15,767.25,33.06,0
5.118,-0.855,1.82,8.776,1.12,8.12,985.35,33.12,0
4.373,0.024,1.967,7.633,1.6,13.16,1014.83,33.12,0
5.256,-0.719,1.973,10.261,0.21,12.61,1044.02,33.12,0
3.804,1.942,2.393,8.489,1.05,4.39,628.86,33.12,0
5.355,-0.455,1.824,8.13,0.0,7.99,1032.89,33.12,0
4.696,-0.356,1.818,7.964,0.85,7.57,919.76,33.12,0
4.496,-0.562,1.886,8.001,1.15,8.77,897.96,33.19,0
4.966,-0.59,1.777,8.509,0.18,8.71,1028.91,33.19,0
3.736,-1.164,1.583,5.338,0.41,5.91,744.35,33.25,0
4.232,0.07,2.043,7.785,0.0,3.84,662.01,33.19,0
4.855,0.189,2.064,8.997,0.0,8.76,1055.79,33.25,0
4.29,-0.555,1.766,7.304,0.58,8.26,872.53,33.25,0
4.717,0.31,2.158,9.207,0.4,7.28,823.45,33.25,0
4.354,-0.349,1.66,5.946,0.2,6.84,828.49,33.25,0
3.456,-1.009,1.543,4.562,0.68,6.39,680.65,33.25,0
5.56,-0.69,1.738,8.262,1.05,8.12,997.64,33.25,0
4.411,-0.206,2.088,8.761,0.83,4.45,949.63,33.25,0
4.484,-0.841,1.976,8.141,0.71,7.0,961.35,33.31,0
4.569,-0.483,2.009,8.834,0.65,6.19,1013.18,33.31,0
4.463,-0.245,2.097,8.898,0.35,4.86,964.66,33.31,0
4.515,0.044,2.09,8.198,0.55,5.04,960.1,33.31,0
4.625,0.051,2.163,9.268,1.07,6.3,971.56,33.31,0
4.771,0.174,2.118,9.674,0.47,5.94,1091.85,33.38,0
4.565,-0.597,1.986,8.224,1.59,4.75,916.48,33.38,0
4.344,-0.305,1.952,7.815,0.71,4.08,900.28,33.38,0
4.42,0.086,1.961,7.91,1.74,3.58,815.93,33.38,0
4.371,-0.483,1.559,5.624,0.5,6.83,769.0,33.38,0
5.291,-0.307,1.885,9.029,0.95,6.65,1053.45,33.38,0
4.737,-0.601,1.942,8.653,0.93,6.36,1049.13,33.44,0
4.557,-0.303,2.021,8.685,0.77,4.73,1027.66,33.38,0
4.627,0.212,2.086,9.024,1.8,5.06,1011.49,33.44,0
4.664,0.752,2.249,9.847,0.83,6.69,1091.35,33.38,0
4.575,-0.742,2.016,8.599,0.44,4.66,991.26,33.44,0
4.714,-0.059,2.302,10.046,0.97,6.42,1064.4,33.44,0
4.695,-0.189,2.139,9.707,0.3,7.4,1116.26,33.38,0
4.555,-0.232,1.907,7.86,1.79,5.39,1050.57,33.44,0
5.515,0.732,2.694,14.267,1.01,4.52,1090.88,33.44,0
4.564,0.469,2.169,9.028,0.42,4.82,982.29,33.44,0
4.513,-0.436,1.97,8.365,1.01,6.76,977.19,33.44,0
4.756,-0.437,2.078,9.811,0.89,3.69,1019.24,33.44,0
4.11,-0.422,1.873,7.239,0.69,5.3,942.84,33.5,0
4.549,-0.056,2.15,9.351,0.9,6.64,985.42,33.5,0
4.513,-0.264,2.132,8.903,0.18,5.49,935.15,33.5,0
4.657,-0.318,2.105,8.739,0.54,4.52,953.31,33.5,0
4.709,-0.02,2.056,8.982,0.58,4.0,1008.46,33.56,0
4.515,0.219,2.091,8.375,0.72,6.49,910.05,33.56,0
4.779,0.014,2.101,9.517,0.68,6.91,1062.3,33.5,0
4.588,-0.101,2.136,9.237,0.81,6.78,1049.23,33.5,0
4.483,-0.459,2.001,8.412,0.29,7.18,1035.44,33.56,0
4.63,0.077,2.165,8.941,0.54,6.44,1075.82,33.56,0
4.533,0.367,2.33,9.907,0.91,5.17,925.71,33.56,0
4.644,-0.087,2.187,9.676,0.92,6.36,1032.68,33.56,0
4.59,0.028,2.101,8.792,0.96,6.68,1025.36,33.56,0
4.574,-0.151,1.98,8.55,0.0,7.76,1014.99,33.62,0
4.664,0.482,2.085,9.341,0.2,5.83,998.29,33.62,0
4.655,0.375,2.049,8.61,2.43,4.53,921.76,33.62,0
4.974,0.4,2.098,9.248,1.33,6.57,1039.74,33.62,0
4.444,-0.312,1.923,8.161,0.77,4.83,940.66,33.69,0
5.303,-0.133,1.897,8.58,0.0,3.83,1104.85,33.62,0
5.33,1.223,2.788,13.958,3.34,4.2,1124.81,33.62,0
4.587,-0.193,1.926,7.978,0.0,5.62,880.94,33.69,0
4.666,-0.16,2.165,9.551,0.3,5.5,960.92,33.69,0
4.463,0.04,2.3,9.842,0.68,6.17,1032.88,33.69,0
4.801,-0.648,1.916,8.488,0.97,5.83,1043.57,33.69,0
4.798,0.162,2.116,9.546,0.77,6.51,1064.78,33.69,0
4.782,0.106,2.183,10.064,0.72,5.24,1071.86,33.69,0
4.744,0.301,1.998,8.383,0.97,5.55,989.19,33.69,0
4.433,-0.389,1.99,8.31,0.42,8.44,1002.63,33.69,0
4.58,-0.569,1.886,8.539,0.4,6.29,1039.53,33.75,0
4.577,0.87,2.224,8.933,0.47,6.18,1052.17,33.75,0
4.654,-0.259,2.01,8.896,0.47,5.18,1014.81,33.75,0
4.641,-0.241,2.016,8.671,2.09,6.07,1031.22,33.75,0
4.387,-0.299,1.983,8.232,1.04,6.43,993.87,33.75,0
4.773,-0.07,2.052,8.98,0.43,5.33,1057.18,33.75,0
4.38,-0.207,2.186,9.108,0.0,5.59,1000.67,33.75,0
4.584,-0.178,1.978,8.561,0.75,6.99,1065.75,33.81,0
4.586,0.137,2.08,8.622,0.76,7.94,1035.63,33.75,0
4.566,-0.203,2.101,8.958,0.93,5.2,991.88,33.81,0
4.822,0.333,2.274,10.253,0.7,6.93,1152.81,33.81,0
4.582,-0.221,2.153,9.035,0.24,6.56,1006.66,33.81,0
4.943,-0.179,2.12,10.108,0.37,6.64,1230.8,33.81,0
4.567,-0.331,1.874,8.207,0.0,4.95,896.31,33.81,0
4.748,0.013,2.174,9.86,0.91,4.76,989.59,33.81,0
6.11,-1.22,1.891,10.341,0.39,3.43,1083.95,33.81,0
4.536,-0.222,2.078,8.94,0.36,7.31,991.99,33.81,0
4.615,0.536,2.315,9.746,0.0,5.83,1042.99,33.81,0
5.008,-0.221,2.327,11.304,1.11,6.82,1183.8,33.81,0
4.477,0.21,2.255,9.476,0.55,6.43,1053.06,33.81,0
4.656,0.367,2.232,9.513,1.28,6.03,1049.05,33.75,0
4.787,0.554,2.52,11.178,1.57,6.64,1146.26,33.75,0
4.538,0.792,2.271,9.385,0.63,5.91,987.97,33.75,0
4.615,0.356,2.208,9.335,0.98,6.06,1048.63,33.75,0
4.795,0.191,2.223,10.117,0.76,6.32,1102.21,33.75,0
4.511,0.911,2.397,9.739,0.44,5.71,923.51,33.75,0
4.595,-0.09,2.137,8.971,0.0,6.24,1045.16,33.75,0
4.537,1.299,2.417,10.063,0.41,6.31,979.71,33.75,0
4.552,1.226,2.33,10.09,0.19,6.5,1073.36,33.81,0
4.729,-0.448,1.953,8.733,1.22,7.23,1127.4,33.81,0
4.646,-0.178,2.292,10.492,1.11,5.3,1039.49,33.75,0
4.96,1.064,2.474,11.786,0.32,6.45,1149.02,33.81,0
4.542,-0.489,2.066,8.867,0.86,6.36,1094.28,33.81,0
4.959,0.69,2.362,10.69,1.34,6.94,1079.64,33.81,0
4.533,-0.484,1.861,7.733,0.91,5.45,963.4,33.81,0
4.853,1.893,2.677,12.349,0.75,7.84,1222.88,33.81,0
4.6,0.334,2.171,8.825,0.6,5.71,994.32,33.88,0
4.643,-0.46,2.076,9.031,2.11,5.9,1086.2,33.88,0
4.353138819689376,-0.2602360330879623,2.0631975052479645,8.324187619610646,0.0,6.05471887791752,981.0758449439123,32.49108455760914,0
4.519980996354696,0.25337253148873556,2.091111068672937,8.363967692070187,0.7223505758919667,6.489767083881604,907.8876982988596,33.554077440458016,0
4.586529500096453,0.05726828778785155,2.2226118549326026,9.560721438604038,0.8845164269926298,6.456781093102322,999.9203152184741,32.70509101668701,0
4.511067840369912,0.24111698479494276,2.2952796753529654,10.015691709435375,1.3147756275236886,6.016446773087566,1075.4659122196313,32.42306718559535,0
4.47087746222723,0.2316915643870639,2.0451687788894666,8.590252724023149,2.242081909042277,7.49751473459284,1033.4031367757627,32.376092968818554,0
4.741303593485616,-0.5390578855555593,1.8879901680133622,8.467311438375924,2.050309010948205,5.879544542495936,1009.073536216112,32.36795323922658,0
4.082148979544068,-0.5422082333587966,1.8671399320755422,6.9754478869839875,0.36363580669934603,5.588992140012205,900.9472188336458,32.50760631544711,0
4.349348400275914,-0.2746599533815276,2.0648447915484764,8.366148404039647,0.005953082169170344,6.036737323590294,982.6177541940714,32.509204300354334,0
4.529440400155705,-0.30668883555974746,2.231617110806844,9.912146556218692,0.3614546039502553,6.198888132992487,968.3249895395936,32.45591087675746,0
4.8089447745881015,0.059366833907047216,2.012129961661833,9.049712727037274,0.3072869499369097,7.441919970297756,1128.7432294953026,32.493836500551204,0
5.289994250240679,-0.3156837679267896,1.8849241951775755,9.072197911592149,0.9502289388337092,6.621168483438999,1053.330098420866,33.385135262638784,0
4.342461660371823,-0.19639726444977124,2.163879701959676,8.739290153678848,0.7990354619363572,7.832697132862874,1037.3055602818736,32.388371865410555,0
4.573859392885369,0.8440376009659062,2.2263717683575903,8.93424990610025,0.45828915449110474,6.213923049217326,1052.3689904820594,33.74976730315557,0
4.261817161487243,-0.6311997485502798,1.94833111897649,7.766056032388342,0.8064326721036653,6.2296518849659845,932.3256987525467,32.43587383424507,0
4.979092069568621,0.40784137835050005,2.1048162986919516,9.286563140014081,1.337857004255303,6.594521635880503,1038.9205626151174,33.617046734023354,0
4.504404863441317,-0.5958865540803243,1.8872031641720202,8.193655623927258,2.1186695917023624,6.938955454455392,1040.595212168467,32.387663188061005,0
4.470572370150196,0.6143853027401096,2.247060417648141,9.483945521799882,0.7964779764729746,6.890939145235939,1016.4870881530936,32.44589669885862,0
4.494073815587879,0.29134535999135597,2.077826880363376,8.31954383281324,1.7563386517039699,5.183338759511701,1007.5067762349167,32.378576429306236,0
4.689543360724068,-0.42595154175759065,1.818196446064551,7.984862054010154,0.853025042512417,7.593305009565408,919.8361906458972,33.12072721199137,0
4.7600043041227105,-0.2670751989641778,2.11444399617391,9.349726386085045,0.831412867120509,5.5032204304435695,1108.1545437143213,32.61177420737747,0
4.107392172893216,-0.4298084598394723,1.8750769280645057,7.279489877499414,0.6934427031161341,5.289515524777253,946.8496852506078,33.50385648811061,0
4.77712610243766,0.026323534924739864,2.1207892644915405,9.706543167443732,0.007721719190499391,3.7754428819033787,936.5641218079212,32.99593435502877,0
4.749148927814448,0.014114937426090756,2.1689445457522782,9.862833265440239,0.9198259867068941,4.735313599752962,988.9460353094424,33.80912343125627,0
4.712716477291847,-0.32057775538699484,2.0069594378052953,8.478795874763097,0.9030874637821118,7.086687414573892,1060.6479081061193,32.38263809370479,0
4.76130012023085,-0.320492978127998,2.0118963862746795,8.588136223895095,0.5322429384554417,7.690234358742127,1133.351855467378,32.76471137763782,0
4.5345672396808085,-0.33291804189285124,1.9810050356413966,7.977847894650011,1.4860588461019706,6.669572206291084,1034.2942196484719,32.37166657880689,0
4.862761464681742,0.11941919588485418,2.0784631539034657,8.984639951057439,0.012653627913908129,8.765745424214536,1057.1065170562915,33.24695811372518,0
3.924954723758754,-0.5975339057778406,1.868278414813553,6.869313847562481,0.17780029793194127,6.006067938861649,887.4162013588949,32.439199222632,0
4.7879162319883175,-0.2739100255452238,2.0027288019448326,9.092699277399282,0.669549451092044,7.996504907760051,1087.5121188931555,32.55260767152264,0
4.49705873907797,-0.6605359286841613,1.950874184013452,8.237201369328755,0.3631472247300317,6.595525171373274,998.7255807387079,32.55979059862983,0
4.544777590943908,-0.04558358581638182,2.151942221582269,9.298252741334315,0.9177764622832044,6.613768079852792,985.9982914741363,33.51809663146663,0
4.18908986525678,-0.21802098622072794,2.1603052780556276,8.526182032240992,1.9927918471317032,6.57330834019519,995.2505675161365,32.383506271337936,0
4.46552514972245,-0.11721404954126946,2.150102664154373,9.022112316469533,0.4890095108139863,6.402297954067069,997.8774038609686,32.386112980054826,0
4.640546272948738,-0.5150333968853293,1.839056447067698,8.22155168428479,0.0,6.2900289260927655,1036.8887092501257,32.29315494005675,0
4.550030974282142,-0.1906749128101014,2.2468312875445893,9.391743702157699,2.0434869742293555,6.847404150810172,1039.0402299266952,32.36502177754835,0
4.572415090819055,0.03480008317316072,2.22500798861897,9.625294623926472,0.926602626049439,6.4779433477658275,999.5731061242973,32.69344154062495,0
4.628466372223686,-0.15862290550050132,2.04713278895402,8.613454967010597,1.2788850610708267,5.851396673315897,1029.279446138658,32.39408216366277,0
4.736020756565069,-0.5780750352204546,1.970880147662933,8.852462559611565,0.017390766856100803,5.996919865062377,1081.86193706352,32.3308014428874,0
4.297745198495605,-0.2819380402287439,2.0538389768157512,8.424455594740643,0.436940435947787,6.620209031334861,1105.6608430631243,32.3913868651412,0
4.590679082726311,-0.1980232542221639,1.9295045661642634,7.978629182862361,0.0,5.635054141471828,881.902379346516,33.69479420270878,0
4.094076032771771,-0.007282045250623575,2.0322443277672138,7.836826922955451,1.9408546463633873,6.6208499109077055,930.4166128736616,32.3709561374214,0
4.80357798088646,-0.7518057342341109,1.8062801826253352,7.989199746915411,0.37447090064576877,6.655298504013512,1122.7287163040473,32.56400926829214,0
4.413094705916982,-0.2548652748362873,2.0903790515599447,8.800226878993886,0.8353036077734457,4.429458116192558,947.25359187045,33.25268241745624,0
4.472135513538851,0.6427234810363353,2.260653887453392,9.457271579335252,0.8359071634245793,6.924806012171696,1014.4244608321945,32.43722501693154,0
3.8023930117567826,1.9123089257832402,2.382728215788494,8.49905389504486,1.0767336759245272,4.380493907183056,629.2159130939417,33.11137747811828,0
4.509303964464396,0.6418544530507294,2.4868149513349094,10.957652852176711,0.580880174722256,6.796967876855396,1147.303210057497,32.45657907168761,0
4.081395624505717,-0.5073089645331808,1.8602367050037256,7.00442927086093,0.3559799351672572,5.5707053741859625,901.4299636300425,32.50147078401877,0
4.4306244154002155,0.08460642683355228,1.9688446966197153,7.919324523078635,1.7168345139962178,3.5717408682831526,816.6925214152061,33.37039457132462,0
4.565976931757589,-0.285532891319176,2.155066708319174,9.404719545841035,0.6366310819957662,6.804035063647272,1071.8472426069673,32.31411519779542,0
4.47976445058691,0.03184929349221498,2.2744562802598707,9.728897854538904,0.2844877379494927,7.384870213083054,1050.912932584178,32.75251094641959,0
4.527126900160736,-0.1931191776527458,2.076055889003271,8.951854850143615,0.3543068533252443,7.270778758707725,988.7610397355174,33.80747156655842,0
4.441229434691845,0.0035524883316605874,2.095782795967592,8.722600260738584,1.7806563966565192,4.261665027055118,942.3958452456519,32.39092143862,0
4.717971182018868,0.34114588250082867,2.156994100425626,9.197823926014719,0.41197393451089676,7.333652699552463,822.6606977711606,33.24583991505959,0
4.143655402670902,-0.150515255166294,2.1090862823386662,8.255488981110567,0.4178726371327832,5.226218134391416,925.4701340933171,32.43601151587789,0
4.711304985534174,-0.7672097411829968,1.9980935593703095,8.955910659307477,1.0365776228152739,5.675241360258444,1096.9515379529312,32.55130385885152,0
4.570177120528584,-0.5303702737644419,1.973708162970834,8.155789692479184,0.9529496211959889,8.271179232106354,1029.6332535066979,32.616674947340115,0
4.522768176812567,-0.263679126802049,2.1293286391998847,8.956220566130817,0.1866877074138765,5.491261807110668,932.7428848704164,33.50923181187917,0
4.397869948031177,-0.014822011022881974,2.094145448673668,8.192704519227766,0.34530757471696805,6.475472995577938,997.3844228054056,32.36708968642136,0
4.739815821947716,-0.009872058013415055,2.180375347663082,9.824788062724181,0.909153712304703,4.7886818773946835,988.7644739783668,33.81395394373992,0
5.504066761809739,0.7204134712096226,2.6952026876365776,14.21662382454965,0.9988455668597961,4.53212945539068,1094.5017276304623,33.42705476774055,0
4.56476502980222,-0.694868803381532,1.9794195892131528,8.645200665969423,0.8486240715862191,5.151146202145657,1047.888924578355,32.36705228975676,0
4.812134764785752,-0.6991896593125286,1.9204730520592586,8.496330465697204,0.9613500891363466,5.819099244022406,1044.2879594725218,33.68705171402572,0
4.660511016441195,-0.2503119905045484,1.893434181343708,8.513642342019168,1.3084394825361658,5.7974280892178225,1014.9334667024543,32.54993204766484,0
4.163140394422825,-0.4832773215466066,1.7048111752112622,6.564081638517241,1.7795617102446841,8.768960612074515,942.3413913070967,32.527060798870835,0
4.584467480080278,-0.9818701767281209,1.8284857712271114,7.5637671582772406,1.047653949077084,7.21392708572563,1036.9666704491638,32.43271140102538,0
4.448749172264189,0.16056770735214512,2.0475797181137927,8.283523317555913,1.27189969125594,7.496454431383326,990.0136428573255,32.370423512156364,0
4.282730816092105,-0.06670881049760133,2.0870319944066456,8.500410668402509,0.2029971264247104,7.847944050949462,1015.7563949312679,32.38889235534431,0
4.976643787812532,0.3884661092880008,2.0977422148745632,9.222375134145212,1.3328970610485493,6.5989141515513055,1037.3476361803396,33.62583532772966,0
4.535887359940271,-0.18707209454018708,2.081640613817859,8.944174639039797,0.3844822308085982,7.282431923558698,994.2171178669859,33.80582082766758,0
4.183263570641184,8.077657711800057,3.5528565097390756,13.963655087249151,2.4949947910227444,4.250871004497257,1155.7860982399955,32.435071497565716,0
4.996478757092241,-0.22584604574920064,2.3156622010807766,11.26541966136786,1.099959552834435,6.78295974174862,1182.7012357968156,33.80824760003655,0
4.301828902512782,-0.03862434325039694,2.139335014856564,8.497114211946345,0.004487733844383806,7.052940281710449,1112.2275689872456,32.35231350668208,0
4.490895581777052,-0.4140542011683084,1.9461113012987077,7.845047645793053,1.1106989215092444,7.173704282453993,1003.0742664776874,32.43440830124605,0
4.747787851287352,-0.5329480087658206,2.071832921471268,9.109437338643646,0.03600598680072272,6.198379372040263,1107.9773894019545,32.634328849668286,0
4.501062645425778,-0.6141976451865085,1.8873213025155693,7.970653840988991,1.158489850509419,8.801523793935681,899.7011408527684,33.184688296854894,0
4.7402196563036725,0.27749037107418667,2.4470224368831994,11.080668232676624,2.5975247545488647,5.196399369847062,1109.3434051933361,32.4036176802016,0
4.645205232488877,-0.15523219711275427,2.3041324486611106,10.4846408810054,1.112820398160252,5.297896814938036,1040.6571085631379,33.73697895963832,0
4.822982342818246,-0.16126750865582729,2.08701502909257,9.434181753085754,0.2966134044792996,6.454049675717641,1165.6445119154096,32.492245562490545,0
4.423064753856012,-0.8839588600069241,1.6739646354243363,6.86580754269378,0.27891985195226815,7.321591598353327,928.8436861268665,32.42834000558658,0
4.49869224522224,-0.308306398814063,1.922026277753584,8.3877301808753,2.2686329116874058,6.50823734810292,984.9663051954861,32.36924179659141,0
4.409806364318911,-0.27376310864910014,1.9638003980608514,7.418711815970591,2.2608396712698213,6.863564610474497,965.1707651507214,32.43063293471274,0
4.5311386655129295,-0.4254324256098088,1.9970266376737402,8.485950921004529,0.5378359764430651,6.898645852081316,1031.927169998409,32.68171430849422,0
4.586416897649539,-0.08506505397502882,2.135824922548698,9.278733924011743,0.8177486386215189,6.8089419093966,1050.8094533503604,33.49189534063633,0
5.123346634597505,-0.8411009580755162,1.8181753155834213,8.759207839271292,1.096434762278522,8.120372546598587,985.1466735778555,33.12246616860169,0
4.575653012377538,0.06410735963222883,2.227962934023066,9.587736578148895,0.901516562760684,6.484861314073358,998.3455668114007,32.69931216110799,0
4.806472900684459,0.06313844454854844,2.0095485851687,9.07610496701237,0.3006346024479935,7.399521517987853,1126.172937444164,32.507407853433136,0
4.807643879829887,-0.06942483776735629,2.0447271404786482,9.21825910364369,0.0,5.99895988443932,1072.067071324355,32.558254150588475,0
4.622866009255461,-0.20215255273390162,2.0515397338605132,8.58525242908152,1.2658764847311723,5.872394027584861,1030.9382148206612,32.38282507693241,0
4.590208335504153,-0.49564080822769907,1.8555647738027279,8.17489744367941,0.6884477999213879,4.1593742696261815,896.6733163764494,33.06908164305952,0
4.527827909790785,-0.23146282669846135,2.143271809762719,8.927360533668978,0.9324533654349744,8.15730029590864,1068.6888107881166,32.50850419978671,0
4.688693809174923,-0.4673911206264204,1.9819304596433032,8.859877615864496,0.5164081353002321,8.091281620672609,1160.0793654666459,32.50040764660455,0
4.8554011464224685,-0.8147944328359901,1.829183954223941,8.122582529849662,0.6622025839694198,7.455344820381031,1162.2701429807807,32.566439863480845,0
4.693519202688208,-0.18224109984897813,2.1386155004354537,9.699875200884527,0.32569846943897035,7.379924416837869,1117.0550670158318,33.40122132064389,0
4.789502071346232,-0.6647063899248966,1.9139229027360718,8.523582466696666,0.9484058419106901,5.869864892219942,1045.1402178415783,33.681870576526244,0
4.406428377355351,0.0021700665300528003,2.099678462923668,8.249311634410777,0.3415955726691084,6.439445726824279,996.741266945228,32.36615212460706,0
4.533403513704765,0.016152551966739585,2.0730334629422322,8.91934178082614,0.8733165539644043,6.673683679532378,1016.656702776221,32.81714242195514,0
4.468197754702121,-0.5891150857976567,1.8895711471242642,7.847280168094096,0.0,6.965526723364021,1010.241352858963,32.50576230019192,0
4.8117465415111855,-0.04644637764651086,2.0395479757680595,9.219915353667048,0.026050727035363118,5.967383395091844,1072.7244020849125,32.55612067499303,0
4.545507128205649,-0.18601799506246428,2.2442581518343516,9.399416604328355,2.036912887643528,6.863346666685279,1042.6523710597396,32.37335141499208,0
4.57244997458429,0.2006001666949886,2.0881654312084943,8.645840563931566,0.7726671196323416,7.957099204560476,1036.937326819054,33.767343392975775,0
4.229951503769647,-0.7959667240940912,1.883416688968063,7.550641463083673,0.00226579689076435,8.077588607208323,944.4485246751868,32.488964905049144,0
4.499932342226971,-0.29491701405944976,2.0052350601264957,8.160674563530755,0.5046430811263587,6.30092907812398,1024.8974135682254,32.29657016984096,0
4.138877245627692,0.45551496505605604,2.1779405591689835,8.413338078135759,0.2758811083443632,5.4274748685183365,902.6624792111292,32.51291094966972,0
3.9151024623636452,-0.6897341021400014,1.8229325762392286,6.9470375692761825,0.5846853644541937,5.24660707126644,703.1582902576502,33.05718116789304,0
4.207361448477285,-0.5262809371475669,2.049483516957132,8.023340330529305,1.9321309758009926,6.747669305994069,953.1228558933028,32.389245059230234,0
4.549485864341231,-0.04768827251277259,2.1549903210319163,9.360735882001562,0.8922275286562628,6.6713014658414265,986.4227611360873,33.522052084149784,0
4.574909261692874,-0.6335579195922562,1.9896353016018369,8.253361012948421,1.5993238987572465,4.756707909376025,915.396654147101,33.3913883863612,0
3.904647513286765,-0.44976770397331883,1.7699280981916043,6.268584952255555,0.9016374617403479,6.631423923858196,851.4850769949543,32.44502092804899,0
4.11377676437624,-0.4247084641165998,1.8640669929073836,7.278692052494354,0.6842389496802301,5.308267758854808,943.031404632499,33.50190866516003,0
4.510003018286992,-0.20472761942774803,2.1177962117712568,9.012037603367874,0.2925185799810419,5.89288046689742,1068.6920727071779,32.453251772183464,0
4.354861955515099,1.200416990108461,2.491094767018608,9.954510415971072,0.5764430728375877,5.880586407888785,1008.2850788758603,32.37826398004949,0
4.235990267579725,-0.20780379200382657,2.00046164287371,7.883437848119775,0.6896724607990641,6.916828970032516,1045.0515526744914,32.373195664156086,0
4.656072509637579,0.14712001891768145,2.203933216711097,9.987345481766281,0.4042276158536843,7.058821835440237,1134.982494336553,32.436730104536295,0
4.455962704930923,0.13598099739178832,2.053104589449175,8.339323531201853,1.2700875432527474,7.553944750962673,992.6642819164518,32.38082151878457,0
4.648601981466406,0.3687006569956384,2.2419373118554855,9.48540796884563,1.2761771830282898,6.012965397325101,1047.0181389346583,33.74921419422683,0
4.4688785041217995,-0.4241637921107389,2.085956425144188,8.614413959103429,0.6087575598493793,7.007916340710032,1040.5248082544313,32.309599411007575,0
4.400530889974765,-1.258318507787814,1.8178628965771368,7.59851825748758,0.4432351568145268,8.4335960141481,893.3546128825949,32.937723623951186,0
4.581531115336332,-0.16908672512709558,1.972870909630335,8.509780611127832,0.7518125556026346,6.975962851594337,1067.1999605985554,33.804480451465196,0
4.71198739931793,-0.7466308366371669,1.8806590023056269,8.006421809197343,1.8718031905876131,7.681973942075846,1143.4342363142232,32.569496542195076,0
4.562941087532018,-0.6345476480234922,1.8833089588236531,7.89920290837248,0.6288255425051298,5.488791335134608,1034.1114673206357,32.56438782448458,0
4.2369156467269535,-0.8144436110146807,1.8842149264079182,7.5698469251007445,0.0,8.075044822773506,945.8242654496214,32.491860266950056,0
4.112255099509598,-0.3010076244840629,1.952682149165081,7.650985643021212,0.2235883114874636,6.350331234900909,937.9106586492729,32.441957994415276,0
4.518412391993584,0.6145609070950707,2.4929585593872465,10.90248827094532,0.5704583004149077,6.861638734275631,1149.3707456884915,32.43529229710658,0
4.635873633917729,-0.5969813646544374,1.9738484411908697,8.17306269115299,0.2154911867527857,6.732999861815602,1007.7834358251425,32.3732764846625,0
4.336513350306415,-0.30928525753023434,1.9473806965291873,7.862016123277881,0.7067804899061703,4.098950958006257,902.9797875444199,33.38173809197122,0
4.416862977439133,-0.1225203689230984,1.9982732885896832,8.468353482976799,0.5362393343053878,5.935777470066752,780.5454668964938,32.621785446873055,0
4.144628699560007,-0.690222058124688,1.8338820946087475,7.329749869963812,0.19800777444384718,6.932628305997751,958.4147842086397,32.44097397235562,0
4.324285960747657,-0.6300488495748732,1.9100687063308779,7.388986670213596,1.925810288802734,5.827904764803196,1010.481264086584,32.37150076614887,0
4.86134364583704,1.8677582038416094,2.6802276986792086,12.382776944040302,0.7437894618294477,7.823684513888449,1223.6124853189087,33.8008446401049,0
4.312081116576955,-0.2741375167263432,1.944577527806448,7.770425039046545,2.164811092285107,6.1068027614755644,1010.7539635829863,32.382642306577026,0
4.6821997751132125,0.3103099099282656,2.3271024674391767,10.25536124378625,0.8214470507643382,7.088888420845125,1126.254532558867,32.507319034486024,0
5.014801406886216,-0.4050385765522995,2.1290288989674124,10.31599581828207,0.5770140181884269,10.317595070393988,1045.0480524274228,32.988659715567955,0
4.240383157511998,0.38593459156193266,2.2555029663039714,9.013533252371948,0.35452291497909927,6.690146834277797,995.5374542939302,32.4493779978872,0
4.668318797154423,-0.506272716286242,1.9633666196741137,8.940043475212311,0.7704572236852295,6.440295230948937,1093.868727615079,32.30441722790752,0
4.977621891652185,0.36113757740638636,2.0953488342807645,9.256481011125222,1.314692190296605,6.6131071251417595,1040.6289173958223,33.62021228106113,0
4.545731623495018,0.17989494564889535,2.2949289017396746,10.020468296016258,1.0819660424811623,6.453369712894234,1120.36289926091,32.4872244171314,0
4.142010435821507,-0.49800690382388413,1.6996605680389387,6.529268531483099,1.8016652855030995,8.777869035871145,944.9624688197886,32.496144459500314,0
4.456861272009688,-0.7668577401046212,1.9461954004437179,8.3950175873152,0.0038614124298096326,5.621882504994112,996.3116923792451,32.55553910688459,0
4.2246278017724626,-0.2218656324627722,1.9083299985832864,7.2740529581448445,0.8256479125100167,6.2896816146528804,901.1010480537092,32.50494870086296,0
4.46706347768123,0.6121875852816632,2.2601641021459535,9.487931101380745,0.8144710337553211,6.90945721480781,1016.7561372876626,32.4504598279728,0
4.805257379756373,-0.3317258931041449,2.0438816131985913,9.46716614035496,2.02730974323396,5.759557188262799,1086.7959020111298,32.5603848915282,0
4.094714188987447,-0.3940694038611437,1.8393982117826468,6.774563675355157,0.25336939296570193,5.7766488347792615,904.4070876329864,32.441213039382475,0
4.820688990463846,-0.14982021950724494,2.081120242709732,9.468252882076637,0.3191965344547319,6.448499960276797,1162.6966708030675,32.4971198139166,0
4.7339505533018595,-0.574231823963104,1.8907515563060764,8.11893406525169,1.7667365835443383,6.307846874388599,1062.307681634754,32.600294339487455,0
4.603516426486184,-0.09418548039538469,2.134378209898578,8.919455283338849,0.0,6.2235865892019095,1043.9193078843045,33.75936954250854,0
4.661270515099485,0.36039147756762613,2.051162510552448,8.560106233827094,2.423783227587566,4.566293078295829,922.7293464598603,33.62539582703069,0
4.517301544382907,0.15283706725704269,2.132770874571494,8.952343464939196,1.3269196607899614,10.333368472799256,1057.3461517541748,32.87838265045217,0
4.782253122550177,0.5407526495799723,2.5231746352482034,11.191850956650367,1.5698515434581817,6.662980190143796,1145.9428429465363,33.74888556787882,0
4.325925182613985,-0.6014969023075204,1.9955096130524315,7.778626563296951,0.7590731380566091,7.323982047456307,972.2809683754039,32.48402581358908,0
4.146678487032571,0.5233068607751923,2.1898591552786044,8.444902217877987,0.2799191272549744,5.415351588911443,901.6665900694948,32.48540721455061,0
4.5205577922728315,-0.2887968493443583,2.1251280138256052,8.894322658261329,0.16347722662348152,5.516668848726671,937.0258443578214,33.5062788559404,0
4.1820810558092445,-0.6394658053091757,1.9177544710208538,7.304595776155139,0.9176622613852898,5.562655694645901,903.3329989582118,32.501449693737385,0
4.573088299228322,0.16341543457444976,2.083763689904798,8.642368031977625,0.7378105934940951,7.930517772702645,1034.2721977608967,33.76726745298034,0
4.491321085855828,-0.6131766237270261,1.9101054459165039,7.892556054949976,0.7659393648360063,6.7729556752757425,997.2450869178483,32.314788930467195,0
4.244787797368584,-0.2577415158834704,1.9919822553859476,7.926717438003635,0.7074371540250805,6.900951099508481,1046.4754832853594,32.36149861063128,0
4.479753448472482,-0.43237258649578125,2.001499252027426,8.416016422486011,0.29395498636322365,7.158552617750037,1034.5898888407278,33.5565525974231,0
4.570588269623178,-0.6851377283204878,1.8820506463385949,7.914120966141843,0.6564182555127536,5.5354571416386475,1033.3570983472928,32.56865862267597,0
4.811684646981169,-0.7670618571678834,1.8680502153546397,8.54303118155934,0.47104726014941434,7.18801912752934,1101.812115056595,32.56925373698511,0
4.229799910274745,-0.3444175926054012,1.990560576043476,7.7920587209232055,0.0,5.950972540494564,971.3079534829388,32.437670525709166,0
4.4116199078932485,-0.27230631637960384,2.009022209495541,8.363108064848431,2.6203088728275006,6.80308751944153,938.0190255947718,32.432719745515016,0
4.526314335768464,-0.2178452596633464,2.076499279584456,8.932633567089496,0.3577648918863371,7.33008028401753,992.8986368661297,33.81073443145061,0
4.787540761722931,3.123222714657346,3.1009345864622073,14.235440131765733,0.39365875601588757,5.017191298117531,991.0436827820324,32.50378835646361,0
4.855038998816052,1.8486926530618937,2.675618254194602,12.378093200092094,0.7539088351409406,7.833544904211083,1223.9386181886807,33.80214259685786,0
4.56859651180623,-0.6187549157768966,1.8831780519728525,7.882501689606888,0.6571540186145631,5.462900855924783,1032.0989976348556,32.55594415798468,0
4.861251248640583,-0.8648748874665355,1.8359274440722275,8.113095575971009,0.6482750757846492,7.448240474211802,1164.2033491447612,32.57130989569498,0
4.362811986652471,0.15238115584553896,2.206482481384634,8.693958583361725,2.2585602933741753,6.739855097330188,962.7414897861913,32.44800725986657,0
4.528297185076662,-0.22568488028357042,1.9388654802931202,8.336277542638545,1.2949276901170332,5.5581544970479015,1043.927320575439,32.30061503117487,0
4.341953466100504,-0.2661503868961071,1.847272854754708,7.65901837256828,0.6921845462758198,5.344325638392047,1027.8086263731443,32.43502183059666,0
4.110518092413079,-0.29736649315380853,2.0910566928988565,8.469936539567511,0.45153275148397615,5.9505359340453365,1029.7347995379446,32.510699604650654,0
4.122558518030996,-0.049753354751108175,1.904836240508886,7.6519839259711615,0.48563759196264283,6.716299960093921,881.8071751425513,32.462279541695786,0
4.378362697668368,-0.8887851650734991,1.8051734703768831,7.342960726793736,0.7959710866310891,5.969097200106039,1030.032997035424,32.37592049057632,0
4.559707776439012,-0.5934584019821232,1.976281251406116,8.201190371527673,1.6095006080501277,4.764153392137873,920.0109265298546,33.392197564780346,0
4.766925642165958,-0.4668401182242012,1.917550887944497,8.533804906224251,2.040193334349724,6.793176414654411,1045.4418340661753,32.368529710646044,0
4.726577296752898,-0.7666396245666968,1.8126080118036394,7.8004974518697505,0.37578068013581384,6.307186462997928,1056.3954165380374,32.49175981839815,0
4.402460404255448,-0.369613647769799,2.033172229479399,8.124014709304037,0.5924054176234996,5.622750254299504,965.7377393475916,32.31974790769516,0
5.109182829979111,-0.39395230084638205,1.89489828362349,8.603677632202608,2.1656501333488127,6.655760043093118,967.3747121716502,32.88264107780154,0
4.693062977015415,-0.6879935400726472,1.9846585822928235,8.679337640804203,0.5188129737880421,7.2234864060640405,1073.582009888775,32.3843146084731,0
4.637903862399916,-0.5391447181919008,1.8414182750651478,8.245596856374569,0.020759207243944675,6.23598159819899,1033.0804940051391,32.310971221578015,0
4.126237426690891,-0.12290584494552145,2.0018684455503397,7.494159637076496,0.39915705146485836,10.928947230972895,978.8337736241476,32.5004185710006,0
4.303519586537726,-0.2542421780816798,1.9510857371049652,7.740362117810914,2.158898184825632,6.107473363526191,1009.3215684522226,32.36416865300596,0
4.687988676721343,0.3522913331605856,2.3165729281214125,10.592778262085005,0.5007109963232776,6.977435479894959,1107.2787993919421,32.44318481250324,0
5.099776991911427,-0.415520973270055,1.8873721677730244,8.572602593537518,2.181836124047407,6.673521538870124,969.6613597761718,32.87080681021886,0
4.112447143220563,-0.30770716762229766,1.9525715072996486,7.667151214872692,0.2278455368154967,6.40096857812535,937.7882520867346,32.45355857813447,0
4.62419206180022,0.18045884070096344,2.1509627677932106,9.60524575540415,1.0387459336278742,5.497282797106887,1080.6884530147456,32.43963743931899,0
4.420612469175397,-0.8968789426767748,1.682150256842624,6.880547846227891,0.28466702251628007,7.3325008063337265,928.6608298941917,32.451201753126256,0
5.517021948524536,0.7009601559277503,2.693478149546505,14.303925021800943,1.010909301703776,4.513222950362091,1088.482329508363,33.43798537817176,0
3.3195856985618617,-0.4278740563302378,1.534705060153576,4.75276343435434,2.1592404093921584,6.540499121530198,620.879273985043,32.93904704462949,0
5.288871445005996,-0.2930662170597204,1.8888622433066649,9.008359930314485,0.944915595118294,6.659496110908152,1052.435821247238,33.38502183141892,0
4.531738170115087,0.236216270503396,2.055581955842227,8.606571498608373,0.7916439187348163,6.58517507296641,1033.3417726739326,32.458957668317886,0
4.708847151915489,-0.03434210037074681,2.0646767695258887,8.979360942794525,0.5741171446529074,4.003295395795946,1006.435184159589,33.56046140083656,0
4.575046896845607,-0.6564821154999578,1.875321711516271,7.896217709940203,0.6459000505425406,5.480624024425622,1034.7509023848145,32.55526512938374,0
4.626560321554609,-0.152558918109999,2.044195336235476,8.594768487513848,1.2739003569322427,5.847294109592308,1026.293765318402,32.37436329679204,0
4.73656628342654,-0.36122389092089097,2.1303044321296807,9.827575433049,0.7126900964213889,6.274114004985045,1045.9013645290488,32.55910673906656,0
4.565146949969198,-0.3722786114859877,1.8721720399771289,8.205038637221456,0.005561581520620669,4.98587539988293,891.7794729802246,33.80314750606144,0
4.776591966689549,-0.06564220442560081,2.054621529205672,8.98030438876261,0.4114381836142375,5.336819786757721,1056.0455005802069,33.75446183127297,0
4.522897299409564,0.18859621727432657,2.1307575167903665,8.845738382154968,1.3256258693491965,10.326553979012006,1058.5825123076609,32.87819138990265,0
4.360219498520484,0.2179978898752782,2.1396720340569972,8.75940686730007,0.6337723205276637,7.431897454075082,1130.6213455174686,32.430417966734176,0
4.422525903549854,0.002938424287606385,2.258813541830246,9.629061056821845,0.8230141130123675,6.167091517520731,1016.2335550582407,32.494255894556105,0
4.719024385110822,0.30083951349234533,2.0596709136399065,9.275931591941564,2.0959031229195078,5.519788282197902,1028.130784798095,32.54947495332281,0
4.716412848120913,-0.5723382323859507,1.8215850720123052,8.154301588796152,1.5311045423097318,6.63927035050251,1044.470009691115,32.6159695041181,0
4.661209266525229,0.3873997382591731,2.0504310663820564,8.554599978785332,2.4154740747230448,4.456246289997358,922.8568015430844,33.61750900499322,0
4.358476799595659,-0.4843531626674453,1.948847218941067,7.615189661605533,2.4828607303370727,5.347019353975337,933.160104062651,32.38810028366946,0
4.524171747961707,-0.030180568568998395,2.05562570122806,8.64546492730187,1.500586464402526,6.885698153759912,1019.9784379742366,32.4361214790965,0
3.454732761728695,-0.9844666315545072,1.548008086785889,4.535070539106079,0.6437056700405961,6.396661989307889,681.5500598773941,33.24117873748423,0
4.48022965049102,-0.38653298735204616,2.022525118723891,8.66491096473281,0.612341989885909,6.087910887752099,1014.8746053892925,32.32917931485663,0
4.740696771264911,-0.3044765811894149,2.12880490302639,9.735364235699539,0.7109074499254198,6.236671099516806,1039.4134367906183,32.56676307444792,0
3.8005855353572326,1.9647865595717637,2.3958519162711225,8.453155083401192,1.0536128749511893,4.430399924002883,625.2055308579852,33.10689118897351,0
4.611472495371052,-0.299761797408058,1.93740168611239,8.391518674480286,0.6931057593366893,6.517590639027851,983.8415983030574,32.54631147812636,0
4.656388817651235,-0.5436266883200973,1.979046633096748,8.923128800932846,0.7803820923404773,6.500101114158616,1092.9660260708363,32.30964159265088,0
4.508396961945855,-0.5675298290939149,1.8719916001608448,8.193751965168692,2.12270579324502,6.913388664968174,1041.5795435460352,32.37619091941856,0
4.288817402270643,-0.5601699590019233,1.7733307121427204,7.282372764743817,0.5998897235061889,8.276756701826804,870.2713878451044,33.24575022170496,0
4.657125739879805,-0.2750759683935601,2.015803185598934,8.848718900597994,0.4555323942685044,5.161734139663272,1014.7863706874737,33.756433515373516,0
4.367013761536078,-0.9406848759720794,1.8128449446483823,7.3187278988648705,0.8261386084620465,5.962835895274774,1032.9960017306355,32.38686989105778,0
4.4055155758590985,-0.3016882043949704,2.004804357275598,8.365129930420373,2.5800498676991164,6.83840307347883,936.3178496009187,32.44709366252025,0
4.723846074562656,0.27795491224171975,2.0586451291219157,9.296620121206185,2.121884097198567,5.563613451411542,1026.612665029536,32.552806047670664,0
4.6076630600074315,-0.6161523623031467,2.0215857728978,8.878396506213146,0.25839005273794113,6.848284949846244,1093.54962092273,32.313490451534605,0
4.402032213628553,-0.04280363996475211,2.126893668950424,8.692385736791264,0.7249766089349831,7.483260257406062,1201.7520235417753,32.45180781698963,0
3.4581672334149176,-1.0289555749410508,1.5449808439739658,4.536303749501832,0.6983644980710613,6.375071704937034,682.2603522636383,33.267084148537904,0
4.243642848674294,-0.3576166872164252,1.9878884055015666,7.66288427217456,0.0,5.984677970396523,977.7668502677407,32.444562869897275,0
4.420761711026844,-0.0958557699081996,2.0051037276156354,8.524230772144861,0.5217906111328731,5.973372150002759,779.8652949286409,32.62323989914466,0
4.550799398366516,0.30267047887496334,2.3828911162509625,10.301953663804559,0.6276687543709754,5.036792418069932,991.1270880060243,33.003293064629354,0
4.754437947561108,-0.003732777590729692,2.17530547753447,9.868151326362435,0.9219043679069371,4.782232836138053,990.1625300951123,33.79958589149551,0
6.1085614554688386,-1.2618810378119598,1.9004199697048096,10.345326213787208,0.3974366655953625,3.4061721906011844,1084.2478554488503,33.799704026825545,0
4.4085195427658865,-0.05533899977100046,2.116846086377189,8.641947558578245,0.7305485180826127,7.500933631915381,1197.657840164956,32.448267565683764,0
4.242564551994691,-0.2605565601694761,1.9108106396533977,7.372161045551924,0.8144478227193789,6.265040615228185,898.0473682063849,32.47330792571267,0
4.4036480201721915,-0.0523635429580483,2.1194529841870606,8.66749675665412,0.7367248869299027,7.470327477459688,1201.5045172122914,32.452822674832234,0
4.441236322714965,0.18237608713581047,2.042708782508778,8.341127621496321,1.2869503734289771,7.507115201295983,989.2441536115715,32.37736643099269,0
4.76218568573905,-0.4692523889526,1.9290474964721545,8.551300941141628,2.008001634430445,6.789995149230169,1042.7789277402521,32.39202932604722,0
4.4028167901527855,-0.04769320383941862,2.1190194632639807,8.687315432148278,0.7243290612110731,7.4373103536215,1199.6825586652299,32.437007637969906,0
4.181639997650464,8.059556578277585,3.559070331998612,13.937385559875587,2.4910102182591203,4.251093388314883,1157.1472779315675,32.431304486442485,0
4.670920292235582,-0.16601894237651474,2.1259566435909476,9.42968205199574,0.41024248834062044,5.462200278777733,1057.5729857816139,32.44869414832692,0
4.536804685575043,-0.3028038559161177,2.1726412098774572,9.64143339672123,1.043884959001804,6.800682736483552,1029.3226767181927,32.50637868761184,0
4.28320425802699,-0.012848854499718974,2.1435119210866667,8.58167797489351,0.029541163210944753,7.026173286746304,1110.6556935796793,32.371951156562425,0
4.756103547086704,-0.42856049528296725,2.078362225354996,9.778434519469451,0.888033306136151,3.696521540021109,1020.5804254762431,33.43416411904974,0
4.5514795357309294,-0.08142916280742034,2.004792563097778,8.6172612279009,1.0883159654492762,6.371277359559288,1028.7370481641778,32.498696015427626,0
4.730318790532792,-0.3778550934117601,2.1407712346354475,9.823981034344076,0.683326363480539,6.2522685801300915,1043.5043234542666,32.554373309282525,0
4.554279883321384,-0.3163050610221933,1.8635871654516694,8.233291929843048,0.006159400988186299,4.938031310892917,896.8550899460291,33.81178615088966,0
4.959872971254798,1.051301705637764,2.468296107377514,11.755236655733192,0.3139811519058426,6.456484918525618,1149.963867650025,33.82946746696719,0
4.543855639017591,0.615014239166385,2.214583236296938,9.397961523361767,0.28555633727348917,6.070164505408646,1050.7012392748904,32.44276679166115,0
4.657684541482978,-0.1465339787006325,2.1085477205802183,9.389837794327049,0.4009660901515594,5.466861531501903,1060.1508003896881,32.43669988927971,0
4.399000059901294,-0.028935926453514057,2.0905118733557795,8.137811376533783,0.33925454643691944,6.478737072368155,994.8227719807087,32.36346922841567,0
4.656274612695508,-0.4960629366945083,1.9683867884577115,8.909482698919103,0.7609422413497392,6.445669439183651,1089.674599423438,32.32032341399898,0
4.830295576128441,-0.15624819684341215,2.080565177553717,9.490010687091646,0.315885824297885,6.434788272673498,1165.8981950813577,32.492621784166026,0
4.378887868438527,-0.8932276031679481,1.8032371960607663,7.331544016981727,0.8296601908500033,5.958644098594508,1029.7090835899073,32.36953999277908,0
4.363000242725726,-0.5657772953466094,1.9434072356867804,7.642917154907753,2.4994832931803477,5.31651611075057,930.8128701385963,32.38180383937185,0
4.607055593936381,-0.7173770102287156,1.87639598653253,8.261017685238167,0.47924110807835507,6.498614031922277,1097.5473679127574,32.55257406686459,0
4.513099302523544,0.04285283445107414,2.0825644572773254,8.198468109810992,0.5574194263012443,5.048264889674785,960.3150732049919,33.30186534672998,0
4.424690586252922,-0.6472928128370933,1.8615359978841206,7.6333839386782465,0.6027055469776885,6.930982673290072,1012.5279018298395,32.43947968788743,0
4.537968217781229,-0.39334176938604315,1.9583041389487468,8.393136240449522,0.8993628484717943,5.815723487011076,1041.7230949129191,32.29768523560779,0
4.400473581667563,-0.11801804632292126,2.126557661238113,8.68448976203341,0.6793382163690652,6.353804511490658,969.7122252172209,32.43766620108564,0
4.727394971893083,-0.4179672475861386,1.954324248574259,8.705867336415311,1.2275699238741646,7.222977598215169,1127.0639252660642,33.80585718356853,0
4.729604826701399,-0.5010488788513444,1.8778113384605013,8.160613877997799,1.8065901550676773,6.311397638153635,1060.9145447280287,32.63915328315061,0
4.785380418875445,0.026389686722720955,2.1285990802817225,9.700189846688787,0.0,3.6952014281676373,932.7242681632425,32.99835084157266,0
4.524553157094134,0.018566385589782144,2.083723807480456,8.93457377861398,0.87162500217338,6.695498325450377,1018.6742387572198,32.8037006373518,0
4.627522829257646,0.07029802510374475,2.164954833962664,9.257880875215914,1.062988771933802,6.298807661308634,971.5979374485892,33.32479947686554,0
4.579712414342113,-0.5351157774619987,1.8891938341336125,8.510441510227125,0.4095619641114675,6.2931480352009155,1035.7549705495742,33.7506282396375,0
4.472572138376556,-0.32072988405389075,1.987404216767527,8.459794606871741,1.2852752299913304,5.568469053405506,976.8257830445173,32.439336647702554,0
4.378542346952024,-0.5442920654319422,1.9472715458264631,7.610936248380603,2.4891562976700814,5.265938579666443,928.6966258314451,32.38260567698941,0
4.613874008980579,0.3457473936775758,2.2151235999681496,9.286376219995661,0.9570050438845749,6.080769260502254,1052.27438120384,33.763915794643985,0
4.670913783194225,-0.6697068436767291,1.8715229691180808,8.315571947214995,0.769587350473437,6.460793058536108,1072.930802399016,32.56575784392536,0
4.441792724931031,-0.2890996121554593,2.05115934566338,8.178775706466599,0.3665936461985256,6.648154526853635,1008.0034116884366,32.39258277133119,0
4.4916086340172585,0.15403160839466812,2.1116179449090455,8.057059815842301,0.222786901823162,6.210752361472595,987.34453552303,32.44271385535177,0
4.643903616195933,-0.5839637944615848,1.9633811295740558,8.112445057580068,0.21948091132696965,6.751380472070293,1008.2230804819866,32.37730060654302,0
4.560670014053878,-0.0037124336063910357,2.18982726607426,9.26582362342888,0.15148699696790366,7.421724377584403,1134.5571665970017,32.450560036932934,0
4.759477153784681,-0.543519408689712,1.9146441753978625,8.526315530931726,2.0444249707203666,6.863985083625608,1045.0815482313876,32.382410339545004,0
4.769192335688994,0.14123023357053807,2.1197417667548666,9.702742432334395,0.4971639101214963,5.9816141183053,1093.178109317732,33.39116315176551,0
4.520765917642482,0.2066106755624731,2.0936806269597024,8.382713646360145,0.7254562727786256,6.470544799457101,909.5804837449684,33.5591359185618,0
4.728469974413834,-0.5280249866907141,1.8150544973642917,8.15055370148008,1.5211442160456408,6.66253358861894,1048.2941897007065,32.6230843664463,0
4.465367621677499,-0.4419715745246904,2.0038190815998926,8.031018199219481,2.0915570019183027,7.487183337672009,1028.2618464974482,32.37966815275564,0
4.816558415577288,-0.020576761082798448,2.039578843695896,9.200285057620203,0.0,6.041501226164422,1072.827945874557,32.56213634882247,0
4.9573834239168235,1.1006969896495447,2.46639789776079,11.769983169783508,0.3328049520214049,6.4435698410286735,1149.2475227207176,33.80710051033755,0
4.502826631888732,-0.24985990879686332,2.12941116535408,8.851870380972302,0.18300889362964257,5.513778257678998,938.7925899158068,33.50094384699249,0
4.750539363069434,-0.28346234905964296,2.08295808783953,9.026739999345315,1.7648163726883586,7.488166083417987,1197.096712216072,32.39406074071272,0
4.470800351062374,-0.42147634035765735,1.985842107828885,8.050165201344367,2.098067469535147,7.44781628952332,1030.0365949446957,32.39005692683437,0
4.479711368360747,-0.506964481070545,2.0049889653883666,8.418783844760119,0.2930776763290471,7.175695284963864,1036.0917744897638,33.54332694771531,0
4.544470681552733,-0.025039116519378585,2.014460904336559,8.746723135805128,2.0442600072117534,4.662191009067279,943.1330238785273,32.44675198241483,0
5.360892365676461,-0.42981963004466195,1.8290773101103,8.128530303173601,0.019053694404737247,7.980308553953598,1031.5666522511667,33.12897526551653,0
4.535041581273439,0.25523163404166477,2.0441341889463653,8.581657923040215,0.7727454650015962,6.602695957080345,1036.9192085507132,32.43334728377256,0
4.1975291405693,0.5149737709884633,2.2316954213188356,8.756056244437913,0.9761237122582456,6.797472153279951,1077.3947623507797,32.504883530234416,0
4.688478042844968,-0.14777820721354298,2.1389989729512586,9.68869254507907,0.3067528974255337,7.434820894648317,1117.9594053271214,33.383011249390506,0
4.968867401465,0.3742450693897854,2.096279572592046,9.272809739886329,1.3272347617226201,6.5546751732798025,1041.8418907722748,33.61474976262159,0
4.518748362692585,-0.20915602331521446,2.113407144717459,9.018556022123397,0.2796359933907812,5.93725272808358,1064.1935901010313,32.44871229107954,0
4.887597986561891,0.26089611698875126,1.992902682498747,8.901656946357193,2.479306383616625,9.46363148157898,1414.0371680339545,32.60491743456349,0
4.543877171078125,0.047946759047809914,2.145451268050928,8.980540440938345,0.2131452862229478,7.276971491746183,1007.0896235628455,32.38554823443014,0
4.456937216504535,-0.9592257480547512,1.9051113528097658,7.934390881132762,0.9397615888882577,5.561660190434549,972.9856924574656,32.99287487900954,0
4.2283523709835675,0.36454085435368777,2.248251481872315,9.050540001451596,0.3557479124929699,6.642621051539096,1000.745779484201,32.442308406407825,0
4.8102620714122555,-0.6841270895520172,1.7907350845901813,7.678122795766885,2.077918508726456,5.67378849240419,1029.621187115595,32.63054972876366,0
4.811443710385062,-0.06524018251361771,2.042477252878808,9.234867658938729,0.012105407384753714,6.002262115731834,1070.0219792356334,32.561816100684794,0
4.432893045414749,-0.2845953267350703,2.0439840125641218,8.167836612671854,0.3319070617351004,6.635104157609838,1002.2565961921421,32.370392766818796,0
4.509491991806255,-0.2436259155267251,2.140158676883308,8.905930141027136,0.188030082447185,5.48083009238711,934.18887096278,33.498263908180505,0
4.2838398376809055,-0.35194121914752213,2.0322358730914445,8.234649452507607,0.9307980016965034,6.872226962909423,973.7867787692444,32.449913051697465,0
4.277129292723989,0.45442207957651337,2.2860301299778776,8.866118069633893,1.6543468958620808,5.125227873735104,957.0907559574852,32.38051112601694,0
4.788148503532947,0.15747644752303483,2.1862193608571645,10.062277280127338,0.6997385547626604,5.279475426931415,1074.4464994190014,33.69826156411599,0
4.169734822683099,8.029005171768594,3.560990263924824,13.96437075165878,2.4816526951039886,4.253924370733883,1153.707474670009,32.43122924999236,0
4.562163004321692,-0.288539116250314,1.8841466076518825,8.204995004482214,0.003503624755195653,4.9695761594244585,894.7431458523596,33.810159751177466,0
5.117581138596033,-0.8844182667498691,1.813375283002605,8.770518128680028,1.13010432345394,8.080734370904134,985.0478726467136,33.11482825706135,0
4.648232403874015,-0.5739419990500693,1.9673160181291127,8.818192002137767,1.3187364826653907,6.253626991580425,1033.74826451575,32.610440779843664,0
4.64190158125445,0.27190223759262017,2.185308889300475,9.703640254005117,1.0109467042377325,5.262246889694731,1029.497175947581,32.45476492922468,0
4.313525010418934,-0.7579231543530973,1.8965426423753493,7.2532889041726545,0.4595718222763188,7.396796797372762,1103.488080479095,32.49927129580435,0
4.385419178369001,-0.8960102437974428,1.8140162120707928,7.288219584913661,0.8374787363733616,5.97274560201325,1034.1750307702257,32.36509132578285,0
3.9053007430312463,-0.41376912110190056,1.7640960813087263,6.270604319173765,0.8836778187734411,6.627132034061451,854.2375054114037,32.42248665052986,0
4.731882846820644,0.24074381192145872,2.0601136570617133,9.348198313202241,2.0912337181849554,5.589733262426965,1029.1432586717083,32.57489772041114,0
4.226505556905083,0.3908526714303413,2.250900227437271,9.047084446009816,0.3486827673971249,6.637748242651897,998.9244482939475,32.426739166245504,0
4.765126002935639,-0.2585861280064422,2.067406270336801,9.037501010951813,1.754403466241883,7.537715582683766,1194.2798284713863,32.37038002696536,0
5.1105009363908085,-0.8428313090249385,1.8113983068828143,8.821107455048802,1.126898131804388,8.10384809177745,985.4202872122288,33.1347247186391,0
4.684577005518511,-0.5045433084377445,1.988228446300182,8.784812371961284,0.5166987905581176,8.075756636879483,1165.4794790223016,32.503133547773245,0
4.4662478998807655,0.6412481279264496,2.2647768929707106,9.454177603923211,0.8132909201469609,6.928893738671798,1019.943159159621,32.42843113755006,0
4.542498678415936,-0.5147975279463347,2.052561428453637,8.898289770167816,0.8644139700173051,6.358306881411695,1097.672409505067,33.819006711406544,0
4.5032686197091145,-0.5871037910778386,1.8756041349036958,8.196919810347955,2.1369975634382654,6.920131900337542,1040.6892852782664,32.373311485666655,0
4.285363471544841,-0.04380040333787859,2.1231597493784053,8.532403720718621,0.0,7.052090961221834,1115.2908202778149,32.36932715003363,0
4.523306788023241,0.5194913906215101,2.2436695690780724,9.656996710750722,0.7500271343780215,6.857473053038431,1053.5442106019516,32.436915997374626,0
4.527175435279262,-0.3761234180922497,1.9800026132533728,8.033816834547926,1.4878716467613813,6.737716324178509,1034.3988707574938,32.38478782574455,0
4.60086465038701,0.3322205971475991,2.175670280219585,8.846090161490478,0.6036742196001459,5.693755097994978,994.255013536725,33.87474528461278,0
4.421727952230486,0.007092307352754242,2.26281013875807,9.646988774237679,0.8582827979054413,6.181869206487133,1016.815941219925,32.509142265845114,0
4.5400381858388705,0.18746446206178222,2.2098684249470217,9.583791179405779,1.5875418589599648,5.84922201414197,1098.3995007631572,32.368726189036174,0
4.399181163072756,-0.011620235816350605,2.12094067020316,8.66639961091827,0.7187352889181021,7.455672388586996,1200.4841316940774,32.45495591265375,0
4.118717451130432,0.0018924954177706003,2.0713913417608296,7.685137027958739,0.3561724738167059,5.819024308415019,909.8108617509704,32.43087727764604,0
5.507116131866793,0.7205412791186578,2.703350156260028,14.28095735354801,1.0229160220627938,4.533129677379419,1088.1024947016629,33.428853771610385,0
4.641136104241798,-0.5602604854330397,1.960319490565341,8.781847881254533,1.321919865694964,6.278292543422038,1030.7581382463763,32.60583797139419,0
4.456942553772905,-0.786758933030739,1.949951256495976,8.357263564617973,0.0,5.638136310214572,997.5522229664977,32.56030527707151,0
4.283450922390258,-0.34579696423701484,2.040498697621955,8.236010054936614,0.9407093722192085,6.816175746630336,973.4575093971677,32.45236816940807,0
4.230286949117423,0.3787166833410685,2.2424625941479053,9.078252806876394,0.34333571535599433,6.656855544942851,998.1155272852254,32.43559007763304,0
4.432335558747344,-0.062427344910054264,2.0287390635860802,8.197007641407058,0.010901987545706758,6.590148918548018,1041.4366948908712,32.319571414355515,0
4.508356196857864,0.20157031395871675,2.087617673314478,8.41332513420426,0.7248856610706982,6.517266371497012,910.797559514007,33.55330640024008,0
4.647481666890752,-0.17135610357851985,2.2978845219843933,10.44225418886162,1.091419551900321,5.281426329617992,1042.541674227387,33.748905026298715,0
4.944009733350798,-0.15631893207734812,2.1238938259288984,10.13441955633488,0.3612777587707253,6.662767769792316,1231.6221707673858,33.806997958578194,0
4.456587209568714,0.051305057272535544,2.3055007551940974,9.855278742805144,0.7052896752569254,6.182362308560263,1032.866902810216,33.69291492704777,0
4.695913293962507,-0.1904637040133396,2.146932623206507,9.68915777522461,0.29247282251588663,7.37928504140692,1117.9142131193594,33.37047410520678,0
5.649720750974247,1.2208733006528905,2.6309396046566853,14.192504809346753,0.5716854780308849,3.550582182360043,1352.7157359612174,32.37631532289869,0
4.4917410995413105,-0.5357095415853123,1.8885953203273191,7.993848063426295,1.15698420047482,8.825160370570842,894.3768828044865,33.17849091647357,0
4.454328011346545,-0.3800773920111059,2.082101661057348,8.641183314122918,0.610424993861287,7.024781022583254,1042.3445730345152,32.31563490765195,0
4.6783070955175425,-0.4730081465811319,1.9940320806303253,8.80622902067408,0.4956636781178396,8.097633300449239,1163.5985729547926,32.51534197455676,0
4.632983790354842,-0.38653872185276167,1.8990529845066866,8.47634000248059,0.6570766989717671,6.721544934045997,1067.8580632001306,32.3006195507743,0
4.532312913938616,-0.32563492304670194,1.9809089542744063,8.011395408777021,1.480730397218762,6.718256862380396,1034.1439552414363,32.377154891384734,0
4.357922964509718,-0.04639410036092402,1.9770268008925735,7.9579142005070445,3.1229611004628133,7.2060619024637935,1010.4134408193294,32.36718150109901,0
4.405622578435679,-1.2761845854557314,1.812539824391165,7.593863811526569,0.485547932567558,8.48386385934386,889.8151631020213,32.94517051650322,0
4.595164353704054,-0.07283782768574237,2.141560338884642,8.978660252682657,0.007913929101202841,6.241133667359812,1044.7121444451693,33.75231707654882,0
4.760699503065397,-0.3600556914879546,2.0082130742440083,8.650030591342384,0.5813832636294459,7.74612916657997,1133.849260723604,32.75177902837967,0
5.12113863447745,-0.8607976031690132,1.8263588058449192,8.785741656305131,1.1147421319244242,8.132683032896157,982.5579103129724,33.11121510594063,0
4.559941940477602,-0.5089153392710887,2.0624078991112147,8.907343300772766,0.879998601515579,6.382738039241155,1093.3164700545685,33.81202012924294,0
4.933355136823258,-0.16172120213310873,2.119429413913198,10.087075417131127,0.3703879465525395,6.70720318848444,1229.6466171550687,33.80500432914116,0
4.661069187014333,0.3920823257986932,2.2390177583876736,9.538310765059768,1.2870420052394604,5.993751808358734,1045.6162872858586,33.7361732432363,0
4.519471962774915,0.6093153079849828,2.487132545839511,10.905142682314342,0.5957476342901812,6.822482011124246,1144.6818470232593,32.454888292494054,0
4.486098668407669,-0.4192782733168384,1.9586035869574192,8.29585568155631,0.23686298586323545,6.0526167174458525,954.0110953336095,32.390080095198506,0
4.722506633964744,-0.43223936664505574,1.947754407966406,8.75291341237453,1.2122455590182513,7.236848211543676,1125.2888817533176,33.802670715796864,0
4.526980408881532,0.21878788565339144,2.05283631906812,8.561203717793411,0.7675433050637495,6.580880701996788,1036.605296665391,32.42715781849982,0
4.148509622406349,-0.6721882518836494,1.8199180557538204,7.333787444986915,0.18246589134208852,6.930866245811121,959.227625629695,32.44617936521127,0
4.387925498552532,-0.8808926093042838,1.8196793021156865,7.535498572940343,0.8734048214624023,5.7238292313573,971.7361749471845,32.30500941196726,0
4.4281910756823555,-0.3650735316638818,1.9896480009576032,8.271266527287993,0.41725884133735774,8.417244920987896,1001.5014687794145,33.68927890425782,0
4.647832852738388,-0.2234967076873142,2.017618447303068,8.651225503523396,2.0934481503479017,6.03234362906678,1032.4573691874598,33.75066875883264,0
3.9309284509940206,-0.5746384271524619,1.8729872609673017,6.886286418503843,0.1898247502704036,6.038284723376461,885.4498186628858,32.435898762991954,0
4.774614589676138,-0.6758955460362026,1.8837352856614087,8.390754265119037,0.608160990634547,7.791658249088404,1116.1907772092611,32.54964938894086,0
4.44101271855821,-0.18582731650460496,2.141957725789123,9.033023928472087,2.2048404873916145,6.340578125667816,1026.9597731648728,32.38657842023791,0
4.267137848751311,-0.7324271597188092,1.8379603242384608,7.05949323299458,0.36274032790706245,5.868270744939179,945.0041707867464,32.485482573994815,0
4.43764886775201,-0.80270337933426,1.8551072152092767,7.561156561284713,1.4478641855340229,5.614652781115819,997.0960591107589,32.58374919668345,0
4.661272845983691,-0.1338787661100683,2.173392731142272,9.525087528439977,0.30317575895285626,5.503807722839854,959.6299017770347,33.67642188944927,0
4.30245323055747,-0.28438825845353627,2.060507586155911,8.388989889100914,0.42242368359086047,6.590375323317132,1105.3272306011784,32.37955047012988,0
4.674150260291411,-0.2608860473378981,1.9080439786355903,8.49676401950658,1.2688471612818446,5.775443614075382,1013.5555489076875,32.55127417829207,0
4.5211197767375495,0.15385843181678713,2.138662306868013,8.874008291941557,1.3442038468403674,10.354609109892186,1058.682417576181,32.87301426299032,0
4.1883618084454435,-0.3935900198081772,1.8177695375797602,6.858657595994176,0.35989413682956367,6.91903150647459,902.0006014088992,32.437941016411145,0
4.728239668178937,-0.7273116909486868,1.914114221305886,8.427095364339692,1.8348130774463687,6.257094250284906,1163.1670780500524,32.56273332590711,0
4.765424667476515,-0.34599183819907064,2.0091948767752754,8.62215378237638,0.5560877968775231,7.6958290863391605,1136.4024983382296,32.75347327030388,0
3.313021023657053,-0.42015645019229436,1.5395048188002032,4.817083062232122,2.1697971926192956,6.54687993463649,617.6702530315735,32.939723529972724,0
4.488609414203245,0.07030152661945752,2.1077604325592056,8.144246369910277,0.19188615475146067,6.2512873482383045,989.148966839441,32.45909933824263,0
5.090451058908748,-0.3692659070892718,1.894489628304955,8.591829945688684,2.1733988387114205,6.635595649745662,966.4445718639814,32.873503613771256,0
4.804531875254588,-0.6758693598789922,1.9182375231509048,8.456219015392891,0.9704486526709132,5.825791825873348,1041.0580148230515,33.6716448276876,0
4.350554563063092,-0.3662867154093945,1.6619639719491441,5.941655487544168,0.22667090227296355,6.903261190749243,832.3921343722722,33.25369797789009,0
5.109085430212083,-0.8813493526796368,1.821337280046904,8.7612091301313,1.117953855827293,8.109879248781631,982.90567517878,33.111444633610745,0
4.756285168038218,-0.3318921974358686,2.0804276320915553,9.028442242519752,1.741630952866718,7.52205635687352,1193.1845227121423,32.38112268593527,0
3.9664475646730293,-0.9409528471883295,1.6597749780860986,6.035600950460702,0.5203801561236183,5.727695177442059,905.9646281058127,32.45231412287741,0
4.156240603217478,-0.47472511422054536,1.696646011001942,6.56793981695272,1.7940117314326585,8.746134753966174,942.9891479496654,32.495463939188454,0
4.697932430917205,-0.3544706918491663,2.017183504418088,8.53600571042455,0.9028480961916758,7.024196119279782,1059.539658266154,32.37572964166828,0
4.195651497345708,-0.2504709710564903,2.1593131005960653,8.48322393238861,1.9631236304336204,6.615844810888568,995.6158435359503,32.36616051361299,0
4.4008709319440875,-0.36097157112079997,1.8098146724388229,7.829744896689697,0.8772517521917785,7.4868192186573035,992.0362997938595,32.42742643031576,0
4.67229423441737,-0.5115514372021176,1.9754775001182039,8.951977478028763,0.7848113297624233,6.491439233162556,1090.128459213693,32.298910329835614,0
4.542021379922514,-0.3348611094810998,2.1829046852018688,9.686501989442942,1.0535884508257332,6.803002568071197,1029.5015229976996,32.49570644226693,0
4.4367963718136165,-0.24664720701186738,2.1406287641887967,9.002754253849737,2.2134156058771692,6.354457637974114,1027.5602398066278,32.37360569775349,0
4.198762836483473,0.06689031940384799,1.9760389670097782,8.17962201246345,0.4795614527014989,4.84846275496003,960.520219741509,32.42411570282425,0
4.592829029679346,0.8785888505592829,2.222387915002054,8.957452948359903,0.47650906690167,6.195019999901397,1051.6917514132176,33.74744009451076,0
3.960267660699218,0.5595803975927031,2.201494503341545,7.853742326731217,0.16833461619706347,5.824997603801695,861.4400434685252,32.44803372685052,0
4.229052916418173,0.4494895001319913,2.2446059470527073,9.080693686207367,0.2978597509072397,6.640932450521402,996.5632166535756,32.45901900849851,0
4.585131798831325,0.1269910312671358,2.072551580103571,8.626402097566588,0.7964431857564221,7.968934296146538,1036.3687241178554,33.75774049742505,0
4.72347559102823,0.24555338167823754,2.066529456019367,9.28351528567129,2.125839187511523,5.552669505726948,1027.5257689949426,32.55915475145754,0
4.323514675049788,-0.7939883178835486,1.902380659244845,7.2768474173504085,0.4499162234776078,7.378015279059014,1108.4878449490463,32.49458177429989,0
4.528855532236296,0.06434874993686279,2.07492204052926,8.960678102979998,0.8626791952324603,6.68147815790846,1012.4403050844107,32.81409143231885,0
4.516281988490883,0.19926275009648062,2.0951109307872238,8.381452715734811,0.7255891585036593,6.483080107767188,910.7287251189221,33.56643091095873,0
4.413349186671014,0.1255076649753066,2.0711606763190695,8.249703768992193,1.0401724477085146,3.9042671677006417,751.7390782785687,33.05882129874133,0
4.3609576342216325,-0.46052394752513004,2.049663807658097,8.431369103413042,0.18862999828669869,6.906133835918609,940.9826840669398,32.31558587245936,0
4.3895172268425515,-0.3781792615086572,2.067875085605069,8.629715977275248,0.6168313570166265,4.575960990550975,916.4570067448805,32.45831364592007,0
4.231910755027585,0.39905550779047366,2.2488954172206572,9.083511029422885,0.3608424458908143,6.6621541000997135,997.604126618622,32.44265364570697,0
4.534519203336747,-0.20212116458160104,2.2377306404863724,9.399964047469748,2.0152184849908834,6.8157105276820955,1040.4740961361222,32.38608819617523,0
4.419689052615039,-0.019637660165153104,2.2629314481625378,9.598497835879748,0.8472159929532603,6.214874082432516,1014.3774405602098,32.48099348091818,0
4.744420635510083,0.22215632599198715,2.4363393160951548,11.098719741673996,2.584307562983786,5.203144018211764,1113.8345711879497,32.390945661440796,0
4.795175904510815,-0.3123061014873762,2.003151438028375,9.054452944452741,0.6860129118907167,7.958972576179586,1083.8267820912465,32.55218958241642,0
4.538537429244106,-0.3106536036179111,1.9832931983984938,7.9788024951648815,1.5009122627653826,6.66858204666515,1034.7225288854227,32.38191673807165,0
4.7616778622743565,-0.5928808826784432,1.9621229651872398,8.93808514815824,0.17913343743143112,6.888934177559885,1089.925139270283,32.55190055969556,0
4.461234651517654,-0.24707772941323708,2.0939365540342743,8.898753401501661,0.3462630789898079,4.880257159580303,964.3029590187649,33.29479826673988,0
4.529160152018181,0.2914004253889695,2.0550260630384853,8.578033023930614,0.7787163631294072,6.55457506465676,1037.4568460019502,32.42855014997506,0
4.364385537662552,18.84257698906116,4.3619078336838575,18.50031298410001,1.7581772693221986,7.429992143450925,941.6748752345485,32.429675892912734,0
4.6082919942301945,0.057426766967413195,2.0188631170476983,8.498009209085305,0.7154534686402355,6.422985426660429,1010.7701292845665,32.82054266654845,0
4.684594508450272,-0.015897441008577682,2.0316692059668515,9.083968859900297,0.0,6.68101017403598,1074.795768688345,32.57818435929267,0
4.304371156063444,-0.10392759242590545,2.130372493849827,8.555859465579353,0.019206445112440112,7.058622894700024,1108.9963400387646,32.37450192126205,0
4.30333877153135,-0.14369408722330124,2.0007134489368528,7.74699496541469,0.0,5.570778399676337,967.6556367756226,32.38310321445171,0
4.46024002988341,-0.23755695670162344,2.0906181530376946,8.876929882533194,0.34988740704341453,4.891986369775372,965.5126390760859,33.308302960594936,0
4.973911742476481,0.40405518843994126,2.0974571763550194,9.22894907178943,1.3439087790076347,6.601825872476578,1038.6721771379873,33.61665165956414,0
4.500968907065299,-0.43506848138113563,1.9941569712110025,8.511738961540246,0.5247263602452603,6.1510171640935924,1006.7595104343553,32.310521270674734,0
4.526253911248055,0.003998252923977938,2.085581517636884,8.913325242201703,0.8631322905611205,6.683584797967793,1020.3418598925851,32.8097290479433,0
4.355588307394502,-0.21499781869494453,1.9943408711670516,8.443881326434429,0.7937409579758334,7.622180708772066,1016.4187427027114,32.429718365665096,0
4.9154518780869365,-0.17508094705269073,2.03737015187891,9.68989034441313,1.8525883792842934,4.372770847690474,1056.5187011644407,32.9523400616643,0
4.5129173229041735,-0.41397849548021365,1.9634141262317075,8.386309722325597,0.9877232207752847,6.784353008130788,980.2889312353643,33.43821134016162,0
4.551308036992299,0.11514535556975414,2.1390293678899557,9.062682081016511,0.20234595263376975,7.319734911164031,1010.1374828932613,32.40083594519078,0
4.718620642384844,0.08568057369885942,2.1671085704632724,9.361258372738435,0.7012506399150716,6.170231835045458,1116.2914252218063,32.44844571789801,0
4.464839518111585,-0.06373019817402216,2.156486513054748,9.154935093325482,0.963135594761469,5.904121684911162,1050.2234299298452,32.38198861302832,0
4.756230198851395,0.05005572924752832,2.180832900527927,9.86877536457219,0.9106805286231706,4.757227627419331,986.7949655565914,33.8168981531787,0
4.352953643654983,-0.18680534135408783,2.0460927406956424,8.634766444115394,0.910276475321905,7.606011773818699,997.6308627757807,32.75738211971896,0
4.120308442752767,0.03288761971038153,2.068781887830953,7.65875093020378,0.3355377716297107,5.8053706233294085,907.185945437963,32.43075549842521,0
4.783018630240831,0.5230402417926632,2.513805704806138,11.170698001223712,1.5507601580314758,6.624023026858575,1147.8830378140344,33.745566614290645,0
4.9214727709641135,-0.9756562754616874,1.8444773946715656,8.783155640035902,0.0,5.854555491849569,980.8814468322736,33.06661488637622,0
4.897821451937677,-0.7014417277744607,1.890561345277291,8.868178300667614,0.9091148217455423,6.168807163130846,1091.225662464992,32.55498458270856,0
4.387169218027374,-0.8971790104213977,1.81460309418442,7.537080494295215,0.8788899175732018,5.794053732802507,969.7293796221531,32.300077045352964,0
4.189785333968759,0.5432647766420876,2.221452658319096,8.755035135491314,0.9912056942995258,6.811065956285222,1073.6061448081134,32.497893399514744,0
4.6358303496476765,-0.5301208649879895,1.842386778507287,8.295859625606653,0.0,6.238590744954001,1037.8936952503589,32.30696809199181,0
4.61276388201239,-0.7207862801224995,1.889011518372906,8.221163745228264,0.48381362659957927,6.532905712713567,1097.7527779889413,32.56275669624795,0
3.9445430479710746,-0.7549207401104745,1.844896098070566,6.5869784697152705,0.9803649521687948,6.457693742025127,850.5111943169968,32.43616978671257,0
4.649014444388059,-0.13949503785800946,2.180128024845336,9.638152952641653,0.9234934314404528,6.334943985644512,1034.2155225459155,33.55983236103967,0
5.250693328573621,-0.7359508744040313,1.973232911928443,10.263857806372574,0.21335398226114702,12.603694102973964,1043.9314320386238,33.0964384993506,0
4.637971923000824,-0.4203927374076457,2.0695888001374763,9.00757272095699,2.0992833845818226,5.962152624145163,1084.8148197098867,33.88616579432611,0
4.596574464964218,0.34934976320982924,2.1719088259653248,8.840213932922667,0.5913051039241751,5.724654380275719,993.4187068163878,33.883181991586554,0
4.12676438993581,-0.020352090372075117,1.8980087641732326,7.676727350700231,0.4993185614745131,6.679377527025676,886.1169219264121,32.45302780667936,0
4.7104592453997505,0.30784004602020404,2.156186097732123,9.185509025708146,0.41908551947232703,7.251161088264271,823.3983691008206,33.24291360947309,0
4.486796858229059,0.14790391940032346,2.252247412361054,9.47264054198158,0.5243598993386458,6.445732943258512,1051.281758431856,33.80582131679,0
4.232500610040519,0.10353703282454088,2.050568456530461,7.817127973369067,0.0,3.8158359269286244,662.0140189958423,33.20784525908551,0
4.108962037874705,-0.33830861989664096,2.0919774473426784,8.425012830995861,0.4383505579873651,5.965103296716143,1027.1030500339514,32.50923202165467,0
4.589608979162629,-0.02006562299634934,2.0272784288745855,8.785960413132907,0.0064685217992840474,6.349055556841656,1020.0505357016905,32.29947103923268,0
4.577635069651095,0.6018157119917392,2.121027398438251,9.118817828333835,0.8303840862757045,5.097727307351032,1126.6879174192184,32.505404823648995,0
4.489279173294591,-0.8647519058185722,1.9791685731627866,8.151756233923537,0.7003501482646319,7.001165034934933,958.6735194695146,33.31307144470353,0
4.662970600026049,-0.28311160310610967,1.8929551288022448,8.479654957164373,1.2817769364111247,5.788916044218938,1013.0972176623648,32.56289373419616,0
4.544414251812199,1.2466248623081704,2.3172600115335356,10.09509876964114,0.20908918438859928,6.501565016109026,1075.5584542036363,33.8074324763982,0
4.6827268257941315,-0.016786773728299842,1.9748437086160793,8.75402424629622,0.011728083044362082,6.590055295270834,1090.9046211159691,32.45303811108974,0
4.439277876172726,-0.411085292985853,1.9946630902638158,8.312270514645986,0.41125096851927634,8.44205854022347,1000.3649615964129,33.68120384827959,0
4.364350210641921,0.1295215491361287,2.1997952454917007,8.735397839629035,2.2522813814395994,6.725990776782685,962.831706976662,32.44525010500113,0
4.561634141730653,-0.625585166427073,1.9922772922047796,8.60795169959731,0.8105688574395626,5.165531635661224,1043.7992541363355,32.39454220810059,0
4.539703281939776,0.34726643508066796,2.3253769023914095,9.950811605038849,0.9192377780798876,5.172454130009884,926.302297515584,33.55659586403462,0
4.57502776087243,-0.4720385598311965,2.009527426867723,8.82021319311261,0.663604436872953,6.174407341214732,1012.3374121483482,33.315627460441824,0
4.909784844435474,-0.17899369747645433,2.050893960313583,9.692560314011185,1.826287097388647,4.3519250715689495,1058.1811608544397,32.92195392045284,0
4.802985469594378,0.05767640129932722,2.009492359849712,9.069583671878783,0.2993356501418778,7.38099594825642,1130.8351804352792,32.5051133464734,0
4.512802538814381,-0.45675589001388156,1.9642852425768125,8.363669334953713,0.9839186092844872,6.784621152539019,977.6023496834318,33.4531365570392,0
4.315673304162171,-0.32203448385742395,2.055215499379399,8.37878723026123,0.42956496731269034,6.596253802878616,1107.142788228806,32.36823060917668,0
4.42263002093935,-0.13751094392047078,2.013767147082695,8.17738837712312,0.013707070252086626,6.615992828905144,1041.9916968824864,32.30804074718466,0
4.450711120178265,-0.47421919424911657,1.952986209486236,8.109669466258428,0.16342603128803368,6.9145036187840025,991.5371057911615,32.36871345208234,0
4.233088773304102,-0.3002026148403937,2.000009826897325,7.951335010172686,0.705335477847295,6.938109486433831,1044.9844974324853,32.38779536632731,0
4.627710445868763,-0.19909718028986131,2.0512882533536962,8.586951596146816,1.2755443722524025,5.802808426827189,1028.0440168700493,32.38611331872992,0
4.549052660021018,0.3759422058060937,2.2641917417496886,9.945681295982387,0.5435922891966198,6.1369623145044,1010.9699824207503,32.45786573802267,0
4.501579795864746,0.22807333760517484,2.0704556697548013,8.356109716913707,1.754692570898714,5.176363519117163,1013.6319699262388,32.398044609055304,0
4.858446517154133,0.1830062214121826,2.061056615710858,8.964438462539338,0.0,8.744257769958777,1055.4592977762125,33.24631969217964,0
4.30422280208412,-0.16169555363672214,1.99259756550063,7.736225337115175,0.01526880638223461,5.5792536297988145,967.0765520603702,32.37323253533255,0
4.516084951068676,-0.439793567335251,1.9759392285118254,8.3413312482615,1.0063219738077513,6.793237234932134,977.6609623645925,33.425390709158556,0
4.377114425756632,0.05931176937184746,1.9620835149603104,7.655214208350877,1.6156011910198935,13.14650320211053,1013.5700705597171,33.118299052737214,0
4.6039154925201915,-0.6658800464618108,2.0321519844510503,8.829297881275256,0.2614414274307474,6.931141285306638,1096.7462650635055,32.316758793892966,0
4.64215978081003,-0.5513393072956868,1.8499588462987304,8.297843567843687,0.006129006260989486,6.3008968793448386,1029.6166770152497,32.31771317752489,0
4.762528527172574,0.1485381776367774,2.1239941496437282,9.678513231830157,0.48023375443149974,5.952828915651251,1089.1665048543746,33.352101571957604,0
4.566981995744551,0.05947660056866276,2.2230317888841125,9.595467401644125,0.9162837893689645,6.453397138136766,999.819339569932,32.687936568220714,0
4.2895501859078315,-0.03265984889288867,2.1420121702420576,8.550983426754424,0.006357748262941803,7.036252257859683,1112.97116584844,32.379556924813286,0
4.232968669221392,-0.18452724799983866,1.9054812047956449,7.299756346623199,0.8142568907418491,6.269190442942277,905.1464359193618,32.50302401322279,0
4.671429521472067,-0.2702770355790933,1.8995454232326567,8.49354296818963,1.3067256075121145,5.761392408542969,1011.498063359818,32.56064252109092,0
4.40821863324183,0.04392014061167171,2.1038911877968114,8.128963695421065,0.33970353783365703,6.445789433961669,996.4933890668772,32.36865752023897,0
4.256210048801232,0.37541029904187917,2.289821388663037,8.927568093387762,1.6699698637017828,5.112657632444596,957.7500668113207,32.3930567432248,0
4.621348755218926,0.20441005671225843,2.132215577760746,9.650197421414841,1.0385879221595788,5.51888618603284,1080.8827031346484,32.43540378651357,0
4.09315730969339,-0.4154216969772962,1.81856163784939,6.81997695741269,0.25909918029064166,5.748240123391478,908.3812755414283,32.441243111789554,0
4.347184941426564,-0.30320638525137017,2.062069526390466,8.309768425259984,0.02068906051938209,6.039170078170341,985.5646051192946,32.4927648534793,0
4.566085367728418,-0.6001881397230908,2.0265813611979824,9.062065276689745,2.355684814035839,6.858183369413716,1038.658995781894,32.359817048837435,0
4.679887584697576,-0.825571721315783,1.8925921353266946,8.124640869697437,0.7385715626786226,6.710901677924833,1033.7789795551091,32.5968003495039,0
4.667538446937143,-0.17033940135143805,2.1641729409043875,9.530468318120887,0.29014197949575377,5.526373481617614,959.2220718462963,33.68045920831158,0
4.58228745598509,-0.5211672382331718,1.8915014205079332,8.561520035860159,0.4055180163705588,6.263991092930626,1041.226657248254,33.75320771771347,0
4.768367247811795,0.025538602162947482,2.1000434201877307,9.518226739806225,0.6600511613988107,6.873398529747212,1061.8265743559402,33.52332464484721,0
4.32894982352053,-0.3373261471589142,1.9044866294492033,7.61035280439124,2.5146447591553556,6.157312598470718,963.0348082503147,32.366417672633226,0
4.636627771096485,-0.11055629804634375,2.181690341990945,9.711103798729491,0.9233268120580149,6.352151038618489,1029.7968316355423,33.55409386309218,0
4.963071684697603,-0.5729127634859895,1.7733094217077998,8.522949019087752,0.17241572656709198,8.767039085329417,1027.0979040309044,33.205559433110224,0
5.363110618382411,-0.42988258843973043,1.8246838831665775,8.12079552800709,0.013785191750970727,7.975669461906429,1033.8591190697375,33.113387702945516,0
4.431014595145383,-0.2868298441675651,2.0458748689932547,8.165929884444767,0.3466788073990673,6.626208658883826,1006.3813858153176,32.36716376098421,0
4.704305900853515,-0.6815498518956516,1.9574359740097966,8.752882092412971,1.429262926461202,5.952429421643306,917.0646185745663,32.60344459413699,0
4.741614286176591,0.290577912233903,1.9948498442935294,8.400699114840755,0.9661555359322961,5.5427138571435615,990.4045454601809,33.697731236002674,0
4.559653352423463,0.05803963271556349,2.198154087119432,9.26087018911038,0.1605857826990333,7.426675968991305,1137.87918133234,32.44539513149001,0
4.499980104320457,-0.411405687533767,1.9444090469447428,7.871167957774909,1.1135031792592924,7.18747683488495,1003.6443969359184,32.437463414715154,0
4.4358616504285,-0.23496109014195976,2.1431250742214036,8.996447016303222,2.2262887355431586,6.395399545599365,1027.198197009296,32.38327059323712,0
4.74306643662103,-0.276748207116102,2.0749021038671995,8.996691401974315,1.751448267240039,7.5363806402550235,1189.6725014893054,32.38240365497453,0
4.746376079906179,1.2038294182727076,2.2789453266566944,9.801304656697077,4.106392116400538,5.5657751864986444,1055.8223962928491,32.40898727752256,0
4.511886371897202,0.5464839852268215,2.243583487209827,9.68281533229087,0.7734620996459552,6.829025105487924,1051.5432772847973,32.43304575371533,0
5.5674519667011175,-0.740503281034614,1.7392415941968562,8.27760728382237,1.0520251863562358,8.106676533587061,996.2739802686139,33.248974454644944,0
4.536081208826396,0.06329812749098093,2.157277073214608,9.382355373978248,0.6880104326212403,5.410564658158623,1009.6534208057021,32.75265509049233,0
4.561864743930043,-0.6654946568695225,1.9865373480931658,8.589044964320996,0.8090545141904559,5.166712237331724,1047.78049876341,32.39720424112823,0
4.30194116395062,-0.14420142058726762,1.9974909642586023,7.767907664556582,0.006632174692530453,5.565266738172183,965.3576221443298,32.38119137660346,0
4.519239322672718,-0.30479487444988757,2.138423021984527,8.93060764074789,0.16198074348266878,5.504616027208287,938.0002549313774,33.50386662013996,0
4.640835786768815,-0.5572756203986613,1.9385461551097185,8.166114333635198,1.0361251815927066,6.602144667412241,1031.745727864369,32.566632337363906,0
4.585295059411953,-0.06829366807124976,2.1594452621702622,9.202949657740975,0.17936003486414387,6.16685487849309,1079.3655829492598,32.4478424684608,0
3.464672686549548,-1.002238471555015,1.5521734192298455,4.539331891843259,0.7081956921277971,6.384467565019628,681.1201216093156,33.21960499391317,0
4.647222687318365,-0.987387982720159,1.8952662461859073,7.96095246004644,0.8609685620919046,6.669102166091953,1070.5858596625478,32.81649391292939,0
4.7022823745956295,0.04691573560388068,2.1732793333244618,9.34681714446549,0.6875687301212418,6.196784786388412,1116.431690628318,32.45166963705187,0
4.790023595144272,0.512557609970943,2.513511461871323,11.140662529002626,1.5582615555386259,6.64314072383751,1147.8457845379955,33.73572330101669,0
4.794459615994444,0.21815515745555447,2.2216307976720957,10.08737340151931,0.7611264609719148,6.308301235033263,1099.5526927532733,33.750490885438396,0
4.505538445137955,-0.25725301784405863,2.1122899580324828,9.070261186335395,0.2871151347128341,5.885952529608396,1069.2447281186912,32.43771198672886,0
4.313186581276842,-0.18486155522849987,1.989754623812398,7.714660946586678,0.011387106956436901,5.558748565062612,966.9423864779542,32.39036077144257,0
4.536984102999755,-0.2569146563893351,2.2399149529022973,9.957383765484108,0.31164394493986974,6.19303851547272,968.3617010297945,32.44431141497333,0
4.851910663985719,1.8674845317940365,2.6129180618351677,12.306860960173195,1.3922847967126073,2.9085401790205596,980.0728295870205,32.44033849212146,0
4.618433894532543,-0.551888009767379,1.8175316026254367,8.139154753030066,0.21883867211998928,6.6078144657795175,1033.5112055785933,32.54802695526534,0
5.241775735115765,-0.7097086992451427,1.6829242788883898,8.34336296296267,1.220518575166537,7.590343427555938,1063.2688986079133,32.944704493662165,0
4.412142004653375,-0.2660122792703406,2.0122196653435043,8.354571696669197,2.5662103645675005,6.833114290999845,939.8254378086798,32.41467854754031,0
4.5587745814659515,0.603688581472786,2.2234308513688563,9.43040429583445,0.25599516952832435,6.0593075702272,1045.2975684661897,32.42952102023104,0
4.451600995091901,0.37021553207461816,2.322284591661302,9.654616705028449,0.9155414378738784,6.107769905626388,1115.003366613044,32.43936448416499,0
4.332226386106421,-0.5629392984777684,1.915543857982798,7.432332197149295,1.9614764425610056,5.862493324150037,1007.9940842131552,32.385752298462094,0
4.440775653332631,0.04801873060926753,2.0856741980070095,8.684457636422604,1.781567290705779,4.238113107238353,941.9238004048516,32.376170599100035,0
4.860614367904958,-0.857291696052032,1.8405857333655087,8.098115754502846,0.66620228035452,7.419078319631695,1164.4576642795257,32.57046979895809,0
4.572617808019478,0.8490418381664988,2.2163035378783564,8.927026505657272,0.44824027182004683,6.177667782939889,1051.7779395614978,33.740677072915524,0
4.574712553801155,-0.3138696769731892,1.8787495453597536,8.185840735777628,0.010249141528618005,4.910576115358516,896.6833471430111,33.81820895296397,0
4.368473141241467,-0.7391753511833713,1.9108063772284618,7.784964829867418,0.30437704267200194,6.647933674275991,957.5134973197253,32.686111119653184,0
4.744345336504783,-0.5327902639256731,1.884953882881841,8.522015750987578,2.0478204975366108,5.875802486072605,1004.9200573441498,32.38441164743945,0
4.709705375868656,-0.3551711659154622,2.0222706640629995,8.499899780490594,0.9112524392291305,7.086251181738985,1061.139474994119,32.38949858521743,0
4.322587219169919,-0.08202221731403468,2.1719916090676024,8.873005871343292,1.8862955158857861,6.4745642390333265,998.0975443020184,32.39014166064807,0
4.448754587001901,-0.5702356767916503,1.8703316226637114,8.130153400485145,0.8464704751021123,6.056942854731616,1010.7362745023239,32.81623366196965,0
4.522478025950895,0.20821130233166943,2.0905553967036066,8.421419297842293,0.7201794642244899,6.515609085065027,913.0149821946472,33.56024556117359,0
4.611012779182312,-0.7404825871826334,1.8847833860070655,8.28271072353569,0.4691880143730275,6.5272786163753675,1097.1657884099714,32.56929836290541,0
4.264864046996565,0.16748144669127804,2.2276638591982434,8.960098537838407,2.129213954359699,6.31966735001781,1001.6465971935824,32.382910690876884,0
4.432999109191124,-0.234788547498678,2.218424842313231,9.419232483550852,1.13607677110429,6.959025295300551,1015.7427121170473,32.30355557168065,0
4.437883716510137,-0.3099920310617274,2.0424533702515952,8.214521611293563,0.3488082306205423,6.5860805510144,1006.1814610337295,32.39884924127381,0
4.413787641547891,-0.4060313630455836,2.0415796744023957,8.101611098089565,0.6179488954209859,5.57184279370866,962.1136044918081,32.3155098151638,0
4.563204556272991,0.35029299391429675,2.420367448747868,10.576067896929725,1.3519052153970255,5.217757492177553,1006.6912175532415,32.30835763119347,0
4.634628794688143,0.11188509729505297,1.968739021171376,8.411132415246257,1.585442112352899,8.041393989055889,1026.1952754892327,32.88584091347795,0
4.536064001685624,-0.35784039675827756,2.1795706394357315,9.650458512665672,1.0533166527118751,6.779111177693084,1031.5538468988966,32.50548510644506,0
4.333509108754927,-0.11638367347454182,2.1806052811866525,8.9110373274923,1.8886466834615252,6.475193525711646,996.5901525324334,32.371821145379826,0
4.3384848393630495,-0.36518508235177616,1.9019317526103081,7.5740024754211595,2.5209384483347925,6.1719037005946085,961.3281822944526,32.373320016937846,0
4.390709637323052,-0.05894273338926443,1.984252606127066,7.9037000057172575,0.6691141957778962,7.017315957490945,949.6278335426466,32.384669925218766,0
4.781273182500897,-0.6295480809401549,1.8862185006358676,8.400391505953305,0.5835127396661844,7.804966675707987,1116.4821422041946,32.541043721819705,0
4.481224241537831,-0.5287042532015597,1.892761792080879,7.550709323063043,0.2742264072370704,5.733580950529598,988.9036513919515,32.42230742995931,0
4.550424268509169,1.240931449500832,2.336072138488164,10.064705415312295,0.20009021282404518,6.513510352425289,1072.7290568489311,33.784921518428526,0
4.814967070515129,-0.12806993506911069,2.0778031605954173,9.463881752154986,0.29419017341080056,6.3987835308831755,1160.0859635470379,32.50243257507164,0
4.563453403027655,0.4569793502271738,2.170119911548126,9.046720042937519,0.4204272584597807,4.812502247735842,983.2830597619223,33.45182844098381,0
4.1825346755860044,0.5009754859610147,2.2287850717757847,8.786121719707221,0.9856987750964534,6.804415301930452,1074.105985693333,32.49074409417661,0
4.267390728648896,-0.6320665334802997,1.9386615372830518,7.790420857449061,0.8411992782744618,6.276935711128048,934.0762334120727,32.441479086487526,0
4.391449479001726,-1.2177621747855185,1.82731436375106,7.571955331754987,0.4675937086979064,8.493321955221397,892.5066261522379,32.93659918995349,0
4.643322650546666,-0.5925130266422409,1.9718029624545463,8.828180155629967,1.3148302085099821,6.2759935757921195,1032.0005748497792,32.61090868979398,0
4.79425845534053,3.0912747151013753,3.102602774703684,14.216702999540088,0.3780467060560083,5.075322506603756,992.1597190808781,32.49543682291626,0
4.5677978923231715,-0.1734307922394373,1.9828697514844567,8.526554271557371,0.022325032841958317,7.802676435990505,1015.4517223130596,33.62002805767089,0
4.153125577372125,-0.2564627106467272,1.9599081053998115,7.895850263308349,0.9929553084446564,7.106530991111285,884.9674355327629,32.44246375717374,0
4.741256512140058,-0.5656980573868493,2.004641796414721,8.950101029631467,1.0639881326391532,7.052202466171291,1090.4504479440898,32.55435941418997,0
5.094674403866678,2.0823322861385813,2.915194199128186,14.412278692120394,0.23334112107267999,3.3857149877529698,1064.7521362191276,32.42663152320855,0
4.898409921997489,-0.7064766844991319,1.8928544780051086,8.811281033051907,0.9077356073086826,6.112147519681638,1091.462805675266,32.575820172348585,0
4.62923975553562,0.07192330885417546,2.1562536480593035,9.265927953816645,1.0807692122482964,6.321161558686199,973.6702205145842,33.31215150336263,0
4.265754172595027,-0.6415032188634838,1.9474920403388039,7.771791329929885,0.8286536342837318,6.258260940844611,934.9005592595171,32.44962004142953,0
5.232445132934862,-0.6886739941846349,1.6855132850552454,8.376989159481974,1.212230191810049,7.639521475294374,1069.3174064467146,32.94431245671305,0
4.6085981413344586,-0.6707352047382653,2.0294660098059008,8.945172373408075,0.2711177019903745,6.914182989446933,1094.6737608367644,32.30473056805249,0
4.6845379339479996,0.009160751995040788,2.037839874215623,9.1912983218162,0.0,6.693813037021215,1069.7397231309615,32.561497282921465,0
4.545484799514258,0.8373943195081792,2.2766828967023827,9.439918835022063,0.6294819413707416,5.900368607093087,987.8051054574668,33.74102097564269,0
4.751725509222058,-0.526550335352344,2.0038134003328683,9.000952663101588,1.0412919196539174,7.069662319377781,1090.8300979273213,32.55697721252272,0
4.748641228102278,-0.3149635443025436,2.0719632852978056,9.055807864497622,1.7441336044652154,7.53581839066315,1192.015895098225,32.378918748875385,0
4.402612248532658,-0.291806821507384,2.0181867284127497,8.393532797208929,2.6115090657009037,6.848176860938945,938.1403391500922,32.44453303772817,0
4.799520531509551,-0.3120183628536164,2.0380038397291083,9.481452627889007,2.022161749005555,5.7569301274807065,1082.0283944012187,32.565735599472305,0
4.629383710124992,0.006283245358296725,2.16648564447223,9.294813576097921,1.0593438905712158,6.273406003777523,968.5189324244355,33.3023169225898,0
3.968521060517587,-0.9208597956882354,1.6716743184308362,6.049498237210773,0.48962219973077764,5.748708432238523,907.8442392370454,32.43458307285683,0
4.272291877540203,-0.2695590085947062,1.8008804135402927,7.13676088612841,0.6149278522100081,4.9865606832466725,979.8790932939727,32.44610632523828,0
4.525306198765233,0.06451979212718764,2.0787551990881488,8.86075680060085,0.8697070426262442,6.686199635791332,1015.012473851951,32.807005910524964,0
4.579066788443428,-0.7451800684303114,2.0195453075085674,8.590224229627026,0.43364712029310304,4.674700597704028,993.6229784693121,33.43902218154947,0
4.610527512227499,-0.73564564105151,1.888036281882601,8.306319254748667,0.4868219042554068,6.503405576534862,1101.6872849673814,32.55833379075714,0
4.764410710863239,-0.23531568870400932,2.118138742589824,9.312878111368907,0.8581942065217703,5.4722916444602765,1107.8560224147277,32.62728060884267,0
4.941178104735031,-0.20788282902730393,2.116517655383746,10.10526352109341,0.37639355262530155,6.6378430274613445,1228.4022259972983,33.805745030667126,0
4.391265708216545,-0.9289194090809887,1.8094187170504992,7.28954206053638,0.8222115718652573,5.985440032000176,1031.3859186829532,32.389459094683524,0
5.513052161028777,0.6986106840261738,2.689906490868832,14.280223486660676,0.9925202952119182,4.5415963191404405,1089.9766287764207,33.430119108958756,0
4.501556896361075,-0.5770878426682585,1.8828385616854544,8.168034021787168,2.12701910840524,6.88491243051484,1042.3669015048495,32.3890822267563,0
4.791944368096575,0.22342436753962389,2.221291825071553,10.179572345655915,0.7555213706325574,6.354527151998939,1101.2434625007413,33.75032528698575,0
4.550250352952604,-0.6520695551023595,1.967665744274034,8.272935872966844,1.0229488996004208,6.47354704809564,1008.1918842171613,32.33422067507075,0
4.464124987271015,-0.38838460463886904,2.080484022621203,8.650904117458808,0.604051154533217,7.003862667570724,1042.2381470516102,32.299775473430174,0
4.592329684485024,0.17344934711873228,2.081446286711113,8.666160437895728,0.7685005940490819,7.931188298307454,1032.563335717415,33.74698378190001,0
4.13670247025276,-0.6344113076881495,1.8168955935184563,7.332221820137854,0.1721105159126485,6.947885342807567,957.9974098423553,32.430129564789354,0
4.501747955046674,-0.6805223727585205,1.8948125744354658,7.80830337926951,0.7548071885558932,6.793964860766905,999.0334574219703,32.297418389825296,0
4.238842495611593,-0.2813973693881397,1.9070531397718486,7.329076520290892,0.8101763769613795,6.247724546632306,899.9325169706577,32.506387780353755,0
4.423416671570042,-0.100363663639892,2.0037987426813664,8.486699107615763,0.519901373757196,5.9622138229394865,778.8605566001683,32.614944520274435,0
4.469058221662919,-0.228747363502677,2.085980222898458,8.883591435113235,0.33948450928812457,4.892196007266483,965.6807061773336,33.298537480616275,0
4.209539869301596,-0.5302086936317454,2.0437288492751606,8.03025114673134,1.9264759795970237,6.822690088104638,957.3876916762465,32.38795154625406,0
4.549702445593008,-0.7976752372536228,2.073253004849185,8.534030032686408,0.48195935731932976,7.036815502782365,1016.1862711800535,32.3004409922185,0
4.3652173484087005,-0.5138057538391975,1.5642621212647643,5.651504383401318,0.49649554471602003,6.799717552207162,773.2181444467122,33.40352681569098,0
4.131179219931182,-0.6374899173996772,1.990332634566944,7.35140881141093,0.6991768864106594,4.5594557485746545,811.7784153258978,32.50137206291351,0
4.418930725328193,-0.885147003946304,1.6739794758568514,6.89956621336977,0.30439005366617405,7.316916151714583,926.2414229194458,32.44771447700043,0
4.626071365802079,0.07152959618074288,1.9559983648344679,8.384672864936771,1.5973681927962466,8.075945287153445,1026.6232749029389,32.892127100181455,0
4.519062842295,0.8787959003869027,2.3949206089829507,9.75053332528649,0.43788308084850297,5.675381469139817,920.1313559264034,33.76151164067853,0
4.116808193735453,-0.20798747058396844,1.914628027362196,7.211399853005023,0.39436343025268944,6.687387515368394,934.770558686449,32.49713434043926,0
4.374758082559397,-0.4374539662823237,2.0631153252504144,8.559360288280526,0.6127066882507712,4.576908119148864,918.2302716381618,32.43413873696831,0
4.407181363886419,0.11124833339836235,2.0630886663245325,8.282249226565416,1.0575142609013142,3.854468123360184,751.8376390027425,33.06778772365893,0
4.752953744784754,0.02974958550954368,2.1685027295298007,9.829299094559703,0.9026672068484297,4.7486859895573765,986.5736421866093,33.796770150133845,0
4.786244977209117,-0.29277589795774916,1.9995895203507452,9.074028827640909,0.6936780358716952,7.966059041044444,1087.8632159844512,32.576849550614625,0
4.708305751914476,-0.6888210767727109,1.9926964879068683,9.025161095214486,1.0343147068670548,5.601456125092214,1095.338989333352,32.57392572085215,0
4.161466678863309,-0.395099724675822,1.7072967894174285,6.542511223421753,1.7890531874589144,8.749825288247433,941.326066656501,32.480603247835205,0
4.8161438062506186,0.055236718339148894,1.9979330222624816,9.055077919677336,0.2618310059138551,7.360730884146293,1126.0057430123338,32.48734398429754,0
